cod_mpio,anio,poblacion
05001,2005,2046341
05001,2006,2074195
05001,2007,2101771
05001,2008,2129336
05001,2009,2157094
05001,2010,2185539
05001,2011,2213549
05001,2012,2240690
05001,2013,2266969
05001,2014,2293601
05001,2015,2320791
05001,2016,2351077
05001,2017,2385018
05001,2018,2427133
05001,2019,2455336
05001,2020,2489955
05001,2021,2507620
05001,2022,2514709
05001,2023,2518480
05001,2024,2524747
05001,2025,2528343
05001,2026,2526795
05001,2027,2524037
05001,2028,2520340
05001,2029,2515817
05001,2030,2510536
05001,2031,2504515
05001,2032,2497704
05001,2033,2490104
05001,2034,2481654
05001,2035,2472359
05001,2036,2462190
05001,2037,2451127
05001,2038,2439177
05001,2039,2426320
05001,2040,2412557
05001,2041,2397892
05001,2042,2382344
05002,2005,22942
05002,2006,22705
05002,2007,22492
05002,2008,22237
05002,2009,22026
05002,2010,21822
05002,2011,21619
05002,2012,21371
05002,2013,21166
05002,2014,20942
05002,2015,20718
05002,2016,20534
05002,2017,20437
05002,2018,20368
05002,2019,20612
05002,2020,20878
05002,2021,20962
05002,2022,21000
05002,2023,21030
05002,2024,21121
05002,2025,21147
05002,2026,21126
05002,2027,21111
05002,2028,21055
05002,2029,20990
05002,2030,20949
05002,2031,20863
05002,2032,20783
05002,2033,20694
05002,2034,20577
05002,2035,20465
05002,2036,20339
05002,2037,20216
05002,2038,20087
05002,2039,19929
05002,2040,19784
05002,2041,19620
05002,2042,19476
05004,2005,2719
05004,2006,2652
05004,2007,2649
05004,2008,2656
05004,2009,2663
05004,2010,2655
05004,2011,2672
05004,2012,2668
05004,2013,2692
05004,2014,2661
05004,2015,2630
05004,2016,2629
05004,2017,2652
05004,2018,2718
05004,2019,2745
05004,2020,2783
05004,2021,2797
05004,2022,2792
05004,2023,2782
05004,2024,2810
05004,2025,2807
05004,2026,2804
05004,2027,2803
05004,2028,2797
05004,2029,2785
05004,2030,2760
05004,2031,2753
05004,2032,2753
05004,2033,2738
05004,2034,2717
05004,2035,2690
05004,2036,2678
05004,2037,2647
05004,2038,2642
05004,2039,2622
05004,2040,2587
05004,2041,2561
05004,2042,2558
05021,2005,4724
05021,2006,4725
05021,2007,4697
05021,2008,4679
05021,2009,4694
05021,2010,4679
05021,2011,4678
05021,2012,4649
05021,2013,4672
05021,2014,4674
05021,2015,4680
05021,2016,4620
05021,2017,4600
05021,2018,4642
05021,2019,4759
05021,2020,4872
05021,2021,4962
05021,2022,5042
05021,2023,5130
05021,2024,5196
05021,2025,5285
05021,2026,5347
05021,2027,5426
05021,2028,5512
05021,2029,5569
05021,2030,5646
05021,2031,5720
05021,2032,5781
05021,2033,5838
05021,2034,5913
05021,2035,5984
05021,2036,6033
05021,2037,6095
05021,2038,6169
05021,2039,6221
05021,2040,6286
05021,2041,6335
05021,2042,6389
05030,2005,27121
05030,2006,27308
05030,2007,27482
05030,2008,27725
05030,2009,27920
05030,2010,28132
05030,2011,28354
05030,2012,28482
05030,2013,28780
05030,2014,28888
05030,2015,29136
05030,2016,29394
05030,2017,29663
05030,2018,30230
05030,2019,30729
05030,2020,31279
05030,2021,31668
05030,2022,31974
05030,2023,32238
05030,2024,32595
05030,2025,32858
05030,2026,33092
05030,2027,33286
05030,2028,33510
05030,2029,33686
05030,2030,33870
05030,2031,34025
05030,2032,34162
05030,2033,34288
05030,2034,34421
05030,2035,34512
05030,2036,34622
05030,2037,34705
05030,2038,34761
05030,2039,34825
05030,2040,34864
05030,2041,34910
05030,2042,34948
05031,2005,22933
05031,2006,23133
05031,2007,23330
05031,2008,23535
05031,2009,23772
05031,2010,23986
05031,2011,24156
05031,2012,24332
05031,2013,24548
05031,2014,24753
05031,2015,24951
05031,2016,25194
05031,2017,25518
05031,2018,25935
05031,2019,26501
05031,2020,27066
05031,2021,27516
05031,2022,27923
05031,2023,28334
05031,2024,28716
05031,2025,29054
05031,2026,29394
05031,2027,29697
05031,2028,29984
05031,2029,30255
05031,2030,30504
05031,2031,30759
05031,2032,30980
05031,2033,31199
05031,2034,31379
05031,2035,31566
05031,2036,31742
05031,2037,31890
05031,2038,32036
05031,2039,32164
05031,2040,32265
05031,2041,32368
05031,2042,32451
05034,2005,41876
05034,2006,41913
05034,2007,41952
05034,2008,41965
05034,2009,42074
05034,2010,42152
05034,2011,42173
05034,2012,42257
05034,2013,42284
05034,2014,42393
05034,2015,42505
05034,2016,42683
05034,2017,42817
05034,2018,43265
05034,2019,43759
05034,2020,44325
05034,2021,44621
05034,2022,44816
05034,2023,44976
05034,2024,45212
05034,2025,45367
05034,2026,45436
05034,2027,45497
05034,2028,45526
05034,2029,45545
05034,2030,45543
05034,2031,45513
05034,2032,45471
05034,2033,45408
05034,2034,45330
05034,2035,45225
05034,2036,45117
05034,2037,45002
05034,2038,44832
05034,2039,44677
05034,2040,44503
05034,2041,44315
05034,2042,44135
05036,2005,5865
05036,2006,5868
05036,2007,5832
05036,2008,5813
05036,2009,5793
05036,2010,5795
05036,2011,5801
05036,2012,5784
05036,2013,5773
05036,2014,5785
05036,2015,5796
05036,2016,5781
05036,2017,5745
05036,2018,5758
05036,2019,5846
05036,2020,5944
05036,2021,5999
05036,2022,6035
05036,2023,6096
05036,2024,6149
05036,2025,6203
05036,2026,6214
05036,2027,6254
05036,2028,6293
05036,2029,6322
05036,2030,6314
05036,2031,6346
05036,2032,6352
05036,2033,6378
05036,2034,6393
05036,2035,6402
05036,2036,6386
05036,2037,6397
05036,2038,6393
05036,2039,6379
05036,2040,6378
05036,2041,6354
05036,2042,6349
05038,2005,12193
05038,2006,12102
05038,2007,12040
05038,2008,11968
05038,2009,11912
05038,2010,11853
05038,2011,11788
05038,2012,11694
05038,2013,11661
05038,2014,11586
05038,2015,11538
05038,2016,11486
05038,2017,11396
05038,2018,11444
05038,2019,11687
05038,2020,11950
05038,2021,12064
05038,2022,12153
05038,2023,12256
05038,2024,12413
05038,2025,12511
05038,2026,12558
05038,2027,12632
05038,2028,12655
05038,2029,12723
05038,2030,12748
05038,2031,12771
05038,2032,12801
05038,2033,12804
05038,2034,12808
05038,2035,12808
05038,2036,12778
05038,2037,12765
05038,2038,12736
05038,2039,12710
05038,2040,12680
05038,2041,12645
05038,2042,12594
05040,2005,15853
05040,2006,16046
05040,2007,16173
05040,2008,16384
05040,2009,16573
05040,2010,16733
05040,2011,16908
05040,2012,17072
05040,2013,17264
05040,2014,17383
05040,2015,17534
05040,2016,17723
05040,2017,17991
05040,2018,18317
05040,2019,18801
05040,2020,19295
05040,2021,19662
05040,2022,20007
05040,2023,20320
05040,2024,20688
05040,2025,21035
05040,2026,21307
05040,2027,21600
05040,2028,21878
05040,2029,22148
05040,2030,22422
05040,2031,22685
05040,2032,22954
05040,2033,23176
05040,2034,23420
05040,2035,23664
05040,2036,23868
05040,2037,24080
05040,2038,24290
05040,2039,24479
05040,2040,24686
05040,2041,24862
05040,2042,25050
05042,2005,23457
05042,2006,23655
05042,2007,23793
05042,2008,23989
05042,2009,24183
05042,2010,24381
05042,2011,24522
05042,2012,24698
05042,2013,24878
05042,2014,25075
05042,2015,25252
05042,2016,25462
05042,2017,25808
05042,2018,26167
05042,2019,26520
05042,2020,26905
05042,2021,27275
05042,2022,27582
05042,2023,27882
05042,2024,28130
05042,2025,28421
05042,2026,28673
05042,2027,28926
05042,2028,29159
05042,2029,29406
05042,2030,29633
05042,2031,29859
05042,2032,30073
05042,2033,30281
05042,2034,30466
05042,2035,30684
05042,2036,30875
05042,2037,31052
05042,2038,31226
05042,2039,31382
05042,2040,31552
05042,2041,31689
05042,2042,31861
05044,2005,6830
05044,2006,6812
05044,2007,6840
05044,2008,6865
05044,2009,6839
05044,2010,6812
05044,2011,6855
05044,2012,6880
05044,2013,6894
05044,2014,6905
05044,2015,6976
05044,2016,6961
05044,2017,6970
05044,2018,7013
05044,2019,7162
05044,2020,7340
05044,2021,7421
05044,2022,7473
05044,2023,7543
05044,2024,7628
05044,2025,7681
05044,2026,7737
05044,2027,7775
05044,2028,7800
05044,2029,7842
05044,2030,7841
05044,2031,7855
05044,2032,7861
05044,2033,7864
05044,2034,7879
05044,2035,7871
05044,2036,7850
05044,2037,7853
05044,2038,7814
05044,2039,7790
05044,2040,7765
05044,2041,7747
05044,2042,7711
05045,2005,91677
05045,2006,93851
05045,2007,95990
05045,2008,98124
05045,2009,100282
05045,2010,102469
05045,2011,104703
05045,2012,106833
05045,2013,108910
05045,2014,111088
05045,2015,113243
05045,2016,115555
05045,2017,118064
05045,2018,121014
05045,2019,121255
05045,2020,121664
05045,2021,122772
05045,2022,123578
05045,2023,124339
05045,2024,124423
05045,2025,125203
05045,2026,125881
05045,2027,126544
05045,2028,127169
05045,2029,127849
05045,2030,128467
05045,2031,129129
05045,2032,129762
05045,2033,130411
05045,2034,131022
05045,2035,131636
05045,2036,132206
05045,2037,132774
05045,2038,133321
05045,2039,133849
05045,2040,134344
05045,2041,134815
05045,2042,135243
05051,2005,29229
05051,2006,29189
05051,2007,29128
05051,2008,29070
05051,2009,29075
05051,2010,29052
05051,2011,29059
05051,2012,29049
05051,2013,28949
05051,2014,28913
05051,2015,28917
05051,2016,28981
05051,2017,29045
05051,2018,29307
05051,2019,29738
05051,2020,30210
05051,2021,30559
05051,2022,30853
05051,2023,31150
05051,2024,31449
05051,2025,31707
05051,2026,31950
05051,2027,32169
05051,2028,32373
05051,2029,32557
05051,2030,32729
05051,2031,32894
05051,2032,33054
05051,2033,33196
05051,2034,33301
05051,2035,33417
05051,2036,33529
05051,2037,33607
05051,2038,33717
05051,2039,33747
05051,2040,33822
05051,2041,33854
05051,2042,33892
05055,2005,9589
05055,2006,9422
05055,2007,9261
05055,2008,9113
05055,2009,8941
05055,2010,8789
05055,2011,8662
05055,2012,8504
05055,2013,8364
05055,2014,8238
05055,2015,8098
05055,2016,7929
05055,2017,7771
05055,2018,7687
05055,2019,7798
05055,2020,7916
05055,2021,7972
05055,2022,8030
05055,2023,8099
05055,2024,8170
05055,2025,8215
05055,2026,8242
05055,2027,8293
05055,2028,8333
05055,2029,8365
05055,2030,8398
05055,2031,8431
05055,2032,8439
05055,2033,8474
05055,2034,8486
05055,2035,8515
05055,2036,8524
05055,2037,8519
05055,2038,8521
05055,2039,8524
05055,2040,8540
05055,2041,8531
05055,2042,8520
05059,2005,5964
05059,2006,5911
05059,2007,5865
05059,2008,5756
05059,2009,5701
05059,2010,5652
05059,2011,5596
05059,2012,5503
05059,2013,5461
05059,2014,5387
05059,2015,5282
05059,2016,5212
05059,2017,5189
05059,2018,5142
05059,2019,5208
05059,2020,5268
05059,2021,5286
05059,2022,5295
05059,2023,5286
05059,2024,5308
05059,2025,5310
05059,2026,5292
05059,2027,5281
05059,2028,5260
05059,2029,5242
05059,2030,5223
05059,2031,5204
05059,2032,5153
05059,2033,5129
05059,2034,5082
05059,2035,5064
05059,2036,5035
05059,2037,4983
05059,2038,4937
05059,2039,4889
05059,2040,4841
05059,2041,4805
05059,2042,4766
05079,2005,43604
05079,2006,44125
05079,2007,44721
05079,2008,45292
05079,2009,45910
05079,2010,46509
05079,2011,47107
05079,2012,47763
05079,2013,48274
05079,2014,48869
05079,2015,49550
05079,2016,50281
05079,2017,51049
05079,2018,51974
05079,2019,55001
05079,2020,58353
05079,2021,59570
05079,2022,60571
05079,2023,61506
05079,2024,62506
05079,2025,63455
05079,2026,64314
05079,2027,65140
05079,2028,65941
05079,2029,66737
05079,2030,67538
05079,2031,68290
05079,2032,69033
05079,2033,69760
05079,2034,70485
05079,2035,71146
05079,2036,71811
05079,2037,72421
05079,2038,73018
05079,2039,73568
05079,2040,74082
05079,2041,74581
05079,2042,75040
05086,2005,5915
05086,2006,5915
05086,2007,5889
05086,2008,5859
05086,2009,5852
05086,2010,5850
05086,2011,5896
05086,2012,5904
05086,2013,5894
05086,2014,5925
05086,2015,5946
05086,2016,5938
05086,2017,5952
05086,2018,5996
05086,2019,6072
05086,2020,6171
05086,2021,6175
05086,2022,6163
05086,2023,6149
05086,2024,6193
05086,2025,6151
05086,2026,6148
05086,2027,6127
05086,2028,6077
05086,2029,6049
05086,2030,6025
05086,2031,5964
05086,2032,5917
05086,2033,5873
05086,2034,5842
05086,2035,5778
05086,2036,5722
05086,2037,5660
05086,2038,5598
05086,2039,5537
05086,2040,5472
05086,2041,5416
05086,2042,5348
05088,2005,399798
05088,2006,408940
05088,2007,417978
05088,2008,427040
05088,2009,436136
05088,2010,445349
05088,2011,454478
05088,2012,463443
05088,2013,472177
05088,2014,481036
05088,2015,490014
05088,2016,499621
05088,2017,510031
05088,2018,522259
05088,2019,537451
05088,2020,553577
05088,2021,565630
05088,2022,575253
05088,2023,584062
05088,2024,593344
05088,2025,601916
05088,2026,609168
05088,2027,616000
05088,2028,622498
05088,2029,628660
05088,2030,634516
05088,2031,640097
05088,2032,645323
05088,2033,650254
05088,2034,654838
05088,2035,659094
05088,2036,663017
05088,2037,666606
05088,2038,669834
05088,2039,672706
05088,2040,675247
05088,2041,677413
05088,2042,679249
05091,2005,11514
05091,2006,11386
05091,2007,11315
05091,2008,11216
05091,2009,11108
05091,2010,10993
05091,2011,10902
05091,2012,10815
05091,2013,10711
05091,2014,10632
05091,2015,10549
05091,2016,10484
05091,2017,10377
05091,2018,10311
05091,2019,10446
05091,2020,10604
05091,2021,10661
05091,2022,10683
05091,2023,10686
05091,2024,10758
05091,2025,10751
05091,2026,10743
05091,2027,10731
05091,2028,10712
05091,2029,10696
05091,2030,10656
05091,2031,10611
05091,2032,10564
05091,2033,10509
05091,2034,10475
05091,2035,10409
05091,2036,10352
05091,2037,10272
05091,2038,10207
05091,2039,10127
05091,2040,10053
05091,2041,9981
05091,2042,9898
05093,2005,15629
05093,2006,15624
05093,2007,15585
05093,2008,15563
05093,2009,15555
05093,2010,15566
05093,2011,15526
05093,2012,15491
05093,2013,15554
05093,2014,15443
05093,2015,15427
05093,2016,15445
05093,2017,15494
05093,2018,15597
05093,2019,15929
05093,2020,16251
05093,2021,16416
05093,2022,16529
05093,2023,16667
05093,2024,16861
05093,2025,16980
05093,2026,17068
05093,2027,17159
05093,2028,17212
05093,2029,17258
05093,2030,17337
05093,2031,17356
05093,2032,17404
05093,2033,17415
05093,2034,17413
05093,2035,17416
05093,2036,17420
05093,2037,17403
05093,2038,17379
05093,2039,17342
05093,2040,17307
05093,2041,17277
05093,2042,17211
05101,2005,27346
05101,2006,27165
05101,2007,27061
05101,2008,26927
05101,2009,26829
05101,2010,26722
05101,2011,26554
05101,2012,26421
05101,2013,26297
05101,2014,26185
05101,2015,26073
05101,2016,25996
05101,2017,25975
05101,2018,26118
05101,2019,26377
05101,2020,26640
05101,2021,26886
05101,2022,27076
05101,2023,27252
05101,2024,27391
05101,2025,27573
05101,2026,27720
05101,2027,27860
05101,2028,27996
05101,2029,28104
05101,2030,28233
05101,2031,28339
05101,2032,28444
05101,2033,28534
05101,2034,28619
05101,2035,28708
05101,2036,28777
05101,2037,28837
05101,2038,28886
05101,2039,28943
05101,2040,28989
05101,2041,29026
05101,2042,29040
05107,2005,8475
05107,2006,8407
05107,2007,8379
05107,2008,8328
05107,2009,8268
05107,2010,8256
05107,2011,8212
05107,2012,8193
05107,2013,8176
05107,2014,8135
05107,2015,8088
05107,2016,8075
05107,2017,8053
05107,2018,8029
05107,2019,8075
05107,2020,8149
05107,2021,8139
05107,2022,8078
05107,2023,8041
05107,2024,8023
05107,2025,7957
05107,2026,7905
05107,2027,7830
05107,2028,7754
05107,2029,7677
05107,2030,7610
05107,2031,7512
05107,2032,7441
05107,2033,7337
05107,2034,7242
05107,2035,7153
05107,2036,7060
05107,2037,6951
05107,2038,6867
05107,2039,6754
05107,2040,6668
05107,2041,6545
05107,2042,6448
05113,2005,8476
05113,2006,8541
05113,2007,8611
05113,2008,8679
05113,2009,8672
05113,2010,8766
05113,2011,8811
05113,2012,8895
05113,2013,8952
05113,2014,9034
05113,2015,9102
05113,2016,9157
05113,2017,9212
05113,2018,9346
05113,2019,9682
05113,2020,10012
05113,2021,10234
05113,2022,10427
05113,2023,10605
05113,2024,10848
05113,2025,11015
05113,2026,11168
05113,2027,11308
05113,2028,11424
05113,2029,11545
05113,2030,11661
05113,2031,11750
05113,2032,11824
05113,2033,11911
05113,2034,11961
05113,2035,12026
05113,2036,12061
05113,2037,12093
05113,2038,12137
05113,2039,12138
05113,2040,12154
05113,2041,12158
05113,2042,12169
05120,2005,24999
05120,2006,25275
05120,2007,25522
05120,2008,25805
05120,2009,26081
05120,2010,26363
05120,2011,26678
05120,2012,26952
05120,2013,27193
05120,2014,27503
05120,2015,27811
05120,2016,28134
05120,2017,28551
05120,2018,29014
05120,2019,29152
05120,2020,29307
05120,2021,29325
05120,2022,29297
05120,2023,29240
05120,2024,29159
05120,2025,29067
05120,2026,28944
05120,2027,28782
05120,2028,28631
05120,2029,28447
05120,2030,28245
05120,2031,28051
05120,2032,27828
05120,2033,27605
05120,2034,27362
05120,2035,27119
05120,2036,26849
05120,2037,26607
05120,2038,26353
05120,2039,26056
05120,2040,25791
05120,2041,25512
05120,2042,25215
05125,2005,7758
05125,2006,7786
05125,2007,7816
05125,2008,7872
05125,2009,7892
05125,2010,7915
05125,2011,7956
05125,2012,7994
05125,2013,8047
05125,2014,8100
05125,2015,8168
05125,2016,8185
05125,2017,8220
05125,2018,8297
05125,2019,8509
05125,2020,8705
05125,2021,8785
05125,2022,8867
05125,2023,8920
05125,2024,9036
05125,2025,9107
05125,2026,9134
05125,2027,9165
05125,2028,9212
05125,2029,9215
05125,2030,9236
05125,2031,9246
05125,2032,9257
05125,2033,9259
05125,2034,9258
05125,2035,9222
05125,2036,9208
05125,2037,9190
05125,2038,9155
05125,2039,9125
05125,2040,9090
05125,2041,9036
05125,2042,9009
05129,2005,65095
05129,2006,66186
05129,2007,67238
05129,2008,68288
05129,2009,69321
05129,2010,70414
05129,2011,71475
05129,2012,72507
05129,2013,73517
05129,2014,74529
05129,2015,75622
05129,2016,76766
05129,2017,78000
05129,2018,79632
05129,2019,82011
05129,2020,84640
05129,2021,85841
05129,2022,86699
05129,2023,87460
05129,2024,88316
05129,2025,89072
05129,2026,89671
05129,2027,90237
05129,2028,90759
05129,2029,91264
05129,2030,91739
05129,2031,92190
05129,2032,92603
05129,2033,92979
05129,2034,93351
05129,2035,93693
05129,2036,93982
05129,2037,94245
05129,2038,94466
05129,2039,94658
05129,2040,94814
05129,2041,94905
05129,2042,94971
05134,2005,9758
05134,2006,9709
05134,2007,9655
05134,2008,9603
05134,2009,9560
05134,2010,9471
05134,2011,9437
05134,2012,9398
05134,2013,9370
05134,2014,9321
05134,2015,9273
05134,2016,9250
05134,2017,9196
05134,2018,9211
05134,2019,9395
05134,2020,9588
05134,2021,9670
05134,2022,9743
05134,2023,9811
05134,2024,9940
05134,2025,10005
05134,2026,10063
05134,2027,10111
05134,2028,10152
05134,2029,10180
05134,2030,10219
05134,2031,10221
05134,2032,10263
05134,2033,10264
05134,2034,10275
05134,2035,10274
05134,2036,10280
05134,2037,10267
05134,2038,10235
05134,2039,10226
05134,2040,10203
05134,2041,10176
05134,2042,10157
05138,2005,17308
05138,2006,17183
05138,2007,16978
05138,2008,16784
05138,2009,16648
05138,2010,16521
05138,2011,16364
05138,2012,16205
05138,2013,16068
05138,2014,15909
05138,2015,15744
05138,2016,15670
05138,2017,15566
05138,2018,15531
05138,2019,15611
05138,2020,15760
05138,2021,15717
05138,2022,15648
05138,2023,15570
05138,2024,15570
05138,2025,15470
05138,2026,15337
05138,2027,15226
05138,2028,15093
05138,2029,14959
05138,2030,14786
05138,2031,14649
05138,2032,14463
05138,2033,14330
05138,2034,14142
05138,2035,13983
05138,2036,13806
05138,2037,13591
05138,2038,13415
05138,2039,13234
05138,2040,13034
05138,2041,12850
05138,2042,12655
05142,2005,5324
05142,2006,5237
05142,2007,5191
05142,2008,5118
05142,2009,5072
05142,2010,5015
05142,2011,4935
05142,2012,4901
05142,2013,4852
05142,2014,4776
05142,2015,4763
05142,2016,4736
05142,2017,4539
05142,2018,4581
05142,2019,4569
05142,2020,4583
05142,2021,4591
05142,2022,4568
05142,2023,4541
05142,2024,4538
05142,2025,4510
05142,2026,4482
05142,2027,4449
05142,2028,4427
05142,2029,4379
05142,2030,4369
05142,2031,4316
05142,2032,4304
05142,2033,4264
05142,2034,4218
05142,2035,4190
05142,2036,4144
05142,2037,4124
05142,2038,4087
05142,2039,4039
05142,2040,3977
05142,2041,3962
05142,2042,3918
05145,2005,6040
05145,2006,5903
05145,2007,5787
05145,2008,5686
05145,2009,5593
05145,2010,5500
05145,2011,5410
05145,2012,5304
05145,2013,5209
05145,2014,5127
05145,2015,5012
05145,2016,4952
05145,2017,4789
05145,2018,4758
05145,2019,4735
05145,2020,4708
05145,2021,4684
05145,2022,4641
05145,2023,4590
05145,2024,4556
05145,2025,4499
05145,2026,4444
05145,2027,4373
05145,2028,4322
05145,2029,4267
05145,2030,4205
05145,2031,4124
05145,2032,4073
05145,2033,3993
05145,2034,3935
05145,2035,3872
05145,2036,3809
05145,2037,3741
05145,2038,3669
05145,2039,3620
05145,2040,3546
05145,2041,3478
05145,2042,3404
05147,2005,34439
05147,2006,35430
05147,2007,36425
05147,2008,37438
05147,2009,38430
05147,2010,39427
05147,2011,40473
05147,2012,41450
05147,2013,42441
05147,2014,43369
05147,2015,44404
05147,2016,45489
05147,2017,46629
05147,2018,47923
05147,2019,48374
05147,2020,48862
05147,2021,49435
05147,2022,49891
05147,2023,50303
05147,2024,50543
05147,2025,50952
05147,2026,51298
05147,2027,51656
05147,2028,51969
05147,2029,52310
05147,2030,52585
05147,2031,52920
05147,2032,53202
05147,2033,53497
05147,2034,53772
05147,2035,54037
05147,2036,54273
05147,2037,54535
05147,2038,54747
05147,2039,54973
05147,2040,55176
05147,2041,55383
05147,2042,55560
05148,2005,48245
05148,2006,49038
05148,2007,49825
05148,2008,50612
05148,2009,51409
05148,2010,52215
05148,2011,53063
05148,2012,53894
05148,2013,54657
05148,2014,55464
05148,2015,56346
05148,2016,57208
05148,2017,58120
05148,2018,59410
05148,2019,61076
05148,2020,62774
05148,2021,64353
05148,2022,65742
05148,2023,67061
05148,2024,68325
05148,2025,69588
05148,2026,70734
05148,2027,71835
05148,2028,72908
05148,2029,73891
05148,2030,74849
05148,2031,75766
05148,2032,76623
05148,2033,77438
05148,2034,78211
05148,2035,78913
05148,2036,79591
05148,2037,80218
05148,2038,80783
05148,2039,81327
05148,2040,81825
05148,2041,82255
05148,2042,82673
05150,2005,3855
05150,2006,3910
05150,2007,3888
05150,2008,3882
05150,2009,3892
05150,2010,3888
05150,2011,3905
05150,2012,3906
05150,2013,3914
05150,2014,3930
05150,2015,3932
05150,2016,3900
05150,2017,3888
05150,2018,3957
05150,2019,3956
05150,2020,3974
05150,2021,3980
05150,2022,3972
05150,2023,3976
05150,2024,3947
05150,2025,3942
05150,2026,3932
05150,2027,3947
05150,2028,3942
05150,2029,3922
05150,2030,3892
05150,2031,3904
05150,2032,3895
05150,2033,3886
05150,2034,3853
05150,2035,3850
05150,2036,3837
05150,2037,3819
05150,2038,3798
05150,2039,3799
05150,2040,3777
05150,2041,3765
05150,2042,3746
05154,2005,70630
05154,2006,72063
05154,2007,73515
05154,2008,74919
05154,2009,76352
05154,2010,77825
05154,2011,79274
05154,2012,80719
05154,2013,82081
05154,2014,83472
05154,2015,84926
05154,2016,86492
05154,2017,88188
05154,2018,90211
05154,2019,91003
05154,2020,91873
05154,2021,92469
05154,2022,92890
05154,2023,93262
05154,2024,93572
05154,2025,93843
05154,2026,93976
05154,2027,94074
05154,2028,94095
05154,2029,94127
05154,2030,94060
05154,2031,93949
05154,2032,93807
05154,2033,93605
05154,2034,93357
05154,2035,93081
05154,2036,92747
05154,2037,92370
05154,2038,91947
05154,2039,91510
05154,2040,91015
05154,2041,90500
05154,2042,89944
05172,2005,44126
05172,2006,45106
05172,2007,46062
05172,2008,47048
05172,2009,48017
05172,2010,49013
05172,2011,49975
05172,2012,50949
05172,2013,51934
05172,2014,52877
05172,2015,53865
05172,2016,54908
05172,2017,56044
05172,2018,57380
05172,2019,57144
05172,2020,56976
05172,2021,57121
05172,2022,57122
05172,2023,57067
05172,2024,56758
05172,2025,56738
05172,2026,56664
05172,2027,56594
05172,2028,56492
05172,2029,56458
05172,2030,56374
05172,2031,56317
05172,2032,56253
05172,2033,56212
05172,2034,56164
05172,2035,56124
05172,2036,56046
05172,2037,55996
05172,2038,55935
05172,2039,55881
05172,2040,55820
05172,2041,55753
05172,2042,55672
05190,2005,9518
05190,2006,9541
05190,2007,9548
05190,2008,9584
05190,2009,9591
05190,2010,9592
05190,2011,9637
05190,2012,9669
05190,2013,9670
05190,2014,9618
05190,2015,9587
05190,2016,9617
05190,2017,9747
05190,2018,9778
05190,2019,9791
05190,2020,9805
05190,2021,9892
05190,2022,9984
05190,2023,10033
05190,2024,10040
05190,2025,10092
05190,2026,10136
05190,2027,10193
05190,2028,10238
05190,2029,10310
05190,2030,10343
05190,2031,10403
05190,2032,10456
05190,2033,10505
05190,2034,10565
05190,2035,10619
05190,2036,10654
05190,2037,10718
05190,2038,10767
05190,2039,10813
05190,2040,10867
05190,2041,10897
05190,2042,10933
05197,2005,19094
05197,2006,18773
05197,2007,18454
05197,2008,18144
05197,2009,17860
05197,2010,17588
05197,2011,17280
05197,2012,16990
05197,2013,16721
05197,2014,16434
05197,2015,16146
05197,2016,15873
05197,2017,15667
05197,2018,15438
05197,2019,15606
05197,2020,15823
05197,2021,15902
05197,2022,15940
05197,2023,15981
05197,2024,16062
05197,2025,16089
05197,2026,16099
05197,2027,16087
05197,2028,16075
05197,2029,16065
05197,2030,16035
05197,2031,15999
05197,2032,15959
05197,2033,15904
05197,2034,15849
05197,2035,15787
05197,2036,15711
05197,2037,15632
05197,2038,15560
05197,2039,15489
05197,2040,15387
05197,2041,15316
05197,2042,15206
05206,2005,5448
05206,2006,5365
05206,2007,5316
05206,2008,5249
05206,2009,5212
05206,2010,5172
05206,2011,5122
05206,2012,5073
05206,2013,4984
05206,2014,4919
05206,2015,4877
05206,2016,4850
05206,2017,4833
05206,2018,4795
05206,2019,4874
05206,2020,4951
05206,2021,4998
05206,2022,5034
05206,2023,5052
05206,2024,5108
05206,2025,5112
05206,2026,5136
05206,2027,5154
05206,2028,5156
05206,2029,5173
05206,2030,5172
05206,2031,5183
05206,2032,5183
05206,2033,5192
05206,2034,5175
05206,2035,5167
05206,2036,5174
05206,2037,5148
05206,2038,5156
05206,2039,5141
05206,2040,5126
05206,2041,5108
05206,2042,5085
05209,2005,21547
05209,2006,21522
05209,2007,21489
05209,2008,21448
05209,2009,21386
05209,2010,21381
05209,2011,21315
05209,2012,21260
05209,2013,21270
05209,2014,21184
05209,2015,21129
05209,2016,21153
05209,2017,21275
05209,2018,21367
05209,2019,21664
05209,2020,21947
05209,2021,22039
05209,2022,22055
05209,2023,22061
05209,2024,22182
05209,2025,22163
05209,2026,22145
05209,2027,22084
05209,2028,22038
05209,2029,21959
05209,2030,21894
05209,2031,21790
05209,2032,21683
05209,2033,21570
05209,2034,21449
05209,2035,21298
05209,2036,21141
05209,2037,20989
05209,2038,20821
05209,2039,20675
05209,2040,20484
05209,2041,20316
05209,2042,20127
05212,2005,63378
05212,2006,64441
05212,2007,65487
05212,2008,66521
05212,2009,67562
05212,2010,68646
05212,2011,69716
05212,2012,70742
05212,2013,71772
05212,2014,72801
05212,2015,73796
05212,2016,74957
05212,2017,76210
05212,2018,77875
05212,2019,80676
05212,2020,83697
05212,2021,85434
05212,2022,86835
05212,2023,88121
05212,2024,89546
05212,2025,90882
05212,2026,92069
05212,2027,93226
05212,2028,94352
05212,2029,95479
05212,2030,96568
05212,2031,97640
05212,2032,98721
05212,2033,99773
05212,2034,100785
05212,2035,101761
05212,2036,102723
05212,2037,103641
05212,2038,104561
05212,2039,105422
05212,2040,106247
05212,2041,107049
05212,2042,107798
05234,2005,22271
05234,2006,22299
05234,2007,22350
05234,2008,22339
05234,2009,22391
05234,2010,22435
05234,2011,22494
05234,2012,22527
05234,2013,22542
05234,2014,22570
05234,2015,22593
05234,2016,22673
05234,2017,22836
05234,2018,23048
05234,2019,23418
05234,2020,23829
05234,2021,24060
05234,2022,24231
05234,2023,24409
05234,2024,24651
05234,2025,24808
05234,2026,24937
05234,2027,25072
05234,2028,25166
05234,2029,25269
05234,2030,25352
05234,2031,25420
05234,2032,25484
05234,2033,25531
05234,2034,25553
05234,2035,25589
05234,2036,25601
05234,2037,25613
05234,2038,25600
05234,2039,25587
05234,2040,25567
05234,2041,25520
05234,2042,25505
05237,2005,16062
05237,2006,16254
05237,2007,16457
05237,2008,16681
05237,2009,16876
05237,2010,17080
05237,2011,17292
05237,2012,17479
05237,2013,17656
05237,2014,17916
05237,2015,18084
05237,2016,18332
05237,2017,18533
05237,2018,18914
05237,2019,19033
05237,2020,19233
05237,2021,19395
05237,2022,19509
05237,2023,19621
05237,2024,19689
05237,2025,19793
05237,2026,19849
05237,2027,19915
05237,2028,19983
05237,2029,20046
05237,2030,20094
05237,2031,20154
05237,2032,20195
05237,2033,20214
05237,2034,20258
05237,2035,20289
05237,2036,20306
05237,2037,20305
05237,2038,20327
05237,2039,20343
05237,2040,20311
05237,2041,20319
05237,2042,20317
05240,2005,13648
05240,2006,13511
05240,2007,13385
05240,2008,13241
05240,2009,13114
05240,2010,12990
05240,2011,12845
05240,2012,12716
05240,2013,12617
05240,2014,12461
05240,2015,12308
05240,2016,12227
05240,2017,12177
05240,2018,12153
05240,2019,12363
05240,2020,12545
05240,2021,12564
05240,2022,12581
05240,2023,12553
05240,2024,12627
05240,2025,12612
05240,2026,12571
05240,2027,12524
05240,2028,12458
05240,2029,12381
05240,2030,12316
05240,2031,12210
05240,2032,12112
05240,2033,12020
05240,2034,11904
05240,2035,11793
05240,2036,11666
05240,2037,11542
05240,2038,11424
05240,2039,11265
05240,2040,11129
05240,2041,10999
05240,2042,10852
05250,2005,39272
05250,2006,40234
05250,2007,41162
05250,2008,42061
05250,2009,42970
05250,2010,43903
05250,2011,44881
05250,2012,45783
05250,2013,46678
05250,2014,47561
05250,2015,48493
05250,2016,49488
05250,2017,50544
05250,2018,51868
05250,2019,52651
05250,2020,53491
05250,2021,54125
05250,2022,54698
05250,2023,55234
05250,2024,55742
05250,2025,56197
05250,2026,56596
05250,2027,56985
05250,2028,57341
05250,2029,57659
05250,2030,57960
05250,2031,58230
05250,2032,58445
05250,2033,58679
05250,2034,58861
05250,2035,59023
05250,2036,59151
05250,2037,59271
05250,2038,59355
05250,2039,59421
05250,2040,59460
05250,2041,59491
05250,2042,59499
05264,2005,8983
05264,2006,9149
05264,2007,9294
05264,2008,9423
05264,2009,9601
05264,2010,9773
05264,2011,9892
05264,2012,10095
05264,2013,10276
05264,2014,10465
05264,2015,10594
05264,2016,10830
05264,2017,10986
05264,2018,11154
05264,2019,11425
05264,2020,11728
05264,2021,11968
05264,2022,12150
05264,2023,12348
05264,2024,12568
05264,2025,12736
05264,2026,12894
05264,2027,13058
05264,2028,13203
05264,2029,13332
05264,2030,13470
05264,2031,13582
05264,2032,13715
05264,2033,13808
05264,2034,13893
05264,2035,13987
05264,2036,14057
05264,2037,14150
05264,2038,14208
05264,2039,14268
05264,2040,14330
05264,2041,14356
05264,2042,14407
05266,2005,174501
05266,2006,178564
05266,2007,182627
05266,2008,186625
05266,2009,190662
05266,2010,194733
05266,2011,198772
05266,2012,202750
05266,2013,206658
05266,2014,210592
05266,2015,214539
05266,2016,218805
05266,2017,223456
05266,2018,228836
05266,2019,235397
05266,2020,242371
05266,2021,247649
05266,2022,251963
05266,2023,256042
05266,2024,260430
05266,2025,264637
05266,2026,268381
05266,2027,272032
05266,2028,275656
05266,2029,279242
05266,2030,282790
05266,2031,286304
05266,2032,289772
05266,2033,293213
05266,2034,296598
05266,2035,299940
05266,2036,303184
05266,2037,306366
05266,2038,309486
05266,2039,312548
05266,2040,315486
05266,2041,318363
05266,2042,321128
05282,2005,24304
05282,2006,24291
05282,2007,24240
05282,2008,24185
05282,2009,24163
05282,2010,24157
05282,2011,24189
05282,2012,24178
05282,2013,24178
05282,2014,24113
05282,2015,24059
05282,2016,24143
05282,2017,24252
05282,2018,24415
05282,2019,24869
05282,2020,25367
05282,2021,25609
05282,2022,25788
05282,2023,25957
05282,2024,26245
05282,2025,26401
05282,2026,26522
05282,2027,26624
05282,2028,26693
05282,2029,26779
05282,2030,26824
05282,2031,26850
05282,2032,26863
05282,2033,26858
05282,2034,26868
05282,2035,26849
05282,2036,26827
05282,2037,26763
05282,2038,26708
05282,2039,26647
05282,2040,26587
05282,2041,26475
05282,2042,26381
05284,2005,22850
05284,2006,22663
05284,2007,22463
05284,2008,22291
05284,2009,22090
05284,2010,21928
05284,2011,21756
05284,2012,21566
05284,2013,21390
05284,2014,21147
05284,2015,20944
05284,2016,20813
05284,2017,20820
05284,2018,20742
05284,2019,21018
05284,2020,21283
05284,2021,21426
05284,2022,21535
05284,2023,21588
05284,2024,21716
05284,2025,21778
05284,2026,21808
05284,2027,21831
05284,2028,21837
05284,2029,21818
05284,2030,21827
05284,2031,21796
05284,2032,21751
05284,2033,21697
05284,2034,21678
05284,2035,21600
05284,2036,21518
05284,2037,21450
05284,2038,21364
05284,2039,21275
05284,2040,21179
05284,2041,21047
05284,2042,20948
05306,2005,4892
05306,2006,4952
05306,2007,4976
05306,2008,5031
05306,2009,5089
05306,2010,5140
05306,2011,5219
05306,2012,5273
05306,2013,5305
05306,2014,5326
05306,2015,5349
05306,2016,5396
05306,2017,5460
05306,2018,5545
05306,2019,5716
05306,2020,5875
05306,2021,5993
05306,2022,6100
05306,2023,6189
05306,2024,6331
05306,2025,6404
05306,2026,6491
05306,2027,6568
05306,2028,6653
05306,2029,6706
05306,2030,6765
05306,2031,6824
05306,2032,6883
05306,2033,6922
05306,2034,6971
05306,2035,7014
05306,2036,7037
05306,2037,7072
05306,2038,7091
05306,2039,7099
05306,2040,7117
05306,2041,7148
05306,2042,7135
05308,2005,41170
05308,2006,41924
05308,2007,42654
05308,2008,43406
05308,2009,44165
05308,2010,44934
05308,2011,45715
05308,2012,46481
05308,2013,47233
05308,2014,47977
05308,2015,48759
05308,2016,49613
05308,2017,50456
05308,2018,51660
05308,2019,54202
05308,2020,56990
05308,2021,58069
05308,2022,58919
05308,2023,59708
05308,2024,60604
05308,2025,61439
05308,2026,62138
05308,2027,62828
05308,2028,63505
05308,2029,64139
05308,2030,64777
05308,2031,65418
05308,2032,66013
05308,2033,66599
05308,2034,67146
05308,2035,67702
05308,2036,68196
05308,2037,68696
05308,2038,69146
05308,2039,69578
05308,2040,69984
05308,2041,70346
05308,2042,70666
05310,2005,9642
05310,2006,9626
05310,2007,9640
05310,2008,9623
05310,2009,9663
05310,2010,9649
05310,2011,9616
05310,2012,9631
05310,2013,9606
05310,2014,9696
05310,2015,9693
05310,2016,9662
05310,2017,9676
05310,2018,9761
05310,2019,9878
05310,2020,10010
05310,2021,10089
05310,2022,10181
05310,2023,10215
05310,2024,10301
05310,2025,10373
05310,2026,10420
05310,2027,10482
05310,2028,10526
05310,2029,10559
05310,2030,10619
05310,2031,10645
05310,2032,10672
05310,2033,10718
05310,2034,10737
05310,2035,10755
05310,2036,10784
05310,2037,10812
05310,2038,10806
05310,2039,10814
05310,2040,10842
05310,2041,10825
05310,2042,10822
05313,2005,13882
05313,2006,13575
05313,2007,13260
05313,2008,12957
05313,2009,12650
05313,2010,12356
05313,2011,12065
05313,2012,11770
05313,2013,11497
05313,2014,11225
05313,2015,10947
05313,2016,10654
05313,2017,10397
05313,2018,10124
05313,2019,10204
05313,2020,10299
05313,2021,10356
05313,2022,10397
05313,2023,10442
05313,2024,10463
05313,2025,10511
05313,2026,10502
05313,2027,10528
05313,2028,10536
05313,2029,10521
05313,2030,10517
05313,2031,10508
05313,2032,10499
05313,2033,10486
05313,2034,10469
05313,2035,10446
05313,2036,10427
05313,2037,10398
05313,2038,10372
05313,2039,10332
05313,2040,10301
05313,2041,10254
05313,2042,10212
05315,2005,6568
05315,2006,6557
05315,2007,6565
05315,2008,6526
05315,2009,6536
05315,2010,6549
05315,2011,6523
05315,2012,6521
05315,2013,6526
05315,2014,6480
05315,2015,6494
05315,2016,6464
05315,2017,6496
05315,2018,6555
05315,2019,6662
05315,2020,6786
05315,2021,6835
05315,2022,6869
05315,2023,6914
05315,2024,6975
05315,2025,7009
05315,2026,7031
05315,2027,7032
05315,2028,7042
05315,2029,7058
05315,2030,7065
05315,2031,7043
05315,2032,7055
05315,2033,7041
05315,2034,7019
05315,2035,7013
05315,2036,6987
05315,2037,6974
05315,2038,6930
05315,2039,6925
05315,2040,6881
05315,2041,6854
05315,2042,6821
05318,2005,43419
05318,2006,44247
05318,2007,45098
05318,2008,45940
05318,2009,46779
05318,2010,47669
05318,2011,48524
05318,2012,49356
05318,2013,50122
05318,2014,50992
05318,2015,51910
05318,2016,52793
05318,2017,53835
05318,2018,55110
05318,2019,56977
05318,2020,58930
05318,2021,60291
05318,2022,61496
05318,2023,62651
05318,2024,64068
05318,2025,65173
05318,2026,66158
05318,2027,67061
05318,2028,67913
05318,2029,68709
05318,2030,69425
05318,2031,70112
05318,2032,70714
05318,2033,71267
05318,2034,71769
05318,2035,72204
05318,2036,72592
05318,2037,72939
05318,2038,73222
05318,2039,73446
05318,2040,73632
05318,2041,73793
05318,2042,73906
05321,2005,6759
05321,2006,6852
05321,2007,6965
05321,2008,7096
05321,2009,7219
05321,2010,7374
05321,2011,7433
05321,2012,7530
05321,2013,7672
05321,2014,7807
05321,2015,7926
05321,2016,8068
05321,2017,8203
05321,2018,8367
05321,2019,8568
05321,2020,8786
05321,2021,8991
05321,2022,9203
05321,2023,9368
05321,2024,9518
05321,2025,9695
05321,2026,9842
05321,2027,10005
05321,2028,10137
05321,2029,10283
05321,2030,10419
05321,2031,10555
05321,2032,10666
05321,2033,10769
05321,2034,10890
05321,2035,10981
05321,2036,11090
05321,2037,11179
05321,2038,11270
05321,2039,11340
05321,2040,11420
05321,2041,11491
05321,2042,11547
05347,2005,6547
05347,2006,6411
05347,2007,6323
05347,2008,6216
05347,2009,6173
05347,2010,6101
05347,2011,5991
05347,2012,5900
05347,2013,5807
05347,2014,5710
05347,2015,5610
05347,2016,5562
05347,2017,5526
05347,2018,5460
05347,2019,5415
05347,2020,5393
05347,2021,5338
05347,2022,5253
05347,2023,5175
05347,2024,5126
05347,2025,5038
05347,2026,4961
05347,2027,4872
05347,2028,4785
05347,2029,4699
05347,2030,4595
05347,2031,4518
05347,2032,4439
05347,2033,4354
05347,2034,4246
05347,2035,4180
05347,2036,4093
05347,2037,4006
05347,2038,3916
05347,2039,3826
05347,2040,3751
05347,2041,3658
05347,2042,3572
05353,2005,5315
05353,2006,5328
05353,2007,5316
05353,2008,5327
05353,2009,5336
05353,2010,5359
05353,2011,5336
05353,2012,5358
05353,2013,5373
05353,2014,5374
05353,2015,5387
05353,2016,5418
05353,2017,5393
05353,2018,5471
05353,2019,5551
05353,2020,5634
05353,2021,5699
05353,2022,5765
05353,2023,5818
05353,2024,5862
05353,2025,5929
05353,2026,5966
05353,2027,6012
05353,2028,6057
05353,2029,6104
05353,2030,6152
05353,2031,6183
05353,2032,6234
05353,2033,6272
05353,2034,6324
05353,2035,6353
05353,2036,6382
05353,2037,6429
05353,2038,6458
05353,2039,6483
05353,2040,6522
05353,2041,6536
05353,2042,6568
05360,2005,221921
05360,2006,225978
05360,2007,230020
05360,2008,234011
05360,2009,238038
05360,2010,242150
05360,2011,246219
05360,2012,250184
05360,2013,254022
05360,2014,257978
05360,2015,261957
05360,2016,266257
05360,2017,271038
05360,2018,276746
05360,2019,283136
05360,2020,290182
05360,2021,294137
05360,2022,296908
05360,2023,299320
05360,2024,302075
05360,2025,304527
05360,2026,306397
05360,2027,308131
05360,2028,309763
05360,2029,311325
05360,2030,312805
05360,2031,314158
05360,2032,315491
05360,2033,316683
05360,2034,317787
05360,2035,318808
05360,2036,319714
05360,2037,320518
05360,2038,321187
05360,2039,321747
05360,2040,322185
05360,2041,322520
05360,2042,322732
05361,2005,26027
05361,2006,26043
05361,2007,26073
05361,2008,26114
05361,2009,26166
05361,2010,26255
05361,2011,26337
05361,2012,26405
05361,2013,26423
05361,2014,26433
05361,2015,26529
05361,2016,26625
05361,2017,26786
05361,2018,27065
05361,2019,27640
05361,2020,28276
05361,2021,28547
05361,2022,28755
05361,2023,28961
05361,2024,29342
05361,2025,29515
05361,2026,29650
05361,2027,29756
05361,2028,29862
05361,2029,29945
05361,2030,29992
05361,2031,30021
05361,2032,30040
05361,2033,30051
05361,2034,30040
05361,2035,29994
05361,2036,29971
05361,2037,29886
05361,2038,29830
05361,2039,29722
05361,2040,29627
05361,2041,29516
05361,2042,29392
05364,2005,13726
05364,2006,13783
05364,2007,13826
05364,2008,13888
05364,2009,13922
05364,2010,13969
05364,2011,14055
05364,2012,14106
05364,2013,14168
05364,2014,14187
05364,2015,14287
05364,2016,14357
05364,2017,14459
05364,2018,14520
05364,2019,14696
05364,2020,14904
05364,2021,15038
05364,2022,15138
05364,2023,15227
05364,2024,15350
05364,2025,15433
05364,2026,15531
05364,2027,15609
05364,2028,15661
05364,2029,15727
05364,2030,15791
05364,2031,15867
05364,2032,15898
05364,2033,15946
05364,2034,15995
05364,2035,16018
05364,2036,16053
05364,2037,16077
05364,2038,16083
05364,2039,16110
05364,2040,16102
05364,2041,16116
05364,2042,16117
05368,2005,14363
05368,2006,14278
05368,2007,14246
05368,2008,14165
05368,2009,14067
05368,2010,14018
05368,2011,13976
05368,2012,13936
05368,2013,13859
05368,2014,13783
05368,2015,13683
05368,2016,13697
05368,2017,13733
05368,2018,13647
05368,2019,13782
05368,2020,13940
05368,2021,14065
05368,2022,14165
05368,2023,14215
05368,2024,14317
05368,2025,14376
05368,2026,14414
05368,2027,14467
05368,2028,14509
05368,2029,14551
05368,2030,14576
05368,2031,14605
05368,2032,14625
05368,2033,14646
05368,2034,14663
05368,2035,14660
05368,2036,14672
05368,2037,14671
05368,2038,14668
05368,2039,14661
05368,2040,14646
05368,2041,14626
05368,2042,14592
05376,2005,50697
05376,2006,51714
05376,2007,52779
05376,2008,53831
05376,2009,54869
05376,2010,55914
05376,2011,56960
05376,2012,57935
05376,2013,58992
05376,2014,60018
05376,2015,61050
05376,2016,62185
05376,2017,63394
05376,2018,64878
05376,2019,65950
05376,2020,67103
05376,2021,68622
05376,2022,69976
05376,2023,71255
05376,2024,72033
05376,2025,73275
05376,2026,74386
05376,2027,75466
05376,2028,76525
05376,2029,77563
05376,2030,78583
05376,2031,79549
05376,2032,80537
05376,2033,81450
05376,2034,82371
05376,2035,83269
05376,2036,84104
05376,2037,84918
05376,2038,85732
05376,2039,86470
05376,2040,87194
05376,2041,87884
05376,2042,88530
05380,2005,55384
05380,2006,56603
05380,2007,57798
05380,2008,58962
05380,2009,60156
05380,2010,61352
05380,2011,62544
05380,2012,63683
05380,2013,64870
05380,2014,66035
05380,2015,67208
05380,2016,68483
05380,2017,69836
05380,2018,71567
05380,2019,73966
05380,2020,76614
05380,2021,78211
05380,2022,79499
05380,2023,80676
05380,2024,81925
05380,2025,83089
05380,2026,84068
05380,2027,84995
05380,2028,85886
05380,2029,86707
05380,2030,87503
05380,2031,88266
05380,2032,88989
05380,2033,89662
05380,2034,90309
05380,2035,90880
05380,2036,91427
05380,2037,91920
05380,2038,92373
05380,2039,92756
05380,2040,93115
05380,2041,93430
05380,2042,93691
05390,2005,9962
05390,2006,9845
05390,2007,9655
05390,2008,9493
05390,2009,9365
05390,2010,9190
05390,2011,9059
05390,2012,8930
05390,2013,8780
05390,2014,8629
05390,2015,8468
05390,2016,8343
05390,2017,8256
05390,2018,8127
05390,2019,8164
05390,2020,8212
05390,2021,8337
05390,2022,8438
05390,2023,8520
05390,2024,8554
05390,2025,8654
05390,2026,8722
05390,2027,8805
05390,2028,8886
05390,2029,8951
05390,2030,9063
05390,2031,9145
05390,2032,9217
05390,2033,9317
05390,2034,9396
05390,2035,9468
05390,2036,9551
05390,2037,9638
05390,2038,9722
05390,2039,9803
05390,2040,9862
05390,2041,9947
05390,2042,10029
05400,2005,18610
05400,2006,18805
05400,2007,19012
05400,2008,19216
05400,2009,19439
05400,2010,19617
05400,2011,19810
05400,2012,20012
05400,2013,20241
05400,2014,20405
05400,2015,20572
05400,2016,20784
05400,2017,21075
05400,2018,21479
05400,2019,21871
05400,2020,22306
05400,2021,22702
05400,2022,23067
05400,2023,23399
05400,2024,23718
05400,2025,24057
05400,2026,24374
05400,2027,24678
05400,2028,24994
05400,2029,25284
05400,2030,25578
05400,2031,25867
05400,2032,26148
05400,2033,26450
05400,2034,26712
05400,2035,26979
05400,2036,27255
05400,2037,27524
05400,2038,27771
05400,2039,28016
05400,2040,28286
05400,2041,28519
05400,2042,28766
05411,2005,10509
05411,2006,10451
05411,2007,10416
05411,2008,10411
05411,2009,10298
05411,2010,10247
05411,2011,10226
05411,2012,10166
05411,2013,10128
05411,2014,10106
05411,2015,10093
05411,2016,10094
05411,2017,10007
05411,2018,10023
05411,2019,10243
05411,2020,10470
05411,2021,10568
05411,2022,10616
05411,2023,10675
05411,2024,10817
05411,2025,10854
05411,2026,10896
05411,2027,10910
05411,2028,10954
05411,2029,10941
05411,2030,10932
05411,2031,10934
05411,2032,10924
05411,2033,10913
05411,2034,10875
05411,2035,10845
05411,2036,10813
05411,2037,10773
05411,2038,10721
05411,2039,10682
05411,2040,10618
05411,2041,10544
05411,2042,10488
05425,2005,8688
05425,2006,8632
05425,2007,8597
05425,2008,8552
05425,2009,8480
05425,2010,8451
05425,2011,8411
05425,2012,8396
05425,2013,8372
05425,2014,8326
05425,2015,8317
05425,2016,8277
05425,2017,8188
05425,2018,8217
05425,2019,8369
05425,2020,8522
05425,2021,8611
05425,2022,8673
05425,2023,8725
05425,2024,8808
05425,2025,8873
05425,2026,8902
05425,2027,8927
05425,2028,8966
05425,2029,8987
05425,2030,9008
05425,2031,9020
05425,2032,9029
05425,2033,9040
05425,2034,9050
05425,2035,9048
05425,2036,9031
05425,2037,9013
05425,2038,9015
05425,2039,8991
05425,2040,8972
05425,2041,8948
05425,2042,8915
05440,2005,52242
05440,2006,53126
05440,2007,54048
05440,2008,54917
05440,2009,55778
05440,2010,56685
05440,2011,57642
05440,2012,58528
05440,2013,59378
05440,2014,60268
05440,2015,61201
05440,2016,62194
05440,2017,63234
05440,2018,64640
05440,2019,66120
05440,2020,67645
05440,2021,69257
05440,2022,70655
05440,2023,71999
05440,2024,73095
05440,2025,74390
05440,2026,75558
05440,2027,76679
05440,2028,77751
05440,2029,78794
05440,2030,79802
05440,2031,80763
05440,2032,81697
05440,2033,82593
05440,2034,83427
05440,2035,84235
05440,2036,84988
05440,2037,85711
05440,2038,86395
05440,2039,87035
05440,2040,87645
05440,2041,88212
05440,2042,88715
05467,2005,7845
05467,2006,7709
05467,2007,7599
05467,2008,7557
05467,2009,7455
05467,2010,7341
05467,2011,7246
05467,2012,7150
05467,2013,7066
05467,2014,6981
05467,2015,6897
05467,2016,6786
05467,2017,6779
05467,2018,6662
05467,2019,6719
05467,2020,6764
05467,2021,6719
05467,2022,6665
05467,2023,6608
05467,2024,6595
05467,2025,6538
05467,2026,6477
05467,2027,6394
05467,2028,6318
05467,2029,6238
05467,2030,6166
05467,2031,6078
05467,2032,6008
05467,2033,5904
05467,2034,5829
05467,2035,5729
05467,2036,5646
05467,2037,5547
05467,2038,5457
05467,2039,5350
05467,2040,5261
05467,2041,5158
05467,2042,5067
05475,2005,3611
05475,2006,3692
05475,2007,3786
05475,2008,3896
05475,2009,4004
05475,2010,4086
05475,2011,4180
05475,2012,4293
05475,2013,4391
05475,2014,4480
05475,2015,4589
05475,2016,4696
05475,2017,4808
05475,2018,4902
05475,2019,5080
05475,2020,5268
05475,2021,5397
05475,2022,5508
05475,2023,5636
05475,2024,5769
05475,2025,5896
05475,2026,6023
05475,2027,6136
05475,2028,6257
05475,2029,6383
05475,2030,6486
05475,2031,6600
05475,2032,6703
05475,2033,6803
05475,2034,6911
05475,2035,7005
05475,2036,7116
05475,2037,7218
05475,2038,7317
05475,2039,7410
05475,2040,7507
05475,2041,7596
05475,2042,7691
05480,2005,12175
05480,2006,12305
05480,2007,12415
05480,2008,12548
05480,2009,12680
05480,2010,12825
05480,2011,12940
05480,2012,13090
05480,2013,13231
05480,2014,13385
05480,2015,13512
05480,2016,13625
05480,2017,13778
05480,2018,13991
05480,2019,14048
05480,2020,14093
05480,2021,14054
05480,2022,13960
05480,2023,13895
05480,2024,13872
05480,2025,13821
05480,2026,13717
05480,2027,13640
05480,2028,13582
05480,2029,13495
05480,2030,13411
05480,2031,13339
05480,2032,13251
05480,2033,13165
05480,2034,13095
05480,2035,13016
05480,2036,12939
05480,2037,12855
05480,2038,12774
05480,2039,12715
05480,2040,12633
05480,2041,12542
05480,2042,12481
05483,2005,12632
05483,2006,12443
05483,2007,12234
05483,2008,12033
05483,2009,11852
05483,2010,11611
05483,2011,11423
05483,2012,11227
05483,2013,11038
05483,2014,10820
05483,2015,10650
05483,2016,10501
05483,2017,10254
05483,2018,10154
05483,2019,10335
05483,2020,10543
05483,2021,10648
05483,2022,10711
05483,2023,10787
05483,2024,10906
05483,2025,11000
05483,2026,11059
05483,2027,11124
05483,2028,11169
05483,2029,11184
05483,2030,11228
05483,2031,11265
05483,2032,11288
05483,2033,11290
05483,2034,11308
05483,2035,11303
05483,2036,11314
05483,2037,11312
05483,2038,11292
05483,2039,11291
05483,2040,11256
05483,2041,11230
05483,2042,11211
05490,2005,36466
05490,2006,36835
05490,2007,37227
05490,2008,37618
05490,2009,38019
05490,2010,38457
05490,2011,38885
05490,2012,39305
05490,2013,39617
05490,2014,40069
05490,2015,40508
05490,2016,41016
05490,2017,41526
05490,2018,42279
05490,2019,42626
05490,2020,43061
05490,2021,42976
05490,2022,42809
05490,2023,42628
05490,2024,42718
05490,2025,42569
05490,2026,42372
05490,2027,42124
05490,2028,41896
05490,2029,41670
05490,2030,41433
05490,2031,41178
05490,2032,40915
05490,2033,40658
05490,2034,40365
05490,2035,40116
05490,2036,39825
05490,2037,39529
05490,2038,39244
05490,2039,38951
05490,2040,38650
05490,2041,38350
05490,2042,38064
05495,2005,20179
05495,2006,20578
05495,2007,20988
05495,2008,21396
05495,2009,21821
05495,2010,22265
05495,2011,22669
05495,2012,23070
05495,2013,23412
05495,2014,23822
05495,2015,24258
05495,2016,24697
05495,2017,25165
05495,2018,25786
05495,2019,26385
05495,2020,27004
05495,2021,27525
05495,2022,28007
05495,2023,28513
05495,2024,28955
05495,2025,29415
05495,2026,29853
05495,2027,30257
05495,2028,30651
05495,2029,31057
05495,2030,31436
05495,2031,31795
05495,2032,32153
05495,2033,32505
05495,2034,32841
05495,2035,33152
05495,2036,33482
05495,2037,33784
05495,2038,34088
05495,2039,34370
05495,2040,34646
05495,2041,34925
05495,2042,35177
05501,2005,3224
05501,2006,3170
05501,2007,3146
05501,2008,3147
05501,2009,3132
05501,2010,3130
05501,2011,3110
05501,2012,3097
05501,2013,3101
05501,2014,3092
05501,2015,3093
05501,2016,3092
05501,2017,3100
05501,2018,3118
05501,2019,3200
05501,2020,3290
05501,2021,3333
05501,2022,3351
05501,2023,3367
05501,2024,3431
05501,2025,3469
05501,2026,3496
05501,2027,3492
05501,2028,3484
05501,2029,3503
05501,2030,3511
05501,2031,3499
05501,2032,3510
05501,2033,3503
05501,2034,3482
05501,2035,3488
05501,2036,3461
05501,2037,3457
05501,2038,3427
05501,2039,3420
05501,2040,3379
05501,2041,3359
05501,2042,3339
05541,2005,18498
05541,2006,18685
05541,2007,18850
05541,2008,19042
05541,2009,19230
05541,2010,19377
05541,2011,19561
05541,2012,19751
05541,2013,19842
05541,2014,20002
05541,2015,20119
05541,2016,20351
05541,2017,20694
05541,2018,21046
05541,2019,21536
05541,2020,22036
05541,2021,22454
05541,2022,22821
05541,2023,23147
05541,2024,23491
05541,2025,23827
05541,2026,24121
05541,2027,24387
05541,2028,24666
05541,2029,24871
05541,2030,25125
05541,2031,25321
05541,2032,25520
05541,2033,25715
05541,2034,25879
05541,2035,26049
05541,2036,26175
05541,2037,26310
05541,2038,26429
05541,2039,26516
05541,2040,26634
05541,2041,26730
05541,2042,26801
05543,2005,7822
05543,2006,7831
05543,2007,7851
05543,2008,7841
05543,2009,7841
05543,2010,7833
05543,2011,7904
05543,2012,7941
05543,2013,7940
05543,2014,7937
05543,2015,7976
05543,2016,7991
05543,2017,8023
05543,2018,8108
05543,2019,8257
05543,2020,8421
05543,2021,8510
05543,2022,8555
05543,2023,8617
05543,2024,8733
05543,2025,8782
05543,2026,8835
05543,2027,8903
05543,2028,8928
05543,2029,8949
05543,2030,8993
05543,2031,8995
05543,2032,9006
05543,2033,9014
05543,2034,9031
05543,2035,9034
05543,2036,9024
05543,2037,9031
05543,2038,9011
05543,2039,8999
05543,2040,8971
05543,2041,8952
05543,2042,8932
05576,2005,8969
05576,2006,8955
05576,2007,8917
05576,2008,8886
05576,2009,8844
05576,2010,8804
05576,2011,8796
05576,2012,8749
05576,2013,8723
05576,2014,8724
05576,2015,8741
05576,2016,8739
05576,2017,8618
05576,2018,8660
05576,2019,8754
05576,2020,8861
05576,2021,8909
05576,2022,8956
05576,2023,8983
05576,2024,9040
05576,2025,9053
05576,2026,9073
05576,2027,9087
05576,2028,9109
05576,2029,9104
05576,2030,9129
05576,2031,9117
05576,2032,9118
05576,2033,9119
05576,2034,9106
05576,2035,9094
05576,2036,9055
05576,2037,9035
05576,2038,9042
05576,2039,9015
05576,2040,8984
05576,2041,8959
05576,2042,8908
05579,2005,34728
05579,2006,35049
05579,2007,35358
05579,2008,35674
05579,2009,36002
05579,2010,36286
05579,2011,36620
05579,2012,36977
05579,2013,37309
05579,2014,37588
05579,2015,37917
05579,2016,38302
05579,2017,38721
05579,2018,39317
05579,2019,39202
05579,2020,39144
05579,2021,39297
05579,2022,39342
05579,2023,39383
05579,2024,39164
05579,2025,39192
05579,2026,39161
05579,2027,39150
05579,2028,39120
05579,2029,39087
05579,2030,39047
05579,2031,39008
05579,2032,38966
05579,2033,38923
05579,2034,38880
05579,2035,38805
05579,2036,38748
05579,2037,38683
05579,2038,38603
05579,2039,38547
05579,2040,38444
05579,2041,38339
05579,2042,38225
05585,2005,15171
05585,2006,15095
05585,2007,15015
05585,2008,14887
05585,2009,14864
05585,2010,14780
05585,2011,14696
05585,2012,14640
05585,2013,14605
05585,2014,14501
05585,2015,14474
05585,2016,14370
05585,2017,14389
05585,2018,14382
05585,2019,14651
05585,2020,14934
05585,2021,15076
05585,2022,15209
05585,2023,15293
05585,2024,15465
05585,2025,15584
05585,2026,15675
05585,2027,15726
05585,2028,15802
05585,2029,15850
05585,2030,15896
05585,2031,15949
05585,2032,15976
05585,2033,16006
05585,2034,16018
05585,2035,16010
05585,2036,16019
05585,2037,16016
05585,2038,15991
05585,2039,15976
05585,2040,15950
05585,2041,15915
05585,2042,15879
05591,2005,14136
05591,2006,14439
05591,2007,14707
05591,2008,14998
05591,2009,15272
05591,2010,15573
05591,2011,15873
05591,2012,16134
05591,2013,16417
05591,2014,16684
05591,2015,17005
05591,2016,17294
05591,2017,17669
05591,2018,18052
05591,2019,18551
05591,2020,19074
05591,2021,19310
05591,2022,19498
05591,2023,19661
05591,2024,20006
05591,2025,20173
05591,2026,20322
05591,2027,20442
05591,2028,20555
05591,2029,20632
05591,2030,20714
05591,2031,20766
05591,2032,20825
05591,2033,20867
05591,2034,20878
05591,2035,20882
05591,2036,20882
05591,2037,20874
05591,2038,20822
05591,2039,20788
05591,2040,20753
05591,2041,20691
05591,2042,20627
05604,2005,24785
05604,2006,25033
05604,2007,25279
05604,2008,25513
05604,2009,25784
05604,2010,26045
05604,2011,26325
05604,2012,26549
05604,2013,26684
05604,2014,26918
05604,2015,27214
05604,2016,27530
05604,2017,27869
05604,2018,28423
05604,2019,29213
05604,2020,30056
05604,2021,30674
05604,2022,31245
05604,2023,31804
05604,2024,32457
05604,2025,33021
05604,2026,33548
05604,2027,34072
05604,2028,34572
05604,2029,35045
05604,2030,35538
05604,2031,36007
05604,2032,36456
05604,2033,36903
05604,2034,37342
05604,2035,37779
05604,2036,38196
05604,2037,38592
05604,2038,39000
05604,2039,39365
05604,2040,39750
05604,2041,40130
05604,2042,40476
05607,2005,18801
05607,2006,19160
05607,2007,19514
05607,2008,19857
05607,2009,20198
05607,2010,20537
05607,2011,20870
05607,2012,21168
05607,2013,21460
05607,2014,21833
05607,2015,22178
05607,2016,22486
05607,2017,23017
05607,2018,23516
05607,2019,24136
05607,2020,24807
05607,2021,25360
05607,2022,25853
05607,2023,26306
05607,2024,26766
05607,2025,27218
05607,2026,27622
05607,2027,28011
05607,2028,28363
05607,2029,28707
05607,2030,29029
05607,2031,29331
05607,2032,29617
05607,2033,29890
05607,2034,30149
05607,2035,30364
05607,2036,30599
05607,2037,30790
05607,2038,30972
05607,2039,31144
05607,2040,31282
05607,2041,31412
05607,2042,31518
05615,2005,105684
05615,2006,107855
05615,2007,110027
05615,2008,112193
05615,2009,114361
05615,2010,116574
05615,2011,118781
05615,2012,120936
05615,2013,123017
05615,2014,125195
05615,2015,127391
05615,2016,129753
05615,2017,132301
05615,2018,135473
05615,2019,138479
05615,2020,141638
05615,2021,144612
05615,2022,147196
05615,2023,149627
05615,2024,151872
05615,2025,154192
05615,2026,156303
05615,2027,158292
05615,2028,160209
05615,2029,162034
05615,2030,163772
05615,2031,165434
05615,2032,167011
05615,2033,168496
05615,2034,169892
05615,2035,171187
05615,2036,172428
05615,2037,173577
05615,2038,174645
05615,2039,175648
05615,2040,176545
05615,2041,177355
05615,2042,178104
05628,2005,8541
05628,2006,8565
05628,2007,8597
05628,2008,8638
05628,2009,8679
05628,2010,8688
05628,2011,8737
05628,2012,8748
05628,2013,8765
05628,2014,8801
05628,2015,8837
05628,2016,8881
05628,2017,8941
05628,2018,9034
05628,2019,9207
05628,2020,9422
05628,2021,9507
05628,2022,9621
05628,2023,9692
05628,2024,9827
05628,2025,9909
05628,2026,9963
05628,2027,10001
05628,2028,10057
05628,2029,10107
05628,2030,10135
05628,2031,10188
05628,2032,10205
05628,2033,10232
05628,2034,10245
05628,2035,10250
05628,2036,10248
05628,2037,10267
05628,2038,10262
05628,2039,10259
05628,2040,10253
05628,2041,10259
05628,2042,10221
05631,2005,58117
05631,2006,59931
05631,2007,61730
05631,2008,63563
05631,2009,65370
05631,2010,67197
05631,2011,68989
05631,2012,70783
05631,2013,72553
05631,2014,74314
05631,2015,76089
05631,2016,77966
05631,2017,79983
05631,2018,82376
05631,2019,86724
05631,2020,91288
05631,2021,94754
05631,2022,97831
05631,2023,100767
05631,2024,103765
05631,2025,106652
05631,2026,109260
05631,2027,111801
05631,2028,114226
05631,2029,116564
05631,2030,118837
05631,2031,121007
05631,2032,123071
05631,2033,125035
05631,2034,126900
05631,2035,128657
05631,2036,130334
05631,2037,131885
05631,2038,133303
05631,2039,134633
05631,2040,135854
05631,2041,136956
05631,2042,137974
05642,2005,19884
05642,2006,19726
05642,2007,19569
05642,2008,19420
05642,2009,19290
05642,2010,19157
05642,2011,19038
05642,2012,18822
05642,2013,18706
05642,2014,18593
05642,2015,18427
05642,2016,18341
05642,2017,18241
05642,2018,18267
05642,2019,18477
05642,2020,18723
05642,2021,18784
05642,2022,18831
05642,2023,18844
05642,2024,18915
05642,2025,18925
05642,2026,18910
05642,2027,18869
05642,2028,18845
05642,2029,18790
05642,2030,18726
05642,2031,18654
05642,2032,18564
05642,2033,18483
05642,2034,18381
05642,2035,18263
05642,2036,18162
05642,2037,18052
05642,2038,17924
05642,2039,17779
05642,2040,17650
05642,2041,17497
05642,2042,17370
05647,2005,7699
05647,2006,7670
05647,2007,7629
05647,2008,7597
05647,2009,7505
05647,2010,7463
05647,2011,7424
05647,2012,7385
05647,2013,7340
05647,2014,7319
05647,2015,7280
05647,2016,7270
05647,2017,7243
05647,2018,7215
05647,2019,7307
05647,2020,7374
05647,2021,7392
05647,2022,7393
05647,2023,7389
05647,2024,7406
05647,2025,7402
05647,2026,7380
05647,2027,7348
05647,2028,7317
05647,2029,7294
05647,2030,7253
05647,2031,7216
05647,2032,7193
05647,2033,7128
05647,2034,7092
05647,2035,7049
05647,2036,6982
05647,2037,6927
05647,2038,6875
05647,2039,6809
05647,2040,6759
05647,2041,6681
05647,2042,6624
05649,2005,20403
05649,2006,20050
05649,2007,19706
05649,2008,19345
05649,2009,19008
05649,2010,18714
05649,2011,18357
05649,2012,18031
05649,2013,17714
05649,2014,17394
05649,2015,17016
05649,2016,16739
05649,2017,16496
05649,2018,16256
05649,2019,16423
05649,2020,16629
05649,2021,16720
05649,2022,16776
05649,2023,16827
05649,2024,16912
05649,2025,16938
05649,2026,16961
05649,2027,16966
05649,2028,16955
05649,2029,16945
05649,2030,16932
05649,2031,16903
05649,2032,16848
05649,2033,16829
05649,2034,16770
05649,2035,16703
05649,2036,16642
05649,2037,16588
05649,2038,16518
05649,2039,16423
05649,2040,16336
05649,2041,16262
05649,2042,16172
05652,2005,5990
05652,2006,5962
05652,2007,5939
05652,2008,5880
05652,2009,5868
05652,2010,5830
05652,2011,5823
05652,2012,5775
05652,2013,5715
05652,2014,5698
05652,2015,5672
05652,2016,5649
05652,2017,5602
05652,2018,5648
05652,2019,5736
05652,2020,5817
05652,2021,5874
05652,2022,5910
05652,2023,5960
05652,2024,6013
05652,2025,6058
05652,2026,6089
05652,2027,6111
05652,2028,6138
05652,2029,6148
05652,2030,6195
05652,2031,6193
05652,2032,6233
05652,2033,6234
05652,2034,6252
05652,2035,6248
05652,2036,6254
05652,2037,6255
05652,2038,6265
05652,2039,6274
05652,2040,6270
05652,2041,6258
05652,2042,6257
05656,2005,13470
05656,2006,13616
05656,2007,13725
05656,2008,13873
05656,2009,14020
05656,2010,14127
05656,2011,14277
05656,2012,14427
05656,2013,14578
05656,2014,14698
05656,2015,14800
05656,2016,14912
05656,2017,15123
05656,2018,15358
05656,2019,15840
05656,2020,16344
05656,2021,16777
05656,2022,17154
05656,2023,17549
05656,2024,17982
05656,2025,18345
05656,2026,18757
05656,2027,19118
05656,2028,19484
05656,2029,19856
05656,2030,20209
05656,2031,20566
05656,2032,20935
05656,2033,21287
05656,2034,21627
05656,2035,21977
05656,2036,22315
05656,2037,22659
05656,2038,22999
05656,2039,23342
05656,2040,23670
05656,2041,24007
05656,2042,24309
05658,2005,3234
05658,2006,3271
05658,2007,3292
05658,2008,3318
05658,2009,3340
05658,2010,3396
05658,2011,3428
05658,2012,3447
05658,2013,3493
05658,2014,3535
05658,2015,3591
05658,2016,3576
05658,2017,3581
05658,2018,3648
05658,2019,3698
05658,2020,3771
05658,2021,3818
05658,2022,3888
05658,2023,3924
05658,2024,3963
05658,2025,4017
05658,2026,4070
05658,2027,4114
05658,2028,4157
05658,2029,4189
05658,2030,4242
05658,2031,4292
05658,2032,4328
05658,2033,4363
05658,2034,4409
05658,2035,4445
05658,2036,4477
05658,2037,4511
05658,2038,4534
05658,2039,4574
05658,2040,4621
05658,2041,4636
05658,2042,4669
05659,2005,16333
05659,2006,16609
05659,2007,16889
05659,2008,17155
05659,2009,17433
05659,2010,17737
05659,2011,17983
05659,2012,18230
05659,2013,18540
05659,2014,18767
05659,2015,19025
05659,2016,19332
05659,2017,19687
05659,2018,20085
05659,2019,20138
05659,2020,20239
05659,2021,20197
05659,2022,20155
05659,2023,20094
05659,2024,20025
05659,2025,19946
05659,2026,19844
05659,2027,19726
05659,2028,19616
05659,2029,19467
05659,2030,19338
05659,2031,19216
05659,2032,19067
05659,2033,18893
05659,2034,18746
05659,2035,18588
05659,2036,18418
05659,2037,18270
05659,2038,18091
05659,2039,17908
05659,2040,17756
05659,2041,17573
05659,2042,17397
05660,2005,13498
05660,2006,13448
05660,2007,13398
05660,2008,13348
05660,2009,13312
05660,2010,13225
05660,2011,13187
05660,2012,13165
05660,2013,13141
05660,2014,13064
05660,2015,13022
05660,2016,12993
05660,2017,13005
05660,2018,12990
05660,2019,13220
05660,2020,13475
05660,2021,13691
05660,2022,13882
05660,2023,14066
05660,2024,14242
05660,2025,14447
05660,2026,14593
05660,2027,14753
05660,2028,14921
05660,2029,15095
05660,2030,15227
05660,2031,15368
05660,2032,15517
05660,2033,15662
05660,2034,15802
05660,2035,15934
05660,2036,16083
05660,2037,16217
05660,2038,16320
05660,2039,16423
05660,2040,16555
05660,2041,16668
05660,2042,16772
05664,2005,18921
05664,2006,19115
05664,2007,19330
05664,2008,19565
05664,2009,19791
05664,2010,20020
05664,2011,20218
05664,2012,20399
05664,2013,20592
05664,2014,20784
05664,2015,20970
05664,2016,21226
05664,2017,21564
05664,2018,21949
05664,2019,22073
05664,2020,22221
05664,2021,22298
05664,2022,22298
05664,2023,22311
05664,2024,22297
05664,2025,22287
05664,2026,22252
05664,2027,22210
05664,2028,22162
05664,2029,22089
05664,2030,22026
05664,2031,21939
05664,2032,21844
05664,2033,21747
05664,2034,21656
05664,2035,21550
05664,2036,21442
05664,2037,21317
05664,2038,21216
05664,2039,21076
05664,2040,20935
05664,2041,20809
05664,2042,20648
05665,2005,27625
05665,2006,27833
05665,2007,28042
05665,2008,28244
05665,2009,28475
05665,2010,28732
05665,2011,28981
05665,2012,29166
05665,2013,29359
05665,2014,29525
05665,2015,29792
05665,2016,30106
05665,2017,30431
05665,2018,30934
05665,2019,31274
05665,2020,31625
05665,2021,31876
05665,2022,32053
05665,2023,32182
05665,2024,32352
05665,2025,32471
05665,2026,32528
05665,2027,32584
05665,2028,32619
05665,2029,32650
05665,2030,32650
05665,2031,32644
05665,2032,32626
05665,2033,32570
05665,2034,32517
05665,2035,32451
05665,2036,32376
05665,2037,32278
05665,2038,32171
05665,2039,32064
05665,2040,31934
05665,2041,31797
05665,2042,31654
05667,2005,16716
05667,2006,16600
05667,2007,16508
05667,2008,16425
05667,2009,16351
05667,2010,16243
05667,2011,16142
05667,2012,16077
05667,2013,15989
05667,2014,15881
05667,2015,15756
05667,2016,15721
05667,2017,15747
05667,2018,15713
05667,2019,15999
05667,2020,16305
05667,2021,16585
05667,2022,16791
05667,2023,16982
05667,2024,17222
05667,2025,17411
05667,2026,17572
05667,2027,17763
05667,2028,17910
05667,2029,18079
05667,2030,18225
05667,2031,18388
05667,2032,18525
05667,2033,18657
05667,2034,18793
05667,2035,18897
05667,2036,19017
05667,2037,19130
05667,2038,19219
05667,2039,19343
05667,2040,19426
05667,2041,19505
05667,2042,19584
05670,2005,20924
05670,2006,20903
05670,2007,20921
05670,2008,20932
05670,2009,20965
05670,2010,21008
05670,2011,21045
05670,2012,21052
05670,2013,21107
05670,2014,21105
05670,2015,21171
05670,2016,21217
05670,2017,21246
05670,2018,21517
05670,2019,22122
05670,2020,22742
05670,2021,23116
05670,2022,23460
05670,2023,23768
05670,2024,24238
05670,2025,24555
05670,2026,24855
05670,2027,25142
05670,2028,25416
05670,2029,25644
05670,2030,25890
05670,2031,26092
05670,2032,26315
05670,2033,26531
05670,2034,26702
05670,2035,26874
05670,2036,27052
05670,2037,27188
05670,2038,27343
05670,2039,27463
05670,2040,27588
05670,2041,27707
05670,2042,27806
05674,2005,21761
05674,2006,21729
05674,2007,21722
05674,2008,21725
05674,2009,21719
05674,2010,21746
05674,2011,21763
05674,2012,21764
05674,2013,21765
05674,2014,21758
05674,2015,21800
05674,2016,21860
05674,2017,21914
05674,2018,22084
05674,2019,22659
05674,2020,23262
05674,2021,23578
05674,2022,23860
05674,2023,24116
05674,2024,24534
05674,2025,24776
05674,2026,24984
05674,2027,25190
05674,2028,25362
05674,2029,25523
05674,2030,25682
05674,2031,25816
05674,2032,25946
05674,2033,26038
05674,2034,26119
05674,2035,26200
05674,2036,26255
05674,2037,26314
05674,2038,26353
05674,2039,26377
05674,2040,26390
05674,2041,26385
05674,2042,26388
05679,2005,28269
05679,2006,28103
05679,2007,27934
05679,2008,27790
05679,2009,27630
05679,2010,27520
05679,2011,27394
05679,2012,27227
05679,2013,27047
05679,2014,26893
05679,2015,26771
05679,2016,26671
05679,2017,26627
05679,2018,26782
05679,2019,27302
05679,2020,27834
05679,2021,28206
05679,2022,28534
05679,2023,28829
05679,2024,29171
05679,2025,29470
05679,2026,29737
05679,2027,29937
05679,2028,30179
05679,2029,30387
05679,2030,30580
05679,2031,30775
05679,2032,30976
05679,2033,31129
05679,2034,31259
05679,2035,31416
05679,2036,31544
05679,2037,31661
05679,2038,31762
05679,2039,31869
05679,2040,31958
05679,2041,32029
05679,2042,32086
05686,2005,31712
05686,2006,32006
05686,2007,32321
05686,2008,32633
05686,2009,32933
05686,2010,33279
05686,2011,33557
05686,2012,33874
05686,2013,34199
05686,2014,34488
05686,2015,34887
05686,2016,35308
05686,2017,35684
05686,2018,36312
05686,2019,36987
05686,2020,37680
05686,2021,38277
05686,2022,38798
05686,2023,39288
05686,2024,39788
05686,2025,40261
05686,2026,40697
05686,2027,41115
05686,2028,41550
05686,2029,41931
05686,2030,42326
05686,2031,42705
05686,2032,43076
05686,2033,43423
05686,2034,43777
05686,2035,44132
05686,2036,44431
05686,2037,44765
05686,2038,45069
05686,2039,45346
05686,2040,45629
05686,2041,45882
05686,2042,46154
05690,2005,13959
05690,2006,13810
05690,2007,13690
05690,2008,13513
05690,2009,13416
05690,2010,13291
05690,2011,13127
05690,2012,13010
05690,2013,12877
05690,2014,12751
05690,2015,12604
05690,2016,12535
05690,2017,12426
05690,2018,12393
05690,2019,12661
05690,2020,12949
05690,2021,13084
05690,2022,13164
05690,2023,13254
05690,2024,13434
05690,2025,13488
05690,2026,13568
05690,2027,13605
05690,2028,13644
05690,2029,13654
05690,2030,13690
05690,2031,13696
05690,2032,13690
05690,2033,13664
05690,2034,13659
05690,2035,13626
05690,2036,13601
05690,2037,13553
05690,2038,13500
05690,2039,13456
05690,2040,13393
05690,2041,13340
05690,2042,13261
05697,2005,30825
05697,2006,31141
05697,2007,31460
05697,2008,31769
05697,2009,32097
05697,2010,32446
05697,2011,32729
05697,2012,33030
05697,2013,33391
05697,2014,33707
05697,2015,33985
05697,2016,34347
05697,2017,34862
05697,2018,35429
05697,2019,36100
05697,2020,36839
05697,2021,37602
05697,2022,38269
05697,2023,38877
05697,2024,39396
05697,2025,39984
05697,2026,40538
05697,2027,41037
05697,2028,41555
05697,2029,42048
05697,2030,42490
05697,2031,42962
05697,2032,43384
05697,2033,43800
05697,2034,44192
05697,2035,44564
05697,2036,44934
05697,2037,45246
05697,2038,45571
05697,2039,45882
05697,2040,46161
05697,2041,46434
05697,2042,46668
05736,2005,31463
05736,2006,31926
05736,2007,32395
05736,2008,32848
05736,2009,33310
05736,2010,33766
05736,2011,34239
05736,2012,34725
05736,2013,35217
05736,2014,35659
05736,2015,36088
05736,2016,36605
05736,2017,37171
05736,2018,37900
05736,2019,38046
05736,2020,38217
05736,2021,38568
05736,2022,38842
05736,2023,39062
05736,2024,39116
05736,2025,39343
05736,2026,39549
05736,2027,39699
05736,2028,39882
05736,2029,40049
05736,2030,40210
05736,2031,40369
05736,2032,40545
05736,2033,40700
05736,2034,40846
05736,2035,40992
05736,2036,41134
05736,2037,41259
05736,2038,41393
05736,2039,41501
05736,2040,41623
05736,2041,41715
05736,2042,41809
05756,2005,38145
05756,2006,37948
05756,2007,37762
05756,2008,37557
05756,2009,37367
05756,2010,37224
05756,2011,37002
05756,2012,36825
05756,2013,36621
05756,2014,36474
05756,2015,36363
05756,2016,36242
05756,2017,36145
05756,2018,36327
05756,2019,36423
05756,2020,36598
05756,2021,36558
05756,2022,36411
05756,2023,36248
05756,2024,36144
05756,2025,35980
05756,2026,35750
05756,2027,35504
05756,2028,35251
05756,2029,34971
05756,2030,34680
05756,2031,34383
05756,2032,34085
05756,2033,33745
05756,2034,33424
05756,2035,33076
05756,2036,32746
05756,2037,32384
05756,2038,32017
05756,2039,31628
05756,2040,31261
05756,2041,30877
05756,2042,30489
05761,2005,14286
05761,2006,14351
05761,2007,14387
05761,2008,14429
05761,2009,14478
05761,2010,14493
05761,2011,14529
05761,2012,14576
05761,2013,14612
05761,2014,14688
05761,2015,14773
05761,2016,14882
05761,2017,14885
05761,2018,15057
05761,2019,15332
05761,2020,15636
05761,2021,15845
05761,2022,16013
05761,2023,16164
05761,2024,16366
05761,2025,16523
05761,2026,16647
05761,2027,16755
05761,2028,16876
05761,2029,16980
05761,2030,17071
05761,2031,17182
05761,2032,17247
05761,2033,17329
05761,2034,17398
05761,2035,17462
05761,2036,17512
05761,2037,17564
05761,2038,17607
05761,2039,17646
05761,2040,17664
05761,2041,17699
05761,2042,17713
05789,2005,18259
05789,2006,18082
05789,2007,17917
05789,2008,17731
05789,2009,17580
05789,2010,17393
05789,2011,17222
05789,2012,17051
05789,2013,16912
05789,2014,16758
05789,2015,16564
05789,2016,16441
05789,2017,16395
05789,2018,16276
05789,2019,16426
05789,2020,16585
05789,2021,16624
05789,2022,16650
05789,2023,16637
05789,2024,16676
05789,2025,16674
05789,2026,16646
05789,2027,16606
05789,2028,16564
05789,2029,16503
05789,2030,16458
05789,2031,16390
05789,2032,16305
05789,2033,16223
05789,2034,16123
05789,2035,16028
05789,2036,15952
05789,2037,15828
05789,2038,15718
05789,2039,15591
05789,2040,15476
05789,2041,15362
05789,2042,15249
05790,2005,22141
05790,2006,22465
05790,2007,22826
05790,2008,23166
05790,2009,23541
05790,2010,23910
05790,2011,24285
05790,2012,24570
05790,2013,24875
05790,2014,25191
05790,2015,25566
05790,2016,25973
05790,2017,26401
05790,2018,26960
05790,2019,27375
05790,2020,27804
05790,2021,28134
05790,2022,28448
05790,2023,28729
05790,2024,29027
05790,2025,29298
05790,2026,29542
05790,2027,29772
05790,2028,30008
05790,2029,30204
05790,2030,30407
05790,2031,30570
05790,2032,30733
05790,2033,30909
05790,2034,31037
05790,2035,31168
05790,2036,31301
05790,2037,31398
05790,2038,31495
05790,2039,31573
05790,2040,31653
05790,2041,31709
05790,2042,31760
05792,2005,6526
05792,2006,6456
05792,2007,6430
05792,2008,6399
05792,2009,6411
05792,2010,6379
05792,2011,6386
05792,2012,6331
05792,2013,6279
05792,2014,6256
05792,2015,6210
05792,2016,6141
05792,2017,6133
05792,2018,6187
05792,2019,6240
05792,2020,6316
05792,2021,6388
05792,2022,6423
05792,2023,6470
05792,2024,6530
05792,2025,6556
05792,2026,6597
05792,2027,6644
05792,2028,6653
05792,2029,6710
05792,2030,6707
05792,2031,6749
05792,2032,6763
05792,2033,6780
05792,2034,6792
05792,2035,6821
05792,2036,6814
05792,2037,6831
05792,2038,6847
05792,2039,6863
05792,2040,6859
05792,2041,6869
05792,2042,6872
05809,2005,12154
05809,2006,12006
05809,2007,11903
05809,2008,11794
05809,2009,11655
05809,2010,11537
05809,2011,11451
05809,2012,11342
05809,2013,11239
05809,2014,11141
05809,2015,11013
05809,2016,10992
05809,2017,10865
05809,2018,10782
05809,2019,10941
05809,2020,11090
05809,2021,11217
05809,2022,11286
05809,2023,11348
05809,2024,11449
05809,2025,11537
05809,2026,11582
05809,2027,11660
05809,2028,11692
05809,2029,11746
05809,2030,11779
05809,2031,11829
05809,2032,11862
05809,2033,11879
05809,2034,11911
05809,2035,11925
05809,2036,11940
05809,2037,11956
05809,2038,11964
05809,2039,11976
05809,2040,11953
05809,2041,11938
05809,2042,11923
05819,2005,5596
05819,2006,5573
05819,2007,5478
05819,2008,5435
05819,2009,5350
05819,2010,5317
05819,2011,5255
05819,2012,5199
05819,2013,5159
05819,2014,5113
05819,2015,5085
05819,2016,5049
05819,2017,5013
05819,2018,4993
05819,2019,5011
05819,2020,5026
05819,2021,4993
05819,2022,4955
05819,2023,4905
05819,2024,4867
05819,2025,4824
05819,2026,4767
05819,2027,4724
05819,2028,4648
05819,2029,4599
05819,2030,4541
05819,2031,4480
05819,2032,4385
05819,2033,4320
05819,2034,4267
05819,2035,4195
05819,2036,4120
05819,2037,4051
05819,2038,3982
05819,2039,3913
05819,2040,3830
05819,2041,3774
05819,2042,3690
05837,2005,103592
05837,2006,105057
05837,2007,106537
05837,2008,108017
05837,2009,109496
05837,2010,111028
05837,2011,112602
05837,2012,114076
05837,2013,115542
05837,2014,117026
05837,2015,118571
05837,2016,120238
05837,2017,122168
05837,2018,124559
05837,2019,126132
05837,2020,127888
05837,2021,128586
05837,2022,128982
05837,2023,129280
05837,2024,130019
05837,2025,130233
05837,2026,130286
05837,2027,130264
05837,2028,130161
05837,2029,129986
05837,2030,129757
05837,2031,129445
05837,2032,129056
05837,2033,128627
05837,2034,128134
05837,2035,127610
05837,2036,127001
05837,2037,126370
05837,2038,125681
05837,2039,124943
05837,2040,124169
05837,2041,123358
05837,2042,122511
05842,2005,7690
05842,2006,7601
05842,2007,7547
05842,2008,7458
05842,2009,7415
05842,2010,7328
05842,2011,7268
05842,2012,7195
05842,2013,7146
05842,2014,7084
05842,2015,7050
05842,2016,6957
05842,2017,6912
05842,2018,6880
05842,2019,7023
05842,2020,7138
05842,2021,7215
05842,2022,7283
05842,2023,7345
05842,2024,7406
05842,2025,7455
05842,2026,7527
05842,2027,7544
05842,2028,7581
05842,2029,7588
05842,2030,7619
05842,2031,7644
05842,2032,7653
05842,2033,7666
05842,2034,7670
05842,2035,7674
05842,2036,7690
05842,2037,7689
05842,2038,7674
05842,2039,7644
05842,2040,7630
05842,2041,7630
05842,2042,7619
05847,2005,29075
05847,2006,29125
05847,2007,29208
05847,2008,29161
05847,2009,29245
05847,2010,29324
05847,2011,29371
05847,2012,29365
05847,2013,29407
05847,2014,29450
05847,2015,29540
05847,2016,29631
05847,2017,29791
05847,2018,30136
05847,2019,30463
05847,2020,30834
05847,2021,31123
05847,2022,31345
05847,2023,31559
05847,2024,31776
05847,2025,31988
05847,2026,32148
05847,2027,32325
05847,2028,32457
05847,2029,32617
05847,2030,32738
05847,2031,32862
05847,2032,32946
05847,2033,33051
05847,2034,33136
05847,2035,33207
05847,2036,33272
05847,2037,33326
05847,2038,33367
05847,2039,33405
05847,2040,33430
05847,2041,33440
05847,2042,33432
05854,2005,13596
05854,2006,13617
05854,2007,13573
05854,2008,13578
05854,2009,13604
05854,2010,13618
05854,2011,13636
05854,2012,13642
05854,2013,13648
05854,2014,13651
05854,2015,13698
05854,2016,13683
05854,2017,13700
05854,2018,13798
05854,2019,14068
05854,2020,14361
05854,2021,14497
05854,2022,14611
05854,2023,14720
05854,2024,14927
05854,2025,15014
05854,2026,15105
05854,2027,15174
05854,2028,15221
05854,2029,15296
05854,2030,15340
05854,2031,15370
05854,2032,15379
05854,2033,15397
05854,2034,15407
05854,2035,15404
05854,2036,15417
05854,2037,15383
05854,2038,15366
05854,2039,15344
05854,2040,15305
05854,2041,15274
05854,2042,15214
05856,2005,7963
05856,2006,7849
05856,2007,7728
05856,2008,7583
05856,2009,7482
05856,2010,7373
05856,2011,7276
05856,2012,7146
05856,2013,7022
05856,2014,6929
05856,2015,6821
05856,2016,6747
05856,2017,6556
05856,2018,6512
05856,2019,6553
05856,2020,6597
05856,2021,6632
05856,2022,6656
05856,2023,6667
05856,2024,6683
05856,2025,6714
05856,2026,6717
05856,2027,6730
05856,2028,6721
05856,2029,6725
05856,2030,6712
05856,2031,6705
05856,2032,6693
05856,2033,6672
05856,2034,6658
05856,2035,6652
05856,2036,6638
05856,2037,6614
05856,2038,6586
05856,2039,6578
05856,2040,6551
05856,2041,6519
05856,2042,6486
05858,2005,12033
05858,2006,11975
05858,2007,11957
05858,2008,11964
05858,2009,11944
05858,2010,11914
05858,2011,11888
05858,2012,11895
05858,2013,11873
05858,2014,11820
05858,2015,11750
05858,2016,11757
05858,2017,11779
05858,2018,11817
05858,2019,11864
05858,2020,11921
05858,2021,12019
05858,2022,12077
05858,2023,12114
05858,2024,12126
05858,2025,12160
05858,2026,12183
05858,2027,12206
05858,2028,12233
05858,2029,12270
05858,2030,12257
05858,2031,12275
05858,2032,12289
05858,2033,12309
05858,2034,12301
05858,2035,12304
05858,2036,12298
05858,2037,12287
05858,2038,12290
05858,2039,12270
05858,2040,12279
05858,2041,12262
05858,2042,12224
05861,2005,12141
05861,2006,12088
05861,2007,12042
05861,2008,11977
05861,2009,11902
05861,2010,11875
05861,2011,11787
05861,2012,11837
05861,2013,11773
05861,2014,11690
05861,2015,11626
05861,2016,11634
05861,2017,11557
05861,2018,11606
05861,2019,11781
05861,2020,11957
05861,2021,12071
05861,2022,12154
05861,2023,12222
05861,2024,12343
05861,2025,12412
05861,2026,12494
05861,2027,12549
05861,2028,12596
05861,2029,12653
05861,2030,12699
05861,2031,12734
05861,2032,12770
05861,2033,12798
05861,2034,12823
05861,2035,12843
05861,2036,12872
05861,2037,12866
05861,2038,12885
05861,2039,12877
05861,2040,12873
05861,2041,12867
05861,2042,12846
05873,2005,8118
05873,2006,8169
05873,2007,8246
05873,2008,8313
05873,2009,8362
05873,2010,8438
05873,2011,8496
05873,2012,8569
05873,2013,8651
05873,2014,8748
05873,2015,8776
05873,2016,8842
05873,2017,8962
05873,2018,9089
05873,2019,9488
05873,2020,9915
05873,2021,10239
05873,2022,10528
05873,2023,10815
05873,2024,11150
05873,2025,11430
05873,2026,11686
05873,2027,11920
05873,2028,12177
05873,2029,12399
05873,2030,12585
05873,2031,12773
05873,2032,12961
05873,2033,13123
05873,2034,13281
05873,2035,13408
05873,2036,13546
05873,2037,13655
05873,2038,13762
05873,2039,13838
05873,2040,13918
05873,2041,13985
05873,2042,14044
05885,2005,7669
05885,2006,7648
05885,2007,7642
05885,2008,7633
05885,2009,7604
05885,2010,7622
05885,2011,7605
05885,2012,7595
05885,2013,7576
05885,2014,7589
05885,2015,7606
05885,2016,7618
05885,2017,7541
05885,2018,7606
05885,2019,7653
05885,2020,7736
05885,2021,7744
05885,2022,7734
05885,2023,7729
05885,2024,7746
05885,2025,7719
05885,2026,7724
05885,2027,7696
05885,2028,7668
05885,2029,7635
05885,2030,7599
05885,2031,7580
05885,2032,7532
05885,2033,7493
05885,2034,7428
05885,2035,7382
05885,2036,7344
05885,2037,7302
05885,2038,7243
05885,2039,7178
05885,2040,7115
05885,2041,7062
05885,2042,7012
05887,2005,38536
05887,2006,38731
05887,2007,38923
05887,2008,39083
05887,2009,39289
05887,2010,39491
05887,2011,39681
05887,2012,39868
05887,2013,40070
05887,2014,40217
05887,2015,40418
05887,2016,40691
05887,2017,41029
05887,2018,41553
05887,2019,41595
05887,2020,41708
05887,2021,41888
05887,2022,41931
05887,2023,41983
05887,2024,41862
05887,2025,41884
05887,2026,41853
05887,2027,41834
05887,2028,41775
05887,2029,41701
05887,2030,41645
05887,2031,41559
05887,2032,41483
05887,2033,41378
05887,2034,41276
05887,2035,41170
05887,2036,41055
05887,2037,40920
05887,2038,40777
05887,2039,40631
05887,2040,40483
05887,2041,40324
05887,2042,40142
05890,2005,22260
05890,2006,22241
05890,2007,22212
05890,2008,22188
05890,2009,22217
05890,2010,22235
05890,2011,22233
05890,2012,22219
05890,2013,22214
05890,2014,22190
05890,2015,22209
05890,2016,22278
05890,2017,22345
05890,2018,22530
05890,2019,23072
05890,2020,23637
05890,2021,23951
05890,2022,24197
05890,2023,24454
05890,2024,24828
05890,2025,25038
05890,2026,25236
05890,2027,25433
05890,2028,25598
05890,2029,25750
05890,2030,25873
05890,2031,26000
05890,2032,26134
05890,2033,26190
05890,2034,26292
05890,2035,26346
05890,2036,26394
05890,2037,26429
05890,2038,26452
05890,2039,26473
05890,2040,26482
05890,2041,26486
05890,2042,26453
05893,2005,14459
05893,2006,14810
05893,2007,15116
05893,2008,15496
05893,2009,15869
05893,2010,16158
05893,2011,16508
05893,2012,16870
05893,2013,17180
05893,2014,17496
05893,2015,17813
05893,2016,18204
05893,2017,18610
05893,2018,19043
05893,2019,19531
05893,2020,20037
05893,2021,20471
05893,2022,20861
05893,2023,21255
05893,2024,21677
05893,2025,22061
05893,2026,22429
05893,2027,22789
05893,2028,23157
05893,2029,23524
05893,2030,23853
05893,2031,24212
05893,2032,24557
05893,2033,24894
05893,2034,25227
05893,2035,25550
05893,2036,25873
05893,2037,26176
05893,2038,26527
05893,2039,26836
05893,2040,27112
05893,2041,27412
05893,2042,27721
05895,2005,23688
05895,2006,23728
05895,2007,23761
05895,2008,23822
05895,2009,23890
05895,2010,23958
05895,2011,24015
05895,2012,24032
05895,2013,24042
05895,2014,24086
05895,2015,24145
05895,2016,24233
05895,2017,24430
05895,2018,24659
05895,2019,25015
05895,2020,25434
05895,2021,25732
05895,2022,26010
05895,2023,26283
05895,2024,26532
05895,2025,26785
05895,2026,26996
05895,2027,27205
05895,2028,27400
05895,2029,27599
05895,2030,27763
05895,2031,27936
05895,2032,28088
05895,2033,28204
05895,2034,28336
05895,2035,28465
05895,2036,28575
05895,2037,28641
05895,2038,28743
05895,2039,28816
05895,2040,28888
05895,2041,28948
05895,2042,28995
08001,2005,1090935
08001,2006,1098936
08001,2007,1106754
08001,2008,1114090
08001,2009,1121221
08001,2010,1128038
08001,2011,1134420
08001,2012,1140345
08001,2013,1146186
08001,2014,1151863
08001,2015,1158051
08001,2016,1167555
08001,2017,1180860
08001,2018,1206322
08001,2019,1230835
08001,2020,1260910
08001,2021,1271797
08001,2022,1274895
08001,2023,1277216
08001,2024,1279120
08001,2025,1279344
08001,2026,1275854
08001,2027,1271416
08001,2028,1266293
08001,2029,1260642
08001,2030,1254536
08001,2031,1248047
08001,2032,1241174
08001,2033,1233976
08001,2034,1226454
08001,2035,1218618
08001,2036,1215384
08001,2037,1211795
08001,2038,1207861
08001,2039,1203579
08001,2040,1198966
08001,2041,1194028
08001,2042,1188753
08078,2005,51548
08078,2006,52286
08078,2007,52993
08078,2008,53767
08078,2009,54527
08078,2010,55331
08078,2011,56000
08078,2012,56671
08078,2013,57347
08078,2014,58035
08078,2015,58747
08078,2016,59622
08078,2017,60676
08078,2018,62371
08078,2019,64550
08078,2020,66927
08078,2021,68800
08078,2022,70464
08078,2023,72072
08078,2024,73740
08078,2025,75389
08078,2026,76917
08078,2027,78417
08078,2028,79903
08078,2029,81377
08078,2030,82814
08078,2031,84260
08078,2032,85640
08078,2033,87018
08078,2034,88376
08078,2035,89678
08078,2036,90992
08078,2037,92240
08078,2038,93496
08078,2039,94705
08078,2040,95896
08078,2041,97085
08078,2042,98222
08137,2005,23772
08137,2006,23682
08137,2007,23606
08137,2008,23514
08137,2009,23402
08137,2010,23289
08137,2011,23118
08137,2012,22947
08137,2013,22858
08137,2014,22723
08137,2015,22599
08137,2016,22555
08137,2017,22604
08137,2018,22876
08137,2019,23641
08137,2020,24454
08137,2021,25124
08137,2022,25669
08137,2023,26217
08137,2024,26781
08137,2025,27320
08137,2026,27802
08137,2027,28311
08137,2028,28772
08137,2029,29244
08137,2030,29691
08137,2031,30128
08137,2032,30536
08137,2033,30947
08137,2034,31352
08137,2035,31720
08137,2036,32096
08137,2037,32431
08137,2038,32772
08137,2039,33110
08137,2040,33439
08137,2041,33723
08137,2042,34022
08141,2005,13242
08141,2006,13460
08141,2007,13621
08141,2008,13842
08141,2009,13970
08141,2010,14172
08141,2011,14360
08141,2012,14536
08141,2013,14690
08141,2014,14869
08141,2015,15035
08141,2016,15254
08141,2017,15543
08141,2018,15977
08141,2019,16579
08141,2020,17240
08141,2021,17758
08141,2022,18197
08141,2023,18647
08141,2024,19104
08141,2025,19516
08141,2026,19908
08141,2027,20293
08141,2028,20683
08141,2029,21062
08141,2030,21399
08141,2031,21732
08141,2032,22087
08141,2033,22415
08141,2034,22728
08141,2035,23029
08141,2036,23331
08141,2037,23604
08141,2038,23872
08141,2039,24164
08141,2040,24417
08141,2041,24655
08141,2042,24881
08296,2005,42807
08296,2006,44168
08296,2007,45548
08296,2008,46853
08296,2009,48143
08296,2010,49440
08296,2011,50713
08296,2012,51867
08296,2013,53117
08296,2014,54320
08296,2015,55535
08296,2016,56946
08296,2017,58493
08296,2018,60724
08296,2019,62945
08296,2020,65478
08296,2021,66754
08296,2022,67560
08296,2023,68313
08296,2024,69030
08296,2025,69643
08296,2026,70042
08296,2027,70408
08296,2028,70729
08296,2029,71045
08296,2030,71309
08296,2031,71568
08296,2032,71820
08296,2033,72046
08296,2034,72266
08296,2035,72470
08296,2036,72926
08296,2037,73371
08296,2038,73789
08296,2039,74223
08296,2040,74626
08296,2041,75014
08296,2042,75398
08372,2005,16557
08372,2006,16873
08372,2007,17174
08372,2008,17463
08372,2009,17777
08372,2010,18045
08372,2011,18406
08372,2012,18748
08372,2013,18993
08372,2014,19323
08372,2015,19594
08372,2016,19923
08372,2017,20366
08372,2018,21005
08372,2019,21596
08372,2020,22270
08372,2021,22748
08372,2022,23149
08372,2023,23545
08372,2024,23939
08372,2025,24309
08372,2026,24641
08372,2027,24965
08372,2028,25291
08372,2029,25592
08372,2030,25894
08372,2031,26178
08372,2032,26459
08372,2033,26744
08372,2034,27005
08372,2035,27264
08372,2036,27497
08372,2037,27749
08372,2038,27959
08372,2039,28190
08372,2040,28400
08372,2041,28627
08372,2042,28805
08421,2005,24066
08421,2006,24280
08421,2007,24500
08421,2008,24779
08421,2009,25046
08421,2010,25344
08421,2011,25606
08421,2012,25890
08421,2013,26143
08421,2014,26359
08421,2015,26657
08421,2016,27047
08421,2017,27455
08421,2018,28173
08421,2019,29047
08421,2020,30001
08421,2021,30713
08421,2022,31315
08421,2023,31844
08421,2024,32443
08421,2025,33013
08421,2026,33491
08421,2027,33982
08421,2028,34469
08421,2029,34938
08421,2030,35398
08421,2031,35859
08421,2032,36305
08421,2033,36723
08421,2034,37169
08421,2035,37597
08421,2036,38035
08421,2037,38436
08421,2038,38848
08421,2039,39231
08421,2040,39620
08421,2041,39990
08421,2042,40369
08433,2005,99343
08433,2006,101521
08433,2007,103612
08433,2008,105711
08433,2009,107760
08433,2010,109771
08433,2011,111734
08433,2012,113649
08433,2013,115540
08433,2014,117411
08433,2015,119329
08433,2016,121589
08433,2017,124251
08433,2018,128199
08433,2019,133000
08433,2020,138416
08433,2021,141679
08433,2022,144155
08433,2023,146583
08433,2024,149019
08433,2025,151319
08433,2026,153223
08433,2027,155047
08433,2028,156809
08433,2029,158533
08433,2030,160248
08433,2031,161950
08433,2032,163600
08433,2033,165248
08433,2034,166865
08433,2035,168474
08433,2036,170688
08433,2037,172896
08433,2038,175112
08433,2039,177318
08433,2040,179489
08433,2041,181683
08433,2042,183833
08436,2005,18156
08436,2006,18271
08436,2007,18376
08436,2008,18511
08436,2009,18632
08436,2010,18739
08436,2011,18791
08436,2012,18894
08436,2013,18945
08436,2014,19015
08436,2015,19080
08436,2016,19208
08436,2017,19426
08436,2018,19803
08436,2019,20521
08436,2020,21325
08436,2021,21908
08436,2022,22405
08436,2023,22882
08436,2024,23362
08436,2025,23834
08436,2026,24231
08436,2027,24636
08436,2028,25025
08436,2029,25398
08436,2030,25778
08436,2031,26120
08436,2032,26460
08436,2033,26791
08436,2034,27119
08436,2035,27434
08436,2036,27722
08436,2037,28003
08436,2038,28296
08436,2039,28560
08436,2040,28815
08436,2041,29045
08436,2042,29295
08520,2005,23350
08520,2006,23715
08520,2007,24145
08520,2008,24542
08520,2009,24908
08520,2010,25332
08520,2011,25705
08520,2012,26023
08520,2013,26400
08520,2014,26747
08520,2015,27158
08520,2016,27561
08520,2017,28113
08520,2018,28928
08520,2019,30007
08520,2020,31160
08520,2021,32090
08520,2022,32941
08520,2023,33778
08520,2024,34647
08520,2025,35503
08520,2026,36310
08520,2027,37118
08520,2028,37910
08520,2029,38685
08520,2030,39448
08520,2031,40219
08520,2032,40967
08520,2033,41714
08520,2034,42426
08520,2035,43153
08520,2036,43831
08520,2037,44545
08520,2038,45205
08520,2039,45839
08520,2040,46520
08520,2041,47139
08520,2042,47764
08549,2005,5401
08549,2006,5478
08549,2007,5563
08549,2008,5647
08549,2009,5766
08549,2010,5874
08549,2011,5943
08549,2012,5989
08549,2013,6062
08549,2014,6126
08549,2015,6201
08549,2016,6295
08549,2017,6415
08549,2018,6609
08549,2019,6830
08549,2020,7079
08549,2021,7272
08549,2022,7420
08549,2023,7571
08549,2024,7724
08549,2025,7876
08549,2026,7994
08549,2027,8114
08549,2028,8235
08549,2029,8346
08549,2030,8466
08549,2031,8582
08549,2032,8670
08549,2033,8770
08549,2034,8891
08549,2035,8978
08549,2036,9076
08549,2037,9177
08549,2038,9247
08549,2039,9341
08549,2040,9412
08549,2041,9487
08549,2042,9556
08558,2005,14997
08558,2006,15256
08558,2007,15513
08558,2008,15712
08558,2009,15938
08558,2010,16162
08558,2011,16338
08558,2012,16554
08558,2013,16672
08558,2014,16896
08558,2015,17090
08558,2016,17371
08558,2017,17698
08558,2018,18187
08558,2019,18749
08558,2020,19368
08558,2021,19836
08558,2022,20229
08558,2023,20628
08558,2024,21012
08558,2025,21402
08558,2026,21760
08558,2027,22099
08558,2028,22411
08558,2029,22753
08558,2030,23067
08558,2031,23370
08558,2032,23659
08558,2033,23974
08558,2034,24237
08558,2035,24512
08558,2036,24759
08558,2037,25017
08558,2038,25240
08558,2039,25478
08558,2040,25713
08558,2041,25919
08558,2042,26125
08560,2005,19787
08560,2006,20070
08560,2007,20299
08560,2008,20570
08560,2009,20880
08560,2010,21141
08560,2011,21404
08560,2012,21719
08560,2013,21879
08560,2014,22209
08560,2015,22462
08560,2016,22778
08560,2017,23193
08560,2018,23842
08560,2019,24518
08560,2020,25284
08560,2021,25818
08560,2022,26243
08560,2023,26657
08560,2024,27097
08560,2025,27507
08560,2026,27857
08560,2027,28186
08560,2028,28525
08560,2029,28854
08560,2030,29182
08560,2031,29494
08560,2032,29779
08560,2033,30073
08560,2034,30356
08560,2035,30619
08560,2036,30898
08560,2037,31155
08560,2038,31398
08560,2039,31631
08560,2040,31864
08560,2041,32068
08560,2042,32289
08573,2005,37735
08573,2006,38587
08573,2007,39457
08573,2008,40231
08573,2009,41028
08573,2010,41854
08573,2011,42626
08573,2012,43408
08573,2013,44210
08573,2014,44954
08573,2015,45741
08573,2016,46638
08573,2017,47674
08573,2018,49250
08573,2019,52086
08573,2020,55121
08573,2021,57267
08573,2022,59069
08573,2023,60841
08573,2024,62582
08573,2025,64226
08573,2026,65686
08573,2027,67061
08573,2028,68374
08573,2029,69639
08573,2030,70847
08573,2031,71993
08573,2032,73097
08573,2033,74160
08573,2034,75162
08573,2035,76106
08573,2036,77282
08573,2037,78403
08573,2038,79496
08573,2039,80531
08573,2040,81534
08573,2041,82481
08573,2042,83402
08606,2005,22576
08606,2006,22791
08606,2007,23032
08606,2008,23243
08606,2009,23470
08606,2010,23705
08606,2011,23934
08606,2012,24175
08606,2013,24378
08606,2014,24590
08606,2015,24838
08606,2016,25143
08606,2017,25524
08606,2018,26207
08606,2019,26977
08606,2020,27800
08606,2021,28418
08606,2022,28912
08606,2023,29382
08606,2024,29894
08606,2025,30377
08606,2026,30816
08606,2027,31211
08606,2028,31595
08606,2029,31984
08606,2030,32370
08606,2031,32731
08606,2032,33089
08606,2033,33422
08606,2034,33753
08606,2035,34089
08606,2036,34388
08606,2037,34702
08606,2038,34961
08606,2039,35235
08606,2040,35516
08606,2041,35760
08606,2042,36006
08634,2005,25200
08634,2006,25726
08634,2007,26222
08634,2008,26771
08634,2009,27262
08634,2010,27779
08634,2011,28267
08634,2012,28696
08634,2013,29233
08634,2014,29635
08634,2015,30117
08634,2016,30705
08634,2017,31373
08634,2018,32341
08634,2019,33538
08634,2020,34851
08634,2021,35912
08634,2022,36855
08634,2023,37771
08634,2024,38726
08634,2025,39668
08634,2026,40498
08634,2027,41349
08634,2028,42173
08634,2029,42986
08634,2030,43761
08634,2031,44512
08634,2032,45271
08634,2033,45975
08634,2034,46683
08634,2035,47347
08634,2036,47982
08634,2037,48602
08634,2038,49206
08634,2039,49791
08634,2040,50322
08634,2041,50878
08634,2042,51378
08638,2005,77347
08638,2006,78391
08638,2007,79476
08638,2008,80573
08638,2009,81682
08638,2010,82781
08638,2011,83826
08638,2012,84785
08638,2013,85830
08638,2014,86822
08638,2015,87874
08638,2016,89188
08638,2017,90769
08638,2018,93248
08638,2019,95541
08638,2020,98114
08638,2021,99882
08638,2022,101256
08638,2023,102557
08638,2024,103909
08638,2025,105157
08638,2026,106209
08638,2027,107222
08638,2028,108159
08638,2029,109040
08638,2030,109906
08638,2031,110683
08638,2032,111437
08638,2033,112147
08638,2034,112783
08638,2035,113376
08638,2036,113912
08638,2037,114405
08638,2038,114856
08638,2039,115256
08638,2040,115621
08638,2041,115915
08638,2042,116191
08675,2005,12647
08675,2006,12921
08675,2007,13157
08675,2008,13399
08675,2009,13649
08675,2010,13888
08675,2011,14130
08675,2012,14429
08675,2013,14544
08675,2014,14764
08675,2015,14991
08675,2016,15253
08675,2017,15548
08675,2018,16030
08675,2019,16629
08675,2020,17251
08675,2021,17792
08675,2022,18233
08675,2023,18699
08675,2024,19147
08675,2025,19570
08675,2026,19997
08675,2027,20394
08675,2028,20799
08675,2029,21174
08675,2030,21565
08675,2031,21912
08675,2032,22255
08675,2033,22612
08675,2034,22936
08675,2035,23254
08675,2036,23556
08675,2037,23860
08675,2038,24140
08675,2039,24421
08675,2040,24659
08675,2041,24953
08675,2042,25185
08685,2005,24620
08685,2006,24997
08685,2007,25394
08685,2008,25729
08685,2009,26081
08685,2010,26469
08685,2011,26779
08685,2012,27061
08685,2013,27447
08685,2014,27762
08685,2015,28107
08685,2016,28502
08685,2017,29001
08685,2018,29842
08685,2019,30976
08685,2020,32228
08685,2021,33251
08685,2022,34180
08685,2023,35083
08685,2024,36050
08685,2025,36989
08685,2026,37898
08685,2027,38779
08685,2028,39667
08685,2029,40546
08685,2030,41425
08685,2031,42275
08685,2032,43151
08685,2033,43997
08685,2034,44822
08685,2035,45640
08685,2036,46469
08685,2037,47252
08685,2038,48049
08685,2039,48837
08685,2040,49617
08685,2041,50354
08685,2042,51132
08758,2005,436131
08758,2006,448906
08758,2007,461506
08758,2008,473860
08758,2009,486066
08758,2010,498057
08758,2011,509818
08758,2012,521275
08758,2013,532656
08758,2014,543857
08758,2015,555266
08758,2016,568201
08758,2017,583036
08758,2018,603998
08758,2019,627273
08758,2020,653377
08758,2021,670454
08758,2022,683762
08758,2023,696982
08758,2024,710269
08758,2025,722845
08758,2026,733597
08758,2027,743989
08758,2028,754169
08758,2029,764140
08758,2030,774038
08758,2031,783808
08758,2032,793522
08758,2033,803123
08758,2034,812667
08758,2035,822146
08758,2036,825492
08758,2037,828834
08758,2038,832149
08758,2039,835452
08758,2040,838778
08758,2041,842072
08758,2042,845374
08770,2005,11005
08770,2006,11083
08770,2007,11114
08770,2008,11172
08770,2009,11265
08770,2010,11243
08770,2011,11309
08770,2012,11392
08770,2013,11420
08770,2014,11457
08770,2015,11484
08770,2016,11557
08770,2017,11696
08770,2018,11937
08770,2019,12350
08770,2020,12827
08770,2021,13192
08770,2022,13503
08770,2023,13814
08770,2024,14150
08770,2025,14460
08770,2026,14784
08770,2027,15049
08770,2028,15339
08770,2029,15612
08770,2030,15874
08770,2031,16133
08770,2032,16381
08770,2033,16616
08770,2034,16839
08770,2035,17059
08770,2036,17283
08770,2037,17488
08770,2038,17696
08770,2039,17888
08770,2040,18078
08770,2041,18263
08770,2042,18438
08832,2005,13125
08832,2006,13442
08832,2007,13759
08832,2008,14029
08832,2009,14286
08832,2010,14573
08832,2011,14869
08832,2012,15224
08832,2013,15559
08832,2014,15802
08832,2015,16068
08832,2016,16442
08832,2017,16827
08832,2018,17376
08832,2019,17949
08832,2020,18586
08832,2021,19036
08832,2022,19376
08832,2023,19692
08832,2024,20017
08832,2025,20309
08832,2026,20558
08832,2027,20811
08832,2028,21035
08832,2029,21242
08832,2030,21466
08832,2031,21675
08832,2032,21897
08832,2033,22098
08832,2034,22277
08832,2035,22466
08832,2036,22654
08832,2037,22817
08832,2038,22996
08832,2039,23164
08832,2040,23302
08832,2041,23465
08832,2042,23596
08849,2005,9789
08849,2006,9959
08849,2007,10167
08849,2008,10356
08849,2009,10515
08849,2010,10629
08849,2011,10851
08849,2012,11084
08849,2013,11226
08849,2014,11360
08849,2015,11533
08849,2016,11713
08849,2017,11888
08849,2018,12261
08849,2019,12771
08849,2020,13321
08849,2021,13795
08849,2022,14221
08849,2023,14627
08849,2024,15033
08849,2025,15458
08849,2026,15831
08849,2027,16210
08849,2028,16568
08849,2029,16942
08849,2030,17296
08849,2031,17638
08849,2032,17969
08849,2033,18289
08849,2034,18621
08849,2035,18910
08849,2036,19204
08849,2037,19467
08849,2038,19758
08849,2039,20016
08849,2040,20255
08849,2041,20496
08849,2042,20732
11001,2005,6710910
11001,2006,6801343
11001,2007,6884569
11001,2008,6960512
11001,2009,7031399
11001,2010,7096886
11001,2011,7152656
11001,2012,7195980
11001,2013,7228427
11001,2014,7252949
11001,2015,7273265
11001,2016,7300918
11001,2017,7337449
11001,2018,7391056
11001,2019,7533202
11001,2020,7717564
11001,2021,7804920
11001,2022,7849206
11001,2023,7883928
11001,2024,7918660
11001,2025,7942867
11001,2026,7945996
11001,2027,7943941
11001,2028,7937939
11001,2029,7928632
11001,2030,7916525
11001,2031,7901596
11001,2032,7883923
11001,2033,7863483
11001,2034,7840309
11001,2035,7814324
11001,2036,7785579
11001,2037,7754041
11001,2038,7719774
11001,2039,7682774
11001,2040,7643126
11001,2041,7600876
11001,2042,7556041
13001,2005,838757
13001,2006,850452
13001,2007,861563
13001,2008,871497
13001,2009,884136
13001,2010,893696
13001,2011,902797
13001,2012,911414
13001,2013,919794
13001,2014,927832
13001,2015,935887
13001,2016,945316
13001,2017,956464
13001,2018,973047
13001,2019,984671
13001,2020,997946
13001,2021,1003943
13001,2022,1006609
13001,2023,1008354
13001,2024,1010408
13001,2025,1011520
13001,2026,1010995
13001,2027,1010001
13001,2028,1008674
13001,2029,1007039
13001,2030,1005215
13001,2031,1003175
13001,2032,1000974
13001,2033,998638
13001,2034,996169
13001,2035,993617
13001,2036,990960
13001,2037,988269
13001,2038,985523
13001,2039,982721
13001,2040,979878
13001,2041,977001
13001,2042,974086
13006,2005,19475
13006,2006,19890
13006,2007,20283
13006,2008,20664
13006,2009,20891
13006,2010,21210
13006,2011,21588
13006,2012,21967
13006,2013,22295
13006,2014,22640
13006,2015,22962
13006,2016,23384
13006,2017,23803
13006,2018,24354
13006,2019,24967
13006,2020,25651
13006,2021,26181
13006,2022,26642
13006,2023,27083
13006,2024,27507
13006,2025,27912
13006,2026,28305
13006,2027,28648
13006,2028,29013
13006,2029,29348
13006,2030,29694
13006,2031,30046
13006,2032,30393
13006,2033,30751
13006,2034,31093
13006,2035,31440
13006,2036,31779
13006,2037,32135
13006,2038,32475
13006,2039,32824
13006,2040,33170
13006,2041,33511
13006,2042,33856
13030,2005,9040
13030,2006,9206
13030,2007,9375
13030,2008,9523
13030,2009,9621
13030,2010,9743
13030,2011,9885
13030,2012,10000
13030,2013,10119
13030,2014,10301
13030,2015,10378
13030,2016,10572
13030,2017,10776
13030,2018,10967
13030,2019,11186
13030,2020,11460
13030,2021,11514
13030,2022,11475
13030,2023,11439
13030,2024,11401
13030,2025,11343
13030,2026,11245
13030,2027,11142
13030,2028,11014
13030,2029,10904
13030,2030,10795
13030,2031,10643
13030,2032,10524
13030,2033,10395
13030,2034,10271
13030,2035,10118
13030,2036,9987
13030,2037,9835
13030,2038,9698
13030,2039,9553
13030,2040,9410
13030,2041,9272
13030,2042,9129
13042,2005,7711
13042,2006,7706
13042,2007,7691
13042,2008,7689
13042,2009,7641
13042,2010,7608
13042,2011,7592
13042,2012,7580
13042,2013,7535
13042,2014,7469
13042,2015,7396
13042,2016,7361
13042,2017,7393
13042,2018,7348
13042,2019,7634
13042,2020,7922
13042,2021,8105
13042,2022,8266
13042,2023,8394
13042,2024,8533
13042,2025,8668
13042,2026,8767
13042,2027,8857
13042,2028,8966
13042,2029,9052
13042,2030,9134
13042,2031,9198
13042,2032,9284
13042,2033,9381
13042,2034,9432
13042,2035,9504
13042,2036,9583
13042,2037,9622
13042,2038,9678
13042,2039,9742
13042,2040,9769
13042,2041,9828
13042,2042,9869
13052,2005,58729
13052,2006,59637
13052,2007,60549
13052,2008,61351
13052,2009,62246
13052,2010,63032
13052,2011,63765
13052,2012,64485
13052,2013,65181
13052,2014,65855
13052,2015,66578
13052,2016,67351
13052,2017,68165
13052,2018,69506
13052,2019,70362
13052,2020,71355
13052,2021,72050
13052,2022,72545
13052,2023,72954
13052,2024,73374
13052,2025,73747
13052,2026,74002
13052,2027,74242
13052,2028,74421
13052,2029,74615
13052,2030,74777
13052,2031,74931
13052,2032,75085
13052,2033,75222
13052,2034,75337
13052,2035,75469
13052,2036,75606
13052,2037,75722
13052,2038,75823
13052,2039,75962
13052,2040,76077
13052,2041,76208
13052,2042,76323
13062,2005,8576
13062,2006,8537
13062,2007,8546
13062,2008,8589
13062,2009,8486
13062,2010,8531
13062,2011,8435
13062,2012,8364
13062,2013,8358
13062,2014,8283
13062,2015,8170
13062,2016,8139
13062,2017,8221
13062,2018,8249
13062,2019,8332
13062,2020,8483
13062,2021,8507
13062,2022,8519
13062,2023,8528
13062,2024,8531
13062,2025,8506
13062,2026,8471
13062,2027,8464
13062,2028,8400
13062,2029,8357
13062,2030,8322
13062,2031,8273
13062,2032,8202
13062,2033,8163
13062,2034,8102
13062,2035,8040
13062,2036,7960
13062,2037,7922
13062,2038,7858
13062,2039,7784
13062,2040,7715
13062,2041,7618
13062,2042,7555
13074,2005,13537
13074,2006,13654
13074,2007,13771
13074,2008,13921
13074,2009,13918
13074,2010,13992
13074,2011,14092
13074,2012,14199
13074,2013,14284
13074,2014,14355
13074,2015,14410
13074,2016,14519
13074,2017,14666
13074,2018,14837
13074,2019,15404
13074,2020,16041
13074,2021,16409
13074,2022,16679
13074,2023,16946
13074,2024,17222
13074,2025,17437
13074,2026,17627
13074,2027,17810
13074,2028,17982
13074,2029,18154
13074,2030,18295
13074,2031,18446
13074,2032,18585
13074,2033,18715
13074,2034,18822
13074,2035,18962
13074,2036,19071
13074,2037,19175
13074,2038,19267
13074,2039,19368
13074,2040,19467
13074,2041,19530
13074,2042,19600
13140,2005,19542
13140,2006,19812
13140,2007,20049
13140,2008,20314
13140,2009,20464
13140,2010,20669
13140,2011,20880
13140,2012,21074
13140,2013,21261
13140,2014,21444
13140,2015,21611
13140,2016,21855
13140,2017,22117
13140,2018,22476
13140,2019,23019
13140,2020,23587
13140,2021,23961
13140,2022,24289
13140,2023,24554
13140,2024,24810
13140,2025,25055
13140,2026,25275
13140,2027,25449
13140,2028,25612
13140,2029,25778
13140,2030,25903
13140,2031,26050
13140,2032,26183
13140,2033,26305
13140,2034,26418
13140,2035,26511
13140,2036,26618
13140,2037,26699
13140,2038,26778
13140,2039,26837
13140,2040,26895
13140,2041,26944
13140,2042,26980
13160,2005,6048
13160,2006,6207
13160,2007,6392
13160,2008,6592
13160,2009,6731
13160,2010,6907
13160,2011,7042
13160,2012,7231
13160,2013,7398
13160,2014,7520
13160,2015,7675
13160,2016,7821
13160,2017,8035
13160,2018,8232
13160,2019,8371
13160,2020,8543
13160,2021,8638
13160,2022,8702
13160,2023,8759
13160,2024,8825
13160,2025,8898
13160,2026,8924
13160,2027,8953
13160,2028,8979
13160,2029,9014
13160,2030,9041
13160,2031,9046
13160,2032,9067
13160,2033,9072
13160,2034,9060
13160,2035,9087
13160,2036,9091
13160,2037,9100
13160,2038,9084
13160,2039,9078
13160,2040,9073
13160,2041,9050
13160,2042,9037
13188,2005,9753
13188,2006,10070
13188,2007,10377
13188,2008,10671
13188,2009,10937
13188,2010,11212
13188,2011,11514
13188,2012,11779
13188,2013,12017
13188,2014,12257
13188,2015,12535
13188,2016,12740
13188,2017,13107
13188,2018,13442
13188,2019,13882
13188,2020,14389
13188,2021,14754
13188,2022,15080
13188,2023,15393
13188,2024,15697
13188,2025,16002
13188,2026,16301
13188,2027,16551
13188,2028,16843
13188,2029,17100
13188,2030,17361
13188,2031,17626
13188,2032,17868
13188,2033,18125
13188,2034,18370
13188,2035,18607
13188,2036,18850
13188,2037,19080
13188,2038,19317
13188,2039,19542
13188,2040,19753
13188,2041,19973
13188,2042,20187
13212,2005,14773
13212,2006,14894
13212,2007,14998
13212,2008,15073
13212,2009,15054
13212,2010,15135
13212,2011,15237
13212,2012,15310
13212,2013,15384
13212,2014,15429
13212,2015,15468
13212,2016,15605
13212,2017,15699
13212,2018,15954
13212,2019,16431
13212,2020,16971
13212,2021,17317
13212,2022,17627
13212,2023,17906
13212,2024,18180
13212,2025,18432
13212,2026,18650
13212,2027,18857
13212,2028,19069
13212,2029,19258
13212,2030,19450
13212,2031,19628
13212,2032,19842
13212,2033,20021
13212,2034,20217
13212,2035,20407
13212,2036,20602
13212,2037,20788
13212,2038,20972
13212,2039,21177
13212,2040,21352
13212,2041,21548
13212,2042,21721
13222,2005,12459
13222,2006,12674
13222,2007,12886
13222,2008,13049
13222,2009,13215
13222,2010,13393
13222,2011,13566
13222,2012,13671
13222,2013,13796
13222,2014,13911
13222,2015,14036
13222,2016,14143
13222,2017,14347
13222,2018,14517
13222,2019,14791
13222,2020,15122
13222,2021,15357
13222,2022,15550
13222,2023,15729
13222,2024,15919
13222,2025,16097
13222,2026,16242
13222,2027,16403
13222,2028,16551
13222,2029,16680
13222,2030,16809
13222,2031,16929
13222,2032,17063
13222,2033,17213
13222,2034,17323
13222,2035,17462
13222,2036,17576
13222,2037,17726
13222,2038,17858
13222,2039,17986
13222,2040,18099
13222,2041,18222
13222,2042,18365
13244,2005,68268
13244,2006,68564
13244,2007,68815
13244,2008,69012
13244,2009,69105
13244,2010,69210
13244,2011,69305
13244,2012,69322
13244,2013,69348
13244,2014,69322
13244,2015,69291
13244,2016,69403
13244,2017,69478
13244,2018,70142
13244,2019,71603
13244,2020,73259
13244,2021,74317
13244,2022,75068
13244,2023,75759
13244,2024,76463
13244,2025,77083
13244,2026,77564
13244,2027,78003
13244,2028,78377
13244,2029,78716
13244,2030,79008
13244,2031,79286
13244,2032,79509
13244,2033,79681
13244,2034,79808
13244,2035,79934
13244,2036,79996
13244,2037,80032
13244,2038,80037
13244,2039,80010
13244,2040,79956
13244,2041,79882
13244,2042,79762
13248,2005,7877
13248,2006,8027
13248,2007,8017
13248,2008,8064
13248,2009,8077
13248,2010,8140
13248,2011,8175
13248,2012,8233
13248,2013,8319
13248,2014,8360
13248,2015,8317
13248,2016,8394
13248,2017,8487
13248,2018,8645
13248,2019,8865
13248,2020,9099
13248,2021,9273
13248,2022,9384
13248,2023,9484
13248,2024,9616
13248,2025,9728
13248,2026,9790
13248,2027,9868
13248,2028,9946
13248,2029,10024
13248,2030,10096
13248,2031,10161
13248,2032,10222
13248,2033,10276
13248,2034,10315
13248,2035,10374
13248,2036,10422
13248,2037,10464
13248,2038,10521
13248,2039,10548
13248,2040,10597
13248,2041,10633
13248,2042,10655
13268,2005,10535
13268,2006,10338
13268,2007,10128
13268,2008,9926
13268,2009,9647
13268,2010,9445
13268,2011,9217
13268,2012,8996
13268,2013,8754
13268,2014,8470
13268,2015,8267
13268,2016,8027
13268,2017,7839
13268,2018,7641
13268,2019,7819
13268,2020,8000
13268,2021,8054
13268,2022,8023
13268,2023,8033
13268,2024,8018
13268,2025,7963
13268,2026,7914
13268,2027,7821
13268,2028,7755
13268,2029,7683
13268,2030,7618
13268,2031,7537
13268,2032,7449
13268,2033,7376
13268,2034,7271
13268,2035,7192
13268,2036,7104
13268,2037,7014
13268,2038,6914
13268,2039,6823
13268,2040,6735
13268,2041,6630
13268,2042,6529
13300,2005,13454
13300,2006,13421
13300,2007,13387
13300,2008,13323
13300,2009,13150
13300,2010,13078
13300,2011,12980
13300,2012,12877
13300,2013,12748
13300,2014,12620
13300,2015,12484
13300,2016,12410
13300,2017,12318
13300,2018,12322
13300,2019,12575
13300,2020,12835
13300,2021,13004
13300,2022,13111
13300,2023,13169
13300,2024,13252
13300,2025,13333
13300,2026,13345
13300,2027,13397
13300,2028,13412
13300,2029,13439
13300,2030,13442
13300,2031,13455
13300,2032,13474
13300,2033,13478
13300,2034,13473
13300,2035,13481
13300,2036,13478
13300,2037,13496
13300,2038,13496
13300,2039,13482
13300,2040,13461
13300,2041,13462
13300,2042,13452
13430,2005,117593
13430,2006,119009
13430,2007,120388
13430,2008,121616
13430,2009,122710
13430,2010,123845
13430,2011,124937
13430,2012,125937
13430,2013,126913
13430,2014,127838
13430,2015,128781
13430,2016,129878
13430,2017,131183
13430,2018,133277
13430,2019,136673
13430,2020,140467
13430,2021,143101
13430,2022,145166
13430,2023,147082
13430,2024,149065
13430,2025,150929
13430,2026,152489
13430,2027,153970
13430,2028,155359
13430,2029,156692
13430,2030,157944
13430,2031,159131
13430,2032,160259
13430,2033,161304
13430,2034,162301
13430,2035,163235
13430,2036,164097
13430,2037,164893
13430,2038,165644
13430,2039,166335
13430,2040,166964
13430,2041,167566
13430,2042,168073
13433,2005,24097
13433,2006,24395
13433,2007,24695
13433,2008,24982
13433,2009,25107
13433,2010,25365
13433,2011,25666
13433,2012,25918
13433,2013,26127
13433,2014,26341
13433,2015,26604
13433,2016,26804
13433,2017,27158
13433,2018,27683
13433,2019,28535
13433,2020,29471
13433,2021,30144
13433,2022,30661
13433,2023,31171
13433,2024,31676
13433,2025,32192
13433,2026,32609
13433,2027,33010
13433,2028,33414
13433,2029,33805
13433,2030,34177
13433,2031,34582
13433,2032,34947
13433,2033,35313
13433,2034,35697
13433,2035,36077
13433,2036,36411
13433,2037,36794
13433,2038,37141
13433,2039,37512
13433,2040,37836
13433,2041,38196
13433,2042,38534
13440,2005,9456
13440,2006,9518
13440,2007,9607
13440,2008,9734
13440,2009,9727
13440,2010,9791
13440,2011,9875
13440,2012,9945
13440,2013,10011
13440,2014,10093
13440,2015,10225
13440,2016,10347
13440,2017,10476
13440,2018,10665
13440,2019,10920
13440,2020,11215
13440,2021,11386
13440,2022,11508
13440,2023,11610
13440,2024,11721
13440,2025,11800
13440,2026,11878
13440,2027,11932
13440,2028,11982
13440,2029,12037
13440,2030,12095
13440,2031,12149
13440,2032,12186
13440,2033,12234
13440,2034,12294
13440,2035,12341
13440,2036,12385
13440,2037,12430
13440,2038,12477
13440,2039,12517
13440,2040,12550
13440,2041,12596
13440,2042,12643
13442,2005,39675
13442,2006,40217
13442,2007,40775
13442,2008,41299
13442,2009,41598
13442,2010,42060
13442,2011,42545
13442,2012,42998
13442,2013,43413
13442,2014,43838
13442,2015,44257
13442,2016,44730
13442,2017,45242
13442,2018,46114
13442,2019,46894
13442,2020,47821
13442,2021,48305
13442,2022,48551
13442,2023,48770
13442,2024,48970
13442,2025,49112
13442,2026,49169
13442,2027,49192
13442,2028,49176
13442,2029,49140
13442,2030,49082
13442,2031,49025
13442,2032,48949
13442,2033,48869
13442,2034,48754
13442,2035,48635
13442,2036,48515
13442,2037,48368
13442,2038,48219
13442,2039,48060
13442,2040,47885
13442,2041,47688
13442,2042,47483
13458,2005,11212
13458,2006,11623
13458,2007,12061
13458,2008,12443
13458,2009,12725
13458,2010,13102
13458,2011,13492
13458,2012,13881
13458,2013,14252
13458,2014,14638
13458,2015,14990
13458,2016,15415
13458,2017,15877
13458,2018,16377
13458,2019,16484
13458,2020,16626
13458,2021,16641
13458,2022,16612
13458,2023,16560
13458,2024,16510
13458,2025,16435
13458,2026,16337
13458,2027,16222
13458,2028,16131
13458,2029,16014
13458,2030,15900
13458,2031,15764
13458,2032,15659
13458,2033,15530
13458,2034,15412
13458,2035,15282
13458,2036,15165
13458,2037,15034
13458,2038,14898
13458,2039,14781
13458,2040,14667
13458,2041,14515
13458,2042,14392
13468,2005,39736
13468,2006,40150
13468,2007,40573
13468,2008,40937
13468,2009,41134
13468,2010,41487
13468,2011,41786
13468,2012,42085
13468,2013,42424
13468,2014,42667
13468,2015,42960
13468,2016,43341
13468,2017,43709
13468,2018,44445
13468,2019,45408
13468,2020,46532
13468,2021,47203
13468,2022,47686
13468,2023,48118
13468,2024,48552
13468,2025,48932
13468,2026,49218
13468,2027,49462
13468,2028,49700
13468,2029,49882
13468,2030,50086
13468,2031,50237
13468,2032,50393
13468,2033,50535
13468,2034,50662
13468,2035,50756
13468,2036,50858
13468,2037,50929
13468,2038,50999
13468,2039,51045
13468,2040,51082
13468,2041,51103
13468,2042,51106
13473,2005,16839
13473,2006,17286
13473,2007,17713
13473,2008,18130
13473,2009,18408
13473,2010,18806
13473,2011,19219
13473,2012,19590
13473,2013,20019
13473,2014,20395
13473,2015,20815
13473,2016,21179
13473,2017,21676
13473,2018,22255
13473,2019,23096
13473,2020,24037
13473,2021,24554
13473,2022,24926
13473,2023,25250
13473,2024,25591
13473,2025,25879
13473,2026,26067
13473,2027,26260
13473,2028,26433
13473,2029,26589
13473,2030,26723
13473,2031,26871
13473,2032,26967
13473,2033,27077
13473,2034,27165
13473,2035,27265
13473,2036,27345
13473,2037,27438
13473,2038,27483
13473,2039,27531
13473,2040,27587
13473,2041,27611
13473,2042,27653
13490,2005,0
13490,2006,0
13490,2007,0
13490,2008,4101
13490,2009,4546
13490,2010,5038
13490,2011,5534
13490,2012,6036
13490,2013,6521
13490,2014,7053
13490,2015,7569
13490,2016,8097
13490,2017,8638
13490,2018,9211
13490,2019,9917
13490,2020,10666
13490,2021,11213
13490,2022,11672
13490,2023,12099
13490,2024,12515
13490,2025,12874
13490,2026,13215
13490,2027,13507
13490,2028,13763
13490,2029,14000
13490,2030,14222
13490,2031,14422
13490,2032,14597
13490,2033,14780
13490,2034,14937
13490,2035,15065
13490,2036,15179
13490,2037,15314
13490,2038,15413
13490,2039,15520
13490,2040,15606
13490,2041,15686
13490,2042,15769
13549,2005,21713
13549,2006,21921
13549,2007,22158
13549,2008,22405
13549,2009,22345
13549,2010,22557
13549,2011,22786
13549,2012,22972
13549,2013,23135
13549,2014,23289
13549,2015,23415
13549,2016,23613
13549,2017,23836
13549,2018,24204
13549,2019,24665
13549,2020,25165
13549,2021,25416
13549,2022,25555
13549,2023,25684
13549,2024,25747
13549,2025,25818
13549,2026,25831
13549,2027,25830
13549,2028,25829
13549,2029,25799
13549,2030,25770
13549,2031,25760
13549,2032,25704
13549,2033,25682
13549,2034,25677
13549,2035,25640
13549,2036,25601
13549,2037,25548
13549,2038,25512
13549,2039,25474
13549,2040,25439
13549,2041,25362
13549,2042,25294
13580,2005,5405
13580,2006,5517
13580,2007,5658
13580,2008,5751
13580,2009,5849
13580,2010,5951
13580,2011,6036
13580,2012,6135
13580,2013,6214
13580,2014,6326
13580,2015,6367
13580,2016,6511
13580,2017,6655
13580,2018,6731
13580,2019,6955
13580,2020,7248
13580,2021,7414
13580,2022,7529
13580,2023,7662
13580,2024,7810
13580,2025,7915
13580,2026,8012
13580,2027,8107
13580,2028,8186
13580,2029,8268
13580,2030,8360
13580,2031,8424
13580,2032,8489
13580,2033,8543
13580,2034,8616
13580,2035,8692
13580,2036,8754
13580,2037,8793
13580,2038,8851
13580,2039,8892
13580,2040,8957
13580,2041,8986
13580,2042,9042
13600,2005,14735
13600,2006,14704
13600,2007,14663
13600,2008,11384
13600,2009,11238
13600,2010,11219
13600,2011,11116
13600,2012,11026
13600,2013,10961
13600,2014,10831
13600,2015,10747
13600,2016,10647
13600,2017,10644
13600,2018,10605
13600,2019,10989
13600,2020,11422
13600,2021,11692
13600,2022,11904
13600,2023,12091
13600,2024,12277
13600,2025,12476
13600,2026,12613
13600,2027,12722
13600,2028,12858
13600,2029,12986
13600,2030,13108
13600,2031,13215
13600,2032,13325
13600,2033,13405
13600,2034,13506
13600,2035,13599
13600,2036,13688
13600,2037,13775
13600,2038,13841
13600,2039,13922
13600,2040,13996
13600,2041,14048
13600,2042,14119
13620,2005,7263
13620,2006,7329
13620,2007,7448
13620,2008,7515
13620,2009,7564
13620,2010,7626
13620,2011,7681
13620,2012,7705
13620,2013,7741
13620,2014,7820
13620,2015,7851
13620,2016,7959
13620,2017,7972
13620,2018,8050
13620,2019,8355
13620,2020,8632
13620,2021,8901
13620,2022,9122
13620,2023,9325
13620,2024,9542
13620,2025,9752
13620,2026,9958
13620,2027,10128
13620,2028,10350
13620,2029,10528
13620,2030,10726
13620,2031,10898
13620,2032,11077
13620,2033,11273
13620,2034,11442
13620,2035,11611
13620,2036,11783
13620,2037,11965
13620,2038,12128
13620,2039,12285
13620,2040,12431
13620,2041,12604
13620,2042,12753
13647,2005,16225
13647,2006,16408
13647,2007,16567
13647,2008,16712
13647,2009,16862
13647,2010,17020
13647,2011,17118
13647,2012,17259
13647,2013,17386
13647,2014,17533
13647,2015,17674
13647,2016,17777
13647,2017,17974
13647,2018,18259
13647,2019,18819
13647,2020,19441
13647,2021,19896
13647,2022,20295
13647,2023,20670
13647,2024,21053
13647,2025,21426
13647,2026,21751
13647,2027,22061
13647,2028,22364
13647,2029,22654
13647,2030,22941
13647,2031,23202
13647,2032,23487
13647,2033,23733
13647,2034,23978
13647,2035,24222
13647,2036,24445
13647,2037,24689
13647,2038,24895
13647,2039,25094
13647,2040,25301
13647,2041,25487
13647,2042,25690
13650,2005,10696
13650,2006,10861
13650,2007,11014
13650,2008,11178
13650,2009,11225
13650,2010,11366
13650,2011,11493
13650,2012,11609
13650,2013,11670
13650,2014,11852
13650,2015,11951
13650,2016,12107
13650,2017,12250
13650,2018,12542
13650,2019,12677
13650,2020,12841
13650,2021,12884
13650,2022,12853
13650,2023,12821
13650,2024,12766
13650,2025,12713
13650,2026,12641
13650,2027,12543
13650,2028,12452
13650,2029,12351
13650,2030,12271
13650,2031,12154
13650,2032,12061
13650,2033,11970
13650,2034,11871
13650,2035,11775
13650,2036,11657
13650,2037,11566
13650,2038,11466
13650,2039,11352
13650,2040,11263
13650,2041,11167
13650,2042,11057
13654,2005,24567
13654,2006,24563
13654,2007,24515
13654,2008,24481
13654,2009,24468
13654,2010,24423
13654,2011,24358
13654,2012,24257
13654,2013,24132
13654,2014,24028
13654,2015,23947
13654,2016,23888
13654,2017,23852
13654,2018,23923
13654,2019,24584
13654,2020,25321
13654,2021,25844
13654,2022,26327
13654,2023,26737
13654,2024,27176
13654,2025,27614
13654,2026,27965
13654,2027,28350
13654,2028,28678
13654,2029,29016
13654,2030,29333
13654,2031,29644
13654,2032,29928
13654,2033,30199
13654,2034,30455
13654,2035,30696
13654,2036,30944
13654,2037,31154
13654,2038,31348
13654,2039,31542
13654,2040,31721
13654,2041,31897
13654,2042,32052
13655,2005,7110
13655,2006,7343
13655,2007,7568
13655,2008,7795
13655,2009,7947
13655,2010,8153
13655,2011,8369
13655,2012,8559
13655,2013,8762
13655,2014,8904
13655,2015,9166
13655,2016,9379
13655,2017,9652
13655,2018,9943
13655,2019,10108
13655,2020,10286
13655,2021,10424
13655,2022,10529
13655,2023,10601
13655,2024,10708
13655,2025,10804
13655,2026,10857
13655,2027,10921
13655,2028,10982
13655,2029,11039
13655,2030,11117
13655,2031,11165
13655,2032,11221
13655,2033,11270
13655,2034,11313
13655,2035,11353
13655,2036,11421
13655,2037,11460
13655,2038,11509
13655,2039,11564
13655,2040,11603
13655,2041,11647
13655,2042,11681
13657,2005,33899
13657,2006,34188
13657,2007,34462
13657,2008,34704
13657,2009,34909
13657,2010,35138
13657,2011,35311
13657,2012,35508
13657,2013,35671
13657,2014,35805
13657,2015,35911
13657,2016,36218
13657,2017,36324
13657,2018,36871
13657,2019,37936
13657,2020,39110
13657,2021,39972
13657,2022,40658
13657,2023,41331
13657,2024,42048
13657,2025,42699
13657,2026,43291
13657,2027,43839
13657,2028,44395
13657,2029,44926
13657,2030,45438
13657,2031,45929
13657,2032,46389
13657,2033,46845
13657,2034,47265
13657,2035,47683
13657,2036,48089
13657,2037,48479
13657,2038,48828
13657,2039,49178
13657,2040,49505
13657,2041,49843
13657,2042,50137
13667,2005,23039
13667,2006,22485
13667,2007,21978
13667,2008,21428
13667,2009,20673
13667,2010,20068
13667,2011,19426
13667,2012,18779
13667,2013,18117
13667,2014,17445
13667,2015,16751
13667,2016,16076
13667,2017,15393
13667,2018,14771
13667,2019,15137
13667,2020,15560
13667,2021,15723
13667,2022,15800
13667,2023,15833
13667,2024,15853
13667,2025,15866
13667,2026,15839
13667,2027,15776
13667,2028,15719
13667,2029,15630
13667,2030,15557
13667,2031,15457
13667,2032,15370
13667,2033,15254
13667,2034,15146
13667,2035,15040
13667,2036,14919
13667,2037,14788
13667,2038,14659
13667,2039,14511
13667,2040,14396
13667,2041,14254
13667,2042,14112
13670,2005,23113
13670,2006,23480
13670,2007,23853
13670,2008,24193
13670,2009,24503
13670,2010,24809
13670,2011,25116
13670,2012,25398
13670,2013,25649
13670,2014,25888
13670,2015,26146
13670,2016,26436
13670,2017,26697
13670,2018,27182
13670,2019,27641
13670,2020,28162
13670,2021,28462
13670,2022,28665
13670,2023,28837
13670,2024,29026
13670,2025,29198
13670,2026,29312
13670,2027,29412
13670,2028,29490
13670,2029,29533
13670,2030,29588
13670,2031,29604
13670,2032,29613
13670,2033,29601
13670,2034,29571
13670,2035,29535
13670,2036,29454
13670,2037,29386
13670,2038,29300
13670,2039,29193
13670,2040,29081
13670,2041,28961
13670,2042,28837
13673,2005,12429
13673,2006,12581
13673,2007,12770
13673,2008,12950
13673,2009,13007
13673,2010,13157
13673,2011,13348
13673,2012,13493
13673,2013,13628
13673,2014,13759
13673,2015,13830
13673,2016,14061
13673,2017,14267
13673,2018,14557
13673,2019,14589
13673,2020,14650
13673,2021,14830
13673,2022,14973
13673,2023,15100
13673,2024,15213
13673,2025,15319
13673,2026,15427
13673,2027,15509
13673,2028,15591
13673,2029,15671
13673,2030,15734
13673,2031,15820
13673,2032,15892
13673,2033,15973
13673,2034,16041
13673,2035,16139
13673,2036,16214
13673,2037,16282
13673,2038,16382
13673,2039,16458
13673,2040,16555
13673,2041,16638
13673,2042,16731
13683,2005,17126
13683,2006,17488
13683,2007,17777
13683,2008,18080
13683,2009,18422
13683,2010,18716
13683,2011,18989
13683,2012,19281
13683,2013,19493
13683,2014,19769
13683,2015,20057
13683,2016,20291
13683,2017,20575
13683,2018,20961
13683,2019,21326
13683,2020,21718
13683,2021,21952
13683,2022,22111
13683,2023,22252
13683,2024,22371
13683,2025,22497
13683,2026,22593
13683,2027,22668
13683,2028,22728
13683,2029,22808
13683,2030,22874
13683,2031,22915
13683,2032,22976
13683,2033,23025
13683,2034,23076
13683,2035,23116
13683,2036,23177
13683,2037,23197
13683,2038,23252
13683,2039,23285
13683,2040,23329
13683,2041,23377
13683,2042,23416
13688,2005,24050
13688,2006,24770
13688,2007,25478
13688,2008,26162
13688,2009,26754
13688,2010,27401
13688,2011,28045
13688,2012,28671
13688,2013,29268
13688,2014,29863
13688,2015,30498
13688,2016,31080
13688,2017,31756
13688,2018,32660
13688,2019,32969
13688,2020,33382
13688,2021,33546
13688,2022,33597
13688,2023,33641
13688,2024,33643
13688,2025,33630
13688,2026,33538
13688,2027,33469
13688,2028,33366
13688,2029,33234
13688,2030,33084
13688,2031,32932
13688,2032,32750
13688,2033,32583
13688,2034,32367
13688,2035,32168
13688,2036,31955
13688,2037,31721
13688,2038,31485
13688,2039,31240
13688,2040,30969
13688,2041,30697
13688,2042,30439
13744,2005,13654
13744,2006,13987
13744,2007,14352
13744,2008,14699
13744,2009,14950
13744,2010,15277
13744,2011,15616
13744,2012,15941
13744,2013,16232
13744,2014,16608
13744,2015,16895
13744,2016,17260
13744,2017,17656
13744,2018,18122
13744,2019,18265
13744,2020,18453
13744,2021,18541
13744,2022,18550
13744,2023,18534
13744,2024,18510
13744,2025,18488
13744,2026,18410
13744,2027,18347
13744,2028,18272
13744,2029,18187
13744,2030,18082
13744,2031,17985
13744,2032,17887
13744,2033,17778
13744,2034,17681
13744,2035,17574
13744,2036,17467
13744,2037,17344
13744,2038,17244
13744,2039,17121
13744,2040,16985
13744,2041,16884
13744,2042,16742
13760,2005,9701
13760,2006,9791
13760,2007,9863
13760,2008,9927
13760,2009,10043
13760,2010,10110
13760,2011,10137
13760,2012,10242
13760,2013,10289
13760,2014,10315
13760,2015,10422
13760,2016,10422
13760,2017,10452
13760,2018,10658
13760,2019,11054
13760,2020,11505
13760,2021,11862
13760,2022,12181
13760,2023,12490
13760,2024,12824
13760,2025,13119
13760,2026,13414
13760,2027,13716
13760,2028,13985
13760,2029,14255
13760,2030,14529
13760,2031,14784
13760,2032,15042
13760,2033,15292
13760,2034,15523
13760,2035,15769
13760,2036,15979
13760,2037,16200
13760,2038,16393
13760,2039,16603
13760,2040,16797
13760,2041,16979
13760,2042,17154
13780,2005,15155
13780,2006,15035
13780,2007,14907
13780,2008,14771
13780,2009,14557
13780,2010,14387
13780,2011,14233
13780,2012,14068
13780,2013,13865
13780,2014,13706
13780,2015,13532
13780,2016,13327
13780,2017,13195
13780,2018,13096
13780,2019,13498
13780,2020,13937
13780,2021,14245
13780,2022,14487
13780,2023,14720
13780,2024,14965
13780,2025,15225
13780,2026,15409
13780,2027,15604
13780,2028,15783
13780,2029,15983
13780,2030,16138
13780,2031,16328
13780,2032,16504
13780,2033,16687
13780,2034,16826
13780,2035,16995
13780,2036,17142
13780,2037,17313
13780,2038,17457
13780,2039,17639
13780,2040,17765
13780,2041,17900
13780,2042,18064
13810,2005,15575
13810,2006,15812
13810,2007,16039
13810,2008,16261
13810,2009,16333
13810,2010,16528
13810,2011,16700
13810,2012,16848
13810,2013,17049
13810,2014,17201
13810,2015,17361
13810,2016,17515
13810,2017,17748
13810,2018,18036
13810,2019,18241
13810,2020,18517
13810,2021,18604
13810,2022,18592
13810,2023,18567
13810,2024,18535
13810,2025,18489
13810,2026,18390
13810,2027,18308
13810,2028,18201
13810,2029,18082
13810,2030,17962
13810,2031,17851
13810,2032,17728
13810,2033,17600
13810,2034,17467
13810,2035,17354
13810,2036,17206
13810,2037,17082
13810,2038,16942
13810,2039,16802
13810,2040,16662
13810,2041,16496
13810,2042,16347
13836,2005,81435
13836,2006,83448
13836,2007,85401
13836,2008,87257
13836,2009,89359
13836,2010,91136
13836,2011,92862
13836,2012,94515
13836,2013,96145
13836,2014,97668
13836,2015,99237
13836,2016,100929
13836,2017,102688
13836,2018,105166
13836,2019,109191
13836,2020,113394
13836,2021,116684
13836,2022,119545
13836,2023,122249
13836,2024,124939
13836,2025,127464
13836,2026,129703
13836,2027,131814
13836,2028,133819
13836,2029,135707
13836,2030,137474
13836,2031,139140
13836,2032,140715
13836,2033,142200
13836,2034,143606
13836,2035,144904
13836,2036,146133
13836,2037,147272
13836,2038,148339
13836,2039,149334
13836,2040,150266
13836,2041,151115
13836,2042,151938
13838,2005,14065
13838,2006,14256
13838,2007,14456
13838,2008,14634
13838,2009,14823
13838,2010,15000
13838,2011,15148
13838,2012,15322
13838,2013,15489
13838,2014,15596
13838,2015,15728
13838,2016,15883
13838,2017,16116
13838,2018,16396
13838,2019,16653
13838,2020,16952
13838,2021,17189
13838,2022,17355
13838,2023,17523
13838,2024,17726
13838,2025,17881
13838,2026,18005
13838,2027,18130
13838,2028,18255
13838,2029,18378
13838,2030,18493
13838,2031,18622
13838,2032,18722
13838,2033,18830
13838,2034,18945
13838,2035,19054
13838,2036,19175
13838,2037,19289
13838,2038,19381
13838,2039,19511
13838,2040,19621
13838,2041,19749
13838,2042,19853
13873,2005,20188
13873,2006,20520
13873,2007,20817
13873,2008,21116
13873,2009,21443
13873,2010,21730
13873,2011,21926
13873,2012,22147
13873,2013,22388
13873,2014,22598
13873,2015,22837
13873,2016,23055
13873,2017,23376
13873,2018,23773
13873,2019,24732
13873,2020,25753
13873,2021,26589
13873,2022,27357
13873,2023,28055
13873,2024,28802
13873,2025,29535
13873,2026,30219
13873,2027,30854
13873,2028,31504
13873,2029,32135
13873,2030,32723
13873,2031,33314
13873,2032,33891
13873,2033,34425
13873,2034,34982
13873,2035,35506
13873,2036,35997
13873,2037,36461
13873,2038,36930
13873,2039,37389
13873,2040,37793
13873,2041,38204
13873,2042,38611
13894,2005,11509
13894,2006,11564
13894,2007,11580
13894,2008,11600
13894,2009,11608
13894,2010,11663
13894,2011,11659
13894,2012,11672
13894,2013,11695
13894,2014,11743
13894,2015,11771
13894,2016,11745
13894,2017,11759
13894,2018,11871
13894,2019,12189
13894,2020,12514
13894,2021,12751
13894,2022,12939
13894,2023,13112
13894,2024,13291
13894,2025,13477
13894,2026,13613
13894,2027,13750
13894,2028,13868
13894,2029,14003
13894,2030,14134
13894,2031,14237
13894,2032,14334
13894,2033,14432
13894,2034,14495
13894,2035,14580
13894,2036,14662
13894,2037,14727
13894,2038,14786
13894,2039,14835
13894,2040,14891
13894,2041,14915
13894,2042,14940
15001,2005,138131
15001,2006,140936
15001,2007,143677
15001,2008,146463
15001,2009,149183
15001,2010,151971
15001,2011,154630
15001,2012,157191
15001,2013,159682
15001,2014,162176
15001,2015,164693
15001,2016,167207
15001,2017,169883
15001,2018,174101
15001,2019,176904
15001,2020,178975
15001,2021,181676
15001,2022,183818
15001,2023,185748
15001,2024,187765
15001,2025,189660
15001,2026,191372
15001,2027,193090
15001,2028,194852
15001,2029,196709
15001,2030,198604
15001,2031,200563
15001,2032,202588
15001,2033,204624
15001,2034,206693
15001,2035,208775
15001,2036,211415
15001,2037,213996
15001,2038,216545
15001,2039,218984
15001,2040,221353
15001,2041,223636
15001,2042,225827
15022,2005,4672
15022,2006,4415
15022,2007,4197
15022,2008,3962
15022,2009,3747
15022,2010,3518
15022,2011,3317
15022,2012,3143
15022,2013,2927
15022,2014,2710
15022,2015,2564
15022,2016,2333
15022,2017,2115
15022,2018,1893
15022,2019,1886
15022,2020,1889
15022,2021,1882
15022,2022,1857
15022,2023,1846
15022,2024,1825
15022,2025,1807
15022,2026,1764
15022,2027,1745
15022,2028,1719
15022,2029,1713
15022,2030,1669
15022,2031,1650
15022,2032,1612
15022,2033,1584
15022,2034,1551
15022,2035,1529
15022,2036,1496
15022,2037,1459
15022,2038,1423
15022,2039,1398
15022,2040,1340
15022,2041,1322
15022,2042,1306
15047,2005,15758
15047,2006,15694
15047,2007,15646
15047,2008,15563
15047,2009,15563
15047,2010,15502
15047,2011,15426
15047,2012,15406
15047,2013,15389
15047,2014,15375
15047,2015,15341
15047,2016,15315
15047,2017,15335
15047,2018,15339
15047,2019,15378
15047,2020,15528
15047,2021,15506
15047,2022,15497
15047,2023,15450
15047,2024,15405
15047,2025,15363
15047,2026,15292
15047,2027,15211
15047,2028,15126
15047,2029,15035
15047,2030,14914
15047,2031,14792
15047,2032,14679
15047,2033,14537
15047,2034,14401
15047,2035,14230
15047,2036,14099
15047,2037,13948
15047,2038,13781
15047,2039,13626
15047,2040,13456
15047,2041,13297
15047,2042,13109
15051,2005,5199
15051,2006,5230
15051,2007,5240
15051,2008,5292
15051,2009,5319
15051,2010,5305
15051,2011,5346
15051,2012,5407
15051,2013,5485
15051,2014,5542
15051,2015,5621
15051,2016,5715
15051,2017,5784
15051,2018,5816
15051,2019,5935
15051,2020,6080
15051,2021,6151
15051,2022,6239
15051,2023,6292
15051,2024,6370
15051,2025,6459
15051,2026,6522
15051,2027,6593
15051,2028,6646
15051,2029,6691
15051,2030,6753
15051,2031,6809
15051,2032,6824
15051,2033,6881
15051,2034,6910
15051,2035,6930
15051,2036,6983
15051,2037,6999
15051,2038,7039
15051,2039,7060
15051,2040,7073
15051,2041,7101
15051,2042,7104
15087,2005,8038
15087,2006,7963
15087,2007,7918
15087,2008,7852
15087,2009,7799
15087,2010,7727
15087,2011,7647
15087,2012,7596
15087,2013,7566
15087,2014,7529
15087,2015,7526
15087,2016,7568
15087,2017,7483
15087,2018,7499
15087,2019,7529
15087,2020,7603
15087,2021,7622
15087,2022,7627
15087,2023,7629
15087,2024,7638
15087,2025,7665
15087,2026,7642
15087,2027,7645
15087,2028,7632
15087,2029,7614
15087,2030,7613
15087,2031,7582
15087,2032,7575
15087,2033,7570
15087,2034,7538
15087,2035,7505
15087,2036,7493
15087,2037,7496
15087,2038,7463
15087,2039,7430
15087,2040,7396
15087,2041,7390
15087,2042,7318
15090,2005,1785
15090,2006,1823
15090,2007,1815
15090,2008,1774
15090,2009,1756
15090,2010,1654
15090,2011,1639
15090,2012,1687
15090,2013,1716
15090,2014,1727
15090,2015,1685
15090,2016,1616
15090,2017,1593
15090,2018,1569
15090,2019,1600
15090,2020,1607
15090,2021,1619
15090,2022,1630
15090,2023,1619
15090,2024,1645
15090,2025,1652
15090,2026,1636
15090,2027,1642
15090,2028,1636
15090,2029,1645
15090,2030,1624
15090,2031,1611
15090,2032,1606
15090,2033,1607
15090,2034,1600
15090,2035,1565
15090,2036,1571
15090,2037,1546
15090,2038,1547
15090,2039,1514
15090,2040,1512
15090,2041,1500
15090,2042,1485
15092,2005,2327
15092,2006,2287
15092,2007,2302
15092,2008,2252
15092,2009,2243
15092,2010,2222
15092,2011,2226
15092,2012,2203
15092,2013,2140
15092,2014,2099
15092,2015,2040
15092,2016,1967
15092,2017,1955
15092,2018,1937
15092,2019,1922
15092,2020,1936
15092,2021,1902
15092,2022,1878
15092,2023,1857
15092,2024,1825
15092,2025,1809
15092,2026,1762
15092,2027,1744
15092,2028,1722
15092,2029,1691
15092,2030,1658
15092,2031,1611
15092,2032,1583
15092,2033,1539
15092,2034,1493
15092,2035,1461
15092,2036,1424
15092,2037,1404
15092,2038,1364
15092,2039,1322
15092,2040,1280
15092,2041,1248
15092,2042,1209
15097,2005,8472
15097,2006,8185
15097,2007,7889
15097,2008,7610
15097,2009,7383
15097,2010,7113
15097,2011,6844
15097,2012,6569
15097,2013,6303
15097,2014,6034
15097,2015,5801
15097,2016,5587
15097,2017,5306
15097,2018,5059
15097,2019,5087
15097,2020,5124
15097,2021,5153
15097,2022,5139
15097,2023,5171
15097,2024,5145
15097,2025,5178
15097,2026,5169
15097,2027,5163
15097,2028,5162
15097,2029,5145
15097,2030,5145
15097,2031,5131
15097,2032,5109
15097,2033,5103
15097,2034,5062
15097,2035,5056
15097,2036,5015
15097,2037,5001
15097,2038,4986
15097,2039,4943
15097,2040,4911
15097,2041,4876
15097,2042,4856
15104,2005,5213
15104,2006,5179
15104,2007,5179
15104,2008,5130
15104,2009,5137
15104,2010,5066
15104,2011,5020
15104,2012,5000
15104,2013,5002
15104,2014,4997
15104,2015,4962
15104,2016,5013
15104,2017,5066
15104,2018,5040
15104,2019,5107
15104,2020,5190
15104,2021,5233
15104,2022,5241
15104,2023,5250
15104,2024,5297
15104,2025,5324
15104,2026,5313
15104,2027,5320
15104,2028,5345
15104,2029,5314
15104,2030,5303
15104,2031,5303
15104,2032,5272
15104,2033,5251
15104,2034,5211
15104,2035,5163
15104,2036,5124
15104,2037,5080
15104,2038,5027
15104,2039,4958
15104,2040,4920
15104,2041,4852
15104,2042,4815
15106,2005,2620
15106,2006,2579
15106,2007,2561
15106,2008,2543
15106,2009,2510
15106,2010,2475
15106,2011,2446
15106,2012,2423
15106,2013,2381
15106,2014,2359
15106,2015,2321
15106,2016,2224
15106,2017,2200
15106,2018,2173
15106,2019,2210
15106,2020,2235
15106,2021,2237
15106,2022,2239
15106,2023,2259
15106,2024,2247
15106,2025,2254
15106,2026,2257
15106,2027,2260
15106,2028,2239
15106,2029,2234
15106,2030,2233
15106,2031,2214
15106,2032,2214
15106,2033,2193
15106,2034,2173
15106,2035,2157
15106,2036,2142
15106,2037,2137
15106,2038,2108
15106,2039,2092
15106,2040,2067
15106,2041,2041
15106,2042,2026
15109,2005,4941
15109,2006,4885
15109,2007,4818
15109,2008,4795
15109,2009,4710
15109,2010,4626
15109,2011,4602
15109,2012,4582
15109,2013,4532
15109,2014,4495
15109,2015,4447
15109,2016,4410
15109,2017,4411
15109,2018,4393
15109,2019,4419
15109,2020,4476
15109,2021,4486
15109,2022,4518
15109,2023,4512
15109,2024,4509
15109,2025,4518
15109,2026,4519
15109,2027,4536
15109,2028,4505
15109,2029,4500
15109,2030,4470
15109,2031,4458
15109,2032,4441
15109,2033,4405
15109,2034,4361
15109,2035,4318
15109,2036,4298
15109,2037,4261
15109,2038,4207
15109,2039,4169
15109,2040,4108
15109,2041,4060
15109,2042,4026
15114,2005,884
15114,2006,921
15114,2007,962
15114,2008,999
15114,2009,1026
15114,2010,1041
15114,2011,1051
15114,2012,1073
15114,2013,1082
15114,2014,1096
15114,2015,1096
15114,2016,1105
15114,2017,1111
15114,2018,1112
15114,2019,1154
15114,2020,1188
15114,2021,1207
15114,2022,1232
15114,2023,1254
15114,2024,1288
15114,2025,1338
15114,2026,1342
15114,2027,1368
15114,2028,1390
15114,2029,1409
15114,2030,1433
15114,2031,1456
15114,2032,1507
15114,2033,1506
15114,2034,1546
15114,2035,1555
15114,2036,1577
15114,2037,1602
15114,2038,1638
15114,2039,1646
15114,2040,1683
15114,2041,1691
15114,2042,1712
15131,2005,3689
15131,2006,3617
15131,2007,3558
15131,2008,3503
15131,2009,3441
15131,2010,3394
15131,2011,3349
15131,2012,3305
15131,2013,3266
15131,2014,3247
15131,2015,3270
15131,2016,3245
15131,2017,3145
15131,2018,3117
15131,2019,3087
15131,2020,3076
15131,2021,3032
15131,2022,2983
15131,2023,2948
15131,2024,2893
15131,2025,2869
15131,2026,2797
15131,2027,2752
15131,2028,2694
15131,2029,2635
15131,2030,2587
15131,2031,2524
15131,2032,2451
15131,2033,2405
15131,2034,2326
15131,2035,2263
15131,2036,2199
15131,2037,2130
15131,2038,2072
15131,2039,2012
15131,2040,1959
15131,2041,1891
15131,2042,1827
15135,2005,3786
15135,2006,3753
15135,2007,3697
15135,2008,3643
15135,2009,3607
15135,2010,3571
15135,2011,3500
15135,2012,3431
15135,2013,3352
15135,2014,3322
15135,2015,3286
15135,2016,3252
15135,2017,3137
15135,2018,3102
15135,2019,3137
15135,2020,3167
15135,2021,3182
15135,2022,3183
15135,2023,3177
15135,2024,3186
15135,2025,3209
15135,2026,3187
15135,2027,3186
15135,2028,3194
15135,2029,3195
15135,2030,3177
15135,2031,3171
15135,2032,3146
15135,2033,3124
15135,2034,3100
15135,2035,3085
15135,2036,3052
15135,2037,3033
15135,2038,3000
15135,2039,2977
15135,2040,2946
15135,2041,2918
15135,2042,2879
15162,2005,4175
15162,2006,4154
15162,2007,4088
15162,2008,4040
15162,2009,4006
15162,2010,3958
15162,2011,3912
15162,2012,3876
15162,2013,3847
15162,2014,3835
15162,2015,3848
15162,2016,3808
15162,2017,3691
15162,2018,3710
15162,2019,3704
15162,2020,3693
15162,2021,3678
15162,2022,3642
15162,2023,3620
15162,2024,3583
15162,2025,3545
15162,2026,3527
15162,2027,3482
15162,2028,3452
15162,2029,3398
15162,2030,3379
15162,2031,3318
15162,2032,3292
15162,2033,3224
15162,2034,3194
15162,2035,3136
15162,2036,3074
15162,2037,3043
15162,2038,2994
15162,2039,2949
15162,2040,2898
15162,2041,2832
15162,2042,2790
15172,2005,3492
15172,2006,3511
15172,2007,3472
15172,2008,3438
15172,2009,3413
15172,2010,3392
15172,2011,3340
15172,2012,3326
15172,2013,3313
15172,2014,3287
15172,2015,3276
15172,2016,3202
15172,2017,3202
15172,2018,3185
15172,2019,3208
15172,2020,3191
15172,2021,3170
15172,2022,3156
15172,2023,3121
15172,2024,3093
15172,2025,3086
15172,2026,3049
15172,2027,2999
15172,2028,2972
15172,2029,2940
15172,2030,2900
15172,2031,2857
15172,2032,2816
15172,2033,2773
15172,2034,2733
15172,2035,2690
15172,2036,2639
15172,2037,2614
15172,2038,2551
15172,2039,2517
15172,2040,2474
15172,2041,2419
15172,2042,2362
15176,2005,46905
15176,2006,47662
15176,2007,48379
15176,2008,49095
15176,2009,49844
15176,2010,50585
15176,2011,51297
15176,2012,51941
15176,2013,52614
15176,2014,53322
15176,2015,53918
15176,2016,54562
15176,2017,55366
15176,2018,56458
15176,2019,56930
15176,2020,57221
15176,2021,57591
15176,2022,57817
15176,2023,57965
15176,2024,58135
15176,2025,58267
15176,2026,58330
15176,2027,58398
15176,2028,58451
15176,2029,58523
15176,2030,58604
15176,2031,58703
15176,2032,58793
15176,2033,58890
15176,2034,58983
15176,2035,59059
15176,2036,59278
15176,2037,59502
15176,2038,59684
15176,2039,59830
15176,2040,59962
15176,2041,60050
15176,2042,60133
15180,2005,5170
15180,2006,5047
15180,2007,4925
15180,2008,4811
15180,2009,4704
15180,2010,4600
15180,2011,4468
15180,2012,4374
15180,2013,4322
15180,2014,4213
15180,2015,4180
15180,2016,4175
15180,2017,4041
15180,2018,3964
15180,2019,4003
15180,2020,4060
15180,2021,4070
15180,2022,4078
15180,2023,4074
15180,2024,4078
15180,2025,4094
15180,2026,4106
15180,2027,4100
15180,2028,4094
15180,2029,4079
15180,2030,4059
15180,2031,4030
15180,2032,4014
15180,2033,4008
15180,2034,3960
15180,2035,3933
15180,2036,3911
15180,2037,3853
15180,2038,3817
15180,2039,3781
15180,2040,3735
15180,2041,3711
15180,2042,3661
15183,2005,11046
15183,2006,10795
15183,2007,10514
15183,2008,10272
15183,2009,10021
15183,2010,9791
15183,2011,9580
15183,2012,9350
15183,2013,9091
15183,2014,8827
15183,2015,8576
15183,2016,8362
15183,2017,8237
15183,2018,7992
15183,2019,8064
15183,2020,8168
15183,2021,8180
15183,2022,8205
15183,2023,8209
15183,2024,8239
15183,2025,8237
15183,2026,8255
15183,2027,8253
15183,2028,8228
15183,2029,8205
15183,2030,8178
15183,2031,8158
15183,2032,8084
15183,2033,8045
15183,2034,7991
15183,2035,7944
15183,2036,7888
15183,2037,7799
15183,2038,7740
15183,2039,7659
15183,2040,7578
15183,2041,7506
15183,2042,7423
15185,2005,5971
15185,2006,5918
15185,2007,5890
15185,2008,5887
15185,2009,5872
15185,2010,5873
15185,2011,5846
15185,2012,5823
15185,2013,5792
15185,2014,5775
15185,2015,5734
15185,2016,5736
15185,2017,5822
15185,2018,5802
15185,2019,5852
15185,2020,5914
15185,2021,5933
15185,2022,5955
15185,2023,5967
15185,2024,5961
15185,2025,5969
15185,2026,5969
15185,2027,5975
15185,2028,5957
15185,2029,5943
15185,2030,5945
15185,2031,5888
15185,2032,5857
15185,2033,5829
15185,2034,5773
15185,2035,5735
15185,2036,5693
15185,2037,5625
15185,2038,5577
15185,2039,5538
15185,2040,5464
15185,2041,5402
15185,2042,5340
15187,2005,2788
15187,2006,2774
15187,2007,2774
15187,2008,2782
15187,2009,2793
15187,2010,2727
15187,2011,2779
15187,2012,2773
15187,2013,2794
15187,2014,2832
15187,2015,2790
15187,2016,2793
15187,2017,2819
15187,2018,2771
15187,2019,2786
15187,2020,2831
15187,2021,2833
15187,2022,2839
15187,2023,2857
15187,2024,2858
15187,2025,2848
15187,2026,2858
15187,2027,2845
15187,2028,2845
15187,2029,2861
15187,2030,2831
15187,2031,2820
15187,2032,2799
15187,2033,2788
15187,2034,2772
15187,2035,2739
15187,2036,2713
15187,2037,2670
15187,2038,2661
15187,2039,2636
15187,2040,2593
15187,2041,2555
15187,2042,2525
15189,2005,4905
15189,2006,4870
15189,2007,4842
15189,2008,4847
15189,2009,4821
15189,2010,4771
15189,2011,4721
15189,2012,4702
15189,2013,4671
15189,2014,4638
15189,2015,4659
15189,2016,4650
15189,2017,4629
15189,2018,4601
15189,2019,4624
15189,2020,4645
15189,2021,4631
15189,2022,4599
15189,2023,4576
15189,2024,4535
15189,2025,4531
15189,2026,4499
15189,2027,4439
15189,2028,4400
15189,2029,4355
15189,2030,4301
15189,2031,4255
15189,2032,4195
15189,2033,4146
15189,2034,4079
15189,2035,4005
15189,2036,3948
15189,2037,3881
15189,2038,3827
15189,2039,3748
15189,2040,3680
15189,2041,3618
15189,2042,3549
15204,2005,11430
15204,2006,11489
15204,2007,11578
15204,2008,11682
15204,2009,11758
15204,2010,11836
15204,2011,11953
15204,2012,12064
15204,2013,12171
15204,2014,12323
15204,2015,12464
15204,2016,12585
15204,2017,12800
15204,2018,12881
15204,2019,12995
15204,2020,13241
15204,2021,13329
15204,2022,13373
15204,2023,13419
15204,2024,13473
15204,2025,13517
15204,2026,13539
15204,2027,13563
15204,2028,13544
15204,2029,13507
15204,2030,13478
15204,2031,13441
15204,2032,13363
15204,2033,13271
15204,2034,13166
15204,2035,13058
15204,2036,12936
15204,2037,12813
15204,2038,12684
15204,2039,12523
15204,2040,12386
15204,2041,12222
15204,2042,12040
15212,2005,4206
15212,2006,4172
15212,2007,4105
15212,2008,4051
15212,2009,4007
15212,2010,3957
15212,2011,3896
15212,2012,3863
15212,2013,3793
15212,2014,3740
15212,2015,3740
15212,2016,3760
15212,2017,3627
15212,2018,3578
15212,2019,3590
15212,2020,3612
15212,2021,3578
15212,2022,3566
15212,2023,3536
15212,2024,3513
15212,2025,3476
15212,2026,3456
15212,2027,3401
15212,2028,3370
15212,2029,3325
15212,2030,3279
15212,2031,3238
15212,2032,3195
15212,2033,3122
15212,2034,3077
15212,2035,3021
15212,2036,2957
15212,2037,2913
15212,2038,2868
15212,2039,2805
15212,2040,2754
15212,2041,2691
15212,2042,2621
15215,2005,2495
15215,2006,2491
15215,2007,2475
15215,2008,2459
15215,2009,2429
15215,2010,2412
15215,2011,2428
15215,2012,2411
15215,2013,2416
15215,2014,2428
15215,2015,2443
15215,2016,2448
15215,2017,2469
15215,2018,2493
15215,2019,2515
15215,2020,2540
15215,2021,2539
15215,2022,2545
15215,2023,2546
15215,2024,2561
15215,2025,2570
15215,2026,2576
15215,2027,2571
15215,2028,2563
15215,2029,2567
15215,2030,2553
15215,2031,2546
15215,2032,2542
15215,2033,2533
15215,2034,2533
15215,2035,2523
15215,2036,2502
15215,2037,2505
15215,2038,2513
15215,2039,2503
15215,2040,2493
15215,2041,2482
15215,2042,2476
15218,2005,3751
15218,2006,3649
15218,2007,3569
15218,2008,3470
15218,2009,3385
15218,2010,3335
15218,2011,3232
15218,2012,3170
15218,2013,3128
15218,2014,3076
15218,2015,3021
15218,2016,2966
15218,2017,2858
15218,2018,2785
15218,2019,2815
15218,2020,2845
15218,2021,2856
15218,2022,2863
15218,2023,2863
15218,2024,2873
15218,2025,2867
15218,2026,2876
15218,2027,2874
15218,2028,2870
15218,2029,2877
15218,2030,2840
15218,2031,2836
15218,2032,2833
15218,2033,2804
15218,2034,2770
15218,2035,2767
15218,2036,2730
15218,2037,2703
15218,2038,2677
15218,2039,2641
15218,2040,2627
15218,2041,2590
15218,2042,2541
15223,2005,7677
15223,2006,7810
15223,2007,8000
15223,2008,8200
15223,2009,8438
15223,2010,8630
15223,2011,8809
15223,2012,9011
15223,2013,9227
15223,2014,9420
15223,2015,9613
15223,2016,9827
15223,2017,10103
15223,2018,10314
15223,2019,10870
15223,2020,11461
15223,2021,11898
15223,2022,12261
15223,2023,12624
15223,2024,12974
15223,2025,13318
15223,2026,13622
15223,2027,13893
15223,2028,14170
15223,2029,14423
15223,2030,14666
15223,2031,14917
15223,2032,15098
15223,2033,15308
15223,2034,15512
15223,2035,15691
15223,2036,15837
15223,2037,15983
15223,2038,16136
15223,2039,16245
15223,2040,16354
15223,2041,16465
15223,2042,16562
15224,2005,3501
15224,2006,3515
15224,2007,3516
15224,2008,3541
15224,2009,3569
15224,2010,3578
15224,2011,3580
15224,2012,3623
15224,2013,3698
15224,2014,3720
15224,2015,3723
15224,2016,3728
15224,2017,3725
15224,2018,3724
15224,2019,3738
15224,2020,3793
15224,2021,3792
15224,2022,3794
15224,2023,3793
15224,2024,3801
15224,2025,3808
15224,2026,3813
15224,2027,3798
15224,2028,3807
15224,2029,3794
15224,2030,3779
15224,2031,3774
15224,2032,3760
15224,2033,3730
15224,2034,3727
15224,2035,3701
15224,2036,3681
15224,2037,3654
15224,2038,3625
15224,2039,3610
15224,2040,3574
15224,2041,3551
15224,2042,3550
15226,2005,1951
15226,2006,1930
15226,2007,1927
15226,2008,1906
15226,2009,1883
15226,2010,1871
15226,2011,1858
15226,2012,1878
15226,2013,1850
15226,2014,1830
15226,2015,1813
15226,2016,1803
15226,2017,1801
15226,2018,1793
15226,2019,1786
15226,2020,1830
15226,2021,1826
15226,2022,1838
15226,2023,1839
15226,2024,1837
15226,2025,1843
15226,2026,1850
15226,2027,1864
15226,2028,1851
15226,2029,1840
15226,2030,1829
15226,2031,1816
15226,2032,1795
15226,2033,1804
15226,2034,1770
15226,2035,1751
15226,2036,1743
15226,2037,1725
15226,2038,1706
15226,2039,1680
15226,2040,1660
15226,2041,1642
15226,2042,1614
15232,2005,4718
15232,2006,4694
15232,2007,4702
15232,2008,4691
15232,2009,4680
15232,2010,4679
15232,2011,4656
15232,2012,4623
15232,2013,4658
15232,2014,4659
15232,2015,4619
15232,2016,4638
15232,2017,4699
15232,2018,4631
15232,2019,4667
15232,2020,4736
15232,2021,4784
15232,2022,4762
15232,2023,4796
15232,2024,4813
15232,2025,4811
15232,2026,4795
15232,2027,4809
15232,2028,4792
15232,2029,4773
15232,2030,4761
15232,2031,4726
15232,2032,4704
15232,2033,4645
15232,2034,4613
15232,2035,4595
15232,2036,4517
15232,2037,4485
15232,2038,4416
15232,2039,4362
15232,2040,4292
15232,2041,4231
15232,2042,4186
15236,2005,3057
15236,2006,2998
15236,2007,2926
15236,2008,2903
15236,2009,2878
15236,2010,2801
15236,2011,2781
15236,2012,2735
15236,2013,2706
15236,2014,2664
15236,2015,2628
15236,2016,2527
15236,2017,2457
15236,2018,2470
15236,2019,2511
15236,2020,2564
15236,2021,2585
15236,2022,2652
15236,2023,2651
15236,2024,2702
15236,2025,2723
15236,2026,2773
15236,2027,2780
15236,2028,2812
15236,2029,2826
15236,2030,2830
15236,2031,2847
15236,2032,2857
15236,2033,2880
15236,2034,2893
15236,2035,2897
15236,2036,2907
15236,2037,2892
15236,2038,2919
15236,2039,2898
15236,2040,2912
15236,2041,2915
15236,2042,2893
15238,2005,99730
15238,2006,101546
15238,2007,103325
15238,2008,105162
15238,2009,106885
15238,2010,108694
15238,2011,110498
15238,2012,112192
15238,2013,113827
15238,2014,115501
15238,2015,117159
15238,2016,118852
15238,2017,120573
15238,2018,123361
15238,2019,125538
15238,2020,127363
15238,2021,129463
15238,2022,131200
15238,2023,132756
15238,2024,134425
15238,2025,135991
15238,2026,137431
15238,2027,138871
15238,2028,140316
15238,2029,141824
15238,2030,143354
15238,2031,144907
15238,2032,146481
15238,2033,148094
15238,2034,149720
15238,2035,151315
15238,2036,153296
15238,2037,155262
15238,2038,157158
15238,2039,159025
15238,2040,160819
15238,2041,162549
15238,2042,164223
15244,2005,5327
15244,2006,5282
15244,2007,5128
15244,2008,5006
15244,2009,4922
15244,2010,4890
15244,2011,4812
15244,2012,4711
15244,2013,4634
15244,2014,4525
15244,2015,4412
15244,2016,4374
15244,2017,4265
15244,2018,4204
15244,2019,4232
15244,2020,4283
15244,2021,4282
15244,2022,4293
15244,2023,4300
15244,2024,4305
15244,2025,4304
15244,2026,4308
15244,2027,4316
15244,2028,4305
15244,2029,4286
15244,2030,4295
15244,2031,4270
15244,2032,4248
15244,2033,4258
15244,2034,4227
15244,2035,4217
15244,2036,4208
15244,2037,4187
15244,2038,4169
15244,2039,4149
15244,2040,4132
15244,2041,4103
15244,2042,4074
15248,2005,3466
15248,2006,3458
15248,2007,3386
15248,2008,3391
15248,2009,3313
15248,2010,3307
15248,2011,3317
15248,2012,3227
15248,2013,3165
15248,2014,3113
15248,2015,3099
15248,2016,3079
15248,2017,3079
15248,2018,3062
15248,2019,3083
15248,2020,3089
15248,2021,3122
15248,2022,3128
15248,2023,3119
15248,2024,3128
15248,2025,3149
15248,2026,3126
15248,2027,3136
15248,2028,3131
15248,2029,3147
15248,2030,3109
15248,2031,3105
15248,2032,3093
15248,2033,3076
15248,2034,3067
15248,2035,3041
15248,2036,3041
15248,2037,3022
15248,2038,3001
15248,2039,2988
15248,2040,2990
15248,2041,2937
15248,2042,2924
15272,2005,6248
15272,2006,6290
15272,2007,6311
15272,2008,6302
15272,2009,6323
15272,2010,6303
15272,2011,6324
15272,2012,6346
15272,2013,6325
15272,2014,6336
15272,2015,6399
15272,2016,6523
15272,2017,6616
15272,2018,6637
15272,2019,6743
15272,2020,6859
15272,2021,6921
15272,2022,6975
15272,2023,7040
15272,2024,7088
15272,2025,7137
15272,2026,7182
15272,2027,7218
15272,2028,7254
15272,2029,7260
15272,2030,7273
15272,2031,7292
15272,2032,7290
15272,2033,7304
15272,2034,7318
15272,2035,7311
15272,2036,7313
15272,2037,7300
15272,2038,7285
15272,2039,7262
15272,2040,7227
15272,2041,7225
15272,2042,7196
15276,2005,3801
15276,2006,3728
15276,2007,3660
15276,2008,3609
15276,2009,3547
15276,2010,3518
15276,2011,3480
15276,2012,3438
15276,2013,3433
15276,2014,3420
15276,2015,3415
15276,2016,3350
15276,2017,3255
15276,2018,3250
15276,2019,3267
15276,2020,3315
15276,2021,3328
15276,2022,3329
15276,2023,3338
15276,2024,3328
15276,2025,3351
15276,2026,3332
15276,2027,3351
15276,2028,3352
15276,2029,3322
15276,2030,3320
15276,2031,3315
15276,2032,3310
15276,2033,3265
15276,2034,3258
15276,2035,3243
15276,2036,3220
15276,2037,3200
15276,2038,3179
15276,2039,3139
15276,2040,3125
15276,2041,3102
15276,2042,3069
15293,2005,3110
15293,2006,3041
15293,2007,3022
15293,2008,2945
15293,2009,2921
15293,2010,2912
15293,2011,2896
15293,2012,2878
15293,2013,2923
15293,2014,2880
15293,2015,2848
15293,2016,2794
15293,2017,2774
15293,2018,2771
15293,2019,2800
15293,2020,2812
15293,2021,2807
15293,2022,2796
15293,2023,2762
15293,2024,2765
15293,2025,2750
15293,2026,2715
15293,2027,2718
15293,2028,2695
15293,2029,2669
15293,2030,2640
15293,2031,2609
15293,2032,2590
15293,2033,2541
15293,2034,2513
15293,2035,2468
15293,2036,2441
15293,2037,2407
15293,2038,2376
15293,2039,2313
15293,2040,2284
15293,2041,2244
15293,2042,2192
15296,2005,5170
15296,2006,5153
15296,2007,5124
15296,2008,5075
15296,2009,5043
15296,2010,5015
15296,2011,4948
15296,2012,4905
15296,2013,4891
15296,2014,4829
15296,2015,4855
15296,2016,4841
15296,2017,4834
15296,2018,4826
15296,2019,4809
15296,2020,4832
15296,2021,4802
15296,2022,4762
15296,2023,4721
15296,2024,4687
15296,2025,4644
15296,2026,4584
15296,2027,4547
15296,2028,4490
15296,2029,4411
15296,2030,4357
15296,2031,4318
15296,2032,4234
15296,2033,4149
15296,2034,4114
15296,2035,4030
15296,2036,3953
15296,2037,3866
15296,2038,3806
15296,2039,3714
15296,2040,3647
15296,2041,3566
15296,2042,3499
15299,2005,15943
15299,2006,16077
15299,2007,16262
15299,2008,16447
15299,2009,16586
15299,2010,16756
15299,2011,16906
15299,2012,17039
15299,2013,17189
15299,2014,17280
15299,2015,17401
15299,2016,17504
15299,2017,17707
15299,2018,18005
15299,2019,18265
15299,2020,18534
15299,2021,18764
15299,2022,18936
15299,2023,19114
15299,2024,19295
15299,2025,19470
15299,2026,19609
15299,2027,19740
15299,2028,19882
15299,2029,19995
15299,2030,20107
15299,2031,20260
15299,2032,20382
15299,2033,20510
15299,2034,20617
15299,2035,20723
15299,2036,20871
15299,2037,21016
15299,2038,21134
15299,2039,21258
15299,2040,21383
15299,2041,21483
15299,2042,21567
15317,2005,2237
15317,2006,2208
15317,2007,2168
15317,2008,2150
15317,2009,2120
15317,2010,2102
15317,2011,2069
15317,2012,2077
15317,2013,2024
15317,2014,2013
15317,2015,1937
15317,2016,1899
15317,2017,1857
15317,2018,1844
15317,2019,1860
15317,2020,1860
15317,2021,1847
15317,2022,1837
15317,2023,1828
15317,2024,1811
15317,2025,1814
15317,2026,1797
15317,2027,1775
15317,2028,1764
15317,2029,1737
15317,2030,1720
15317,2031,1703
15317,2032,1664
15317,2033,1644
15317,2034,1634
15317,2035,1594
15317,2036,1580
15317,2037,1557
15317,2038,1542
15317,2039,1500
15317,2040,1467
15317,2041,1452
15317,2042,1414
15322,2005,10222
15322,2006,10260
15322,2007,10281
15322,2008,10360
15322,2009,10372
15322,2010,10395
15322,2011,10448
15322,2012,10470
15322,2013,10486
15322,2014,10536
15322,2015,10537
15322,2016,10599
15322,2017,10574
15322,2018,10737
15322,2019,10887
15322,2020,10998
15322,2021,11116
15322,2022,11192
15322,2023,11276
15322,2024,11331
15322,2025,11408
15322,2026,11471
15322,2027,11514
15322,2028,11589
15322,2029,11613
15322,2030,11675
15322,2031,11711
15322,2032,11755
15322,2033,11819
15322,2034,11846
15322,2035,11866
15322,2036,11936
15322,2037,12005
15322,2038,12019
15322,2039,12085
15322,2040,12116
15322,2041,12134
15322,2042,12163
15325,2005,4802
15325,2006,4713
15325,2007,4599
15325,2008,4461
15325,2009,4386
15325,2010,4247
15325,2011,4107
15325,2012,4001
15325,2013,3886
15325,2014,3765
15325,2015,3692
15325,2016,3639
15325,2017,3505
15325,2018,3377
15325,2019,3425
15325,2020,3424
15325,2021,3457
15325,2022,3467
15325,2023,3476
15325,2024,3455
15325,2025,3473
15325,2026,3480
15325,2027,3476
15325,2028,3473
15325,2029,3468
15325,2030,3467
15325,2031,3451
15325,2032,3429
15325,2033,3403
15325,2034,3391
15325,2035,3375
15325,2036,3356
15325,2037,3326
15325,2038,3291
15325,2039,3281
15325,2040,3249
15325,2041,3217
15325,2042,3171
15332,2005,4960
15332,2006,4879
15332,2007,4815
15332,2008,4738
15332,2009,4723
15332,2010,4679
15332,2011,4605
15332,2012,4570
15332,2013,4500
15332,2014,4425
15332,2015,4326
15332,2016,4313
15332,2017,4297
15332,2018,4262
15332,2019,4282
15332,2020,4337
15332,2021,4352
15332,2022,4363
15332,2023,4352
15332,2024,4383
15332,2025,4359
15332,2026,4375
15332,2027,4380
15332,2028,4364
15332,2029,4372
15332,2030,4352
15332,2031,4336
15332,2032,4304
15332,2033,4305
15332,2034,4259
15332,2035,4227
15332,2036,4209
15332,2037,4173
15332,2038,4148
15332,2039,4116
15332,2040,4078
15332,2041,4050
15332,2042,3976
15362,2005,1785
15362,2006,1794
15362,2007,1799
15362,2008,1789
15362,2009,1770
15362,2010,1789
15362,2011,1892
15362,2012,1888
15362,2013,1906
15362,2014,1898
15362,2015,1910
15362,2016,1920
15362,2017,1933
15362,2018,1939
15362,2019,1952
15362,2020,1963
15362,2021,1956
15362,2022,1956
15362,2023,1961
15362,2024,1934
15362,2025,1936
15362,2026,1921
15362,2027,1918
15362,2028,1912
15362,2029,1892
15362,2030,1885
15362,2031,1886
15362,2032,1864
15362,2033,1840
15362,2034,1827
15362,2035,1810
15362,2036,1789
15362,2037,1786
15362,2038,1753
15362,2039,1742
15362,2040,1721
15362,2041,1716
15362,2042,1691
15367,2005,6858
15367,2006,6876
15367,2007,6894
15367,2008,6855
15367,2009,6882
15367,2010,6909
15367,2011,6943
15367,2012,6966
15367,2013,6968
15367,2014,6980
15367,2015,6979
15367,2016,7013
15367,2017,7185
15367,2018,7164
15367,2019,7205
15367,2020,7326
15367,2021,7360
15367,2022,7377
15367,2023,7369
15367,2024,7401
15367,2025,7387
15367,2026,7403
15367,2027,7403
15367,2028,7376
15367,2029,7377
15367,2030,7340
15367,2031,7303
15367,2032,7278
15367,2033,7224
15367,2034,7180
15367,2035,7115
15367,2036,7050
15367,2037,7000
15367,2038,6931
15367,2039,6857
15367,2040,6785
15367,2041,6717
15367,2042,6644
15368,2005,4564
15368,2006,4429
15368,2007,4438
15368,2008,4382
15368,2009,4285
15368,2010,4219
15368,2011,4170
15368,2012,4115
15368,2013,4051
15368,2014,4052
15368,2015,4055
15368,2016,4058
15368,2017,3945
15368,2018,3909
15368,2019,3929
15368,2020,3987
15368,2021,3994
15368,2022,4011
15368,2023,4010
15368,2024,4024
15368,2025,4019
15368,2026,4021
15368,2027,4018
15368,2028,4016
15368,2029,4007
15368,2030,4002
15368,2031,3972
15368,2032,3964
15368,2033,3929
15368,2034,3924
15368,2035,3883
15368,2036,3866
15368,2037,3835
15368,2038,3802
15368,2039,3770
15368,2040,3741
15368,2041,3708
15368,2042,3662
15377,2005,4166
15377,2006,4107
15377,2007,4046
15377,2008,3994
15377,2009,3974
15377,2010,3868
15377,2011,3818
15377,2012,3789
15377,2013,3762
15377,2014,3710
15377,2015,3705
15377,2016,3625
15377,2017,3542
15377,2018,3530
15377,2019,3581
15377,2020,3632
15377,2021,3678
15377,2022,3696
15377,2023,3727
15377,2024,3741
15377,2025,3766
15377,2026,3772
15377,2027,3776
15377,2028,3794
15377,2029,3791
15377,2030,3796
15377,2031,3803
15377,2032,3822
15377,2033,3816
15377,2034,3818
15377,2035,3815
15377,2036,3802
15377,2037,3789
15377,2038,3780
15377,2039,3768
15377,2040,3773
15377,2041,3745
15377,2042,3746
15380,2005,3015
15380,2006,2968
15380,2007,2923
15380,2008,2880
15380,2009,2867
15380,2010,2859
15380,2011,2851
15380,2012,2854
15380,2013,2830
15380,2014,2803
15380,2015,2741
15380,2016,2674
15380,2017,2666
15380,2018,2689
15380,2019,2673
15380,2020,2677
15380,2021,2649
15380,2022,2632
15380,2023,2599
15380,2024,2586
15380,2025,2550
15380,2026,2524
15380,2027,2499
15380,2028,2457
15380,2029,2437
15380,2030,2410
15380,2031,2372
15380,2032,2331
15380,2033,2287
15380,2034,2245
15380,2035,2209
15380,2036,2191
15380,2037,2136
15380,2038,2088
15380,2039,2043
15380,2040,2017
15380,2041,1986
15380,2042,1934
15401,2005,1669
15401,2006,1607
15401,2007,1551
15401,2008,1521
15401,2009,1441
15401,2010,1435
15401,2011,1378
15401,2012,1365
15401,2013,1327
15401,2014,1295
15401,2015,1260
15401,2016,1178
15401,2017,1102
15401,2018,1125
15401,2019,1116
15401,2020,1116
15401,2021,1138
15401,2022,1150
15401,2023,1140
15401,2024,1142
15401,2025,1150
15401,2026,1164
15401,2027,1154
15401,2028,1139
15401,2029,1130
15401,2030,1134
15401,2031,1136
15401,2032,1143
15401,2033,1123
15401,2034,1114
15401,2035,1106
15401,2036,1104
15401,2037,1102
15401,2038,1092
15401,2039,1062
15401,2040,1065
15401,2041,1076
15401,2042,1051
15403,2005,6081
15403,2006,5847
15403,2007,5556
15403,2008,5345
15403,2009,5088
15403,2010,4824
15403,2011,4587
15403,2012,4342
15403,2013,4144
15403,2014,3962
15403,2015,3711
15403,2016,3445
15403,2017,3214
15403,2018,2990
15403,2019,2980
15403,2020,2969
15403,2021,2952
15403,2022,2924
15403,2023,2876
15403,2024,2854
15403,2025,2835
15403,2026,2795
15403,2027,2731
15403,2028,2702
15403,2029,2670
15403,2030,2614
15403,2031,2590
15403,2032,2544
15403,2033,2496
15403,2034,2447
15403,2035,2390
15403,2036,2369
15403,2037,2306
15403,2038,2289
15403,2039,2236
15403,2040,2192
15403,2041,2148
15403,2042,2086
15407,2005,11754
15407,2006,12066
15407,2007,12390
15407,2008,12753
15407,2009,13074
15407,2010,13414
15407,2011,13695
15407,2012,14072
15407,2013,14433
15407,2014,14750
15407,2015,15050
15407,2016,15386
15407,2017,15769
15407,2018,16117
15407,2019,16673
15407,2020,17233
15407,2021,17729
15407,2022,18195
15407,2023,18665
15407,2024,19143
15407,2025,19633
15407,2026,20103
15407,2027,20581
15407,2028,21056
15407,2029,21531
15407,2030,21997
15407,2031,22482
15407,2032,22928
15407,2033,23359
15407,2034,23824
15407,2035,24308
15407,2036,24784
15407,2037,25249
15407,2038,25739
15407,2039,26200
15407,2040,26681
15407,2041,27145
15407,2042,27579
15425,2005,4866
15425,2006,4893
15425,2007,4860
15425,2008,4881
15425,2009,4836
15425,2010,4842
15425,2011,4843
15425,2012,4846
15425,2013,4847
15425,2014,4864
15425,2015,4831
15425,2016,4888
15425,2017,4958
15425,2018,4943
15425,2019,5021
15425,2020,5124
15425,2021,5166
15425,2022,5216
15425,2023,5249
15425,2024,5314
15425,2025,5342
15425,2026,5367
15425,2027,5412
15425,2028,5418
15425,2029,5447
15425,2030,5460
15425,2031,5462
15425,2032,5465
15425,2033,5459
15425,2034,5457
15425,2035,5434
15425,2036,5407
15425,2037,5397
15425,2038,5387
15425,2039,5347
15425,2040,5335
15425,2041,5311
15425,2042,5267
15442,2005,6693
15442,2006,6621
15442,2007,6491
15442,2008,6437
15442,2009,6330
15442,2010,6247
15442,2011,6202
15442,2012,6132
15442,2013,6039
15442,2014,5956
15442,2015,5850
15442,2016,5805
15442,2017,5813
15442,2018,5705
15442,2019,5744
15442,2020,5834
15442,2021,5845
15442,2022,5842
15442,2023,5873
15442,2024,5887
15442,2025,5881
15442,2026,5883
15442,2027,5897
15442,2028,5865
15442,2029,5839
15442,2030,5833
15442,2031,5801
15442,2032,5766
15442,2033,5729
15442,2034,5672
15442,2035,5632
15442,2036,5573
15442,2037,5519
15442,2038,5469
15442,2039,5382
15442,2040,5321
15442,2041,5250
15442,2042,5184
15455,2005,8932
15455,2006,8871
15455,2007,8876
15455,2008,8844
15455,2009,8813
15455,2010,8805
15455,2011,8794
15455,2012,8792
15455,2013,8775
15455,2014,8745
15455,2015,8759
15455,2016,8816
15455,2017,8791
15455,2018,8856
15455,2019,8915
15455,2020,8975
15455,2021,9014
15455,2022,9021
15455,2023,9040
15455,2024,9038
15455,2025,9050
15455,2026,9055
15455,2027,9040
15455,2028,9038
15455,2029,9028
15455,2030,9004
15455,2031,8995
15455,2032,8973
15455,2033,8929
15455,2034,8916
15455,2035,8889
15455,2036,8866
15455,2037,8854
15455,2038,8821
15455,2039,8801
15455,2040,8766
15455,2041,8726
15455,2042,8689
15464,2005,5052
15464,2006,5028
15464,2007,4977
15464,2008,4947
15464,2009,4909
15464,2010,4850
15464,2011,4828
15464,2012,4777
15464,2013,4767
15464,2014,4764
15464,2015,4752
15464,2016,4678
15464,2017,4611
15464,2018,4634
15464,2019,4629
15464,2020,4641
15464,2021,4641
15464,2022,4601
15464,2023,4564
15464,2024,4526
15464,2025,4509
15464,2026,4458
15464,2027,4418
15464,2028,4376
15464,2029,4337
15464,2030,4285
15464,2031,4240
15464,2032,4203
15464,2033,4129
15464,2034,4079
15464,2035,4023
15464,2036,3972
15464,2037,3919
15464,2038,3877
15464,2039,3815
15464,2040,3746
15464,2041,3690
15464,2042,3620
15466,2005,4844
15466,2006,4769
15466,2007,4721
15466,2008,4666
15466,2009,4614
15466,2010,4575
15466,2011,4538
15466,2012,4478
15466,2013,4436
15466,2014,4386
15466,2015,4338
15466,2016,4302
15466,2017,4223
15466,2018,4242
15466,2019,4258
15466,2020,4297
15466,2021,4300
15466,2022,4318
15466,2023,4313
15466,2024,4325
15466,2025,4338
15466,2026,4323
15466,2027,4329
15466,2028,4329
15466,2029,4328
15466,2030,4277
15466,2031,4303
15466,2032,4290
15466,2033,4285
15466,2034,4248
15466,2035,4234
15466,2036,4225
15466,2037,4202
15466,2038,4184
15466,2039,4170
15466,2040,4133
15466,2041,4124
15466,2042,4123
15469,2005,21242
15469,2006,21327
15469,2007,21440
15469,2008,21513
15469,2009,21624
15469,2010,21754
15469,2011,21811
15469,2012,21887
15469,2013,21983
15469,2014,21982
15469,2015,22108
15469,2016,22302
15469,2017,22265
15469,2018,22564
15469,2019,22830
15469,2020,23146
15469,2021,23348
15469,2022,23483
15469,2023,23611
15469,2024,23763
15469,2025,23864
15469,2026,23942
15469,2027,24042
15469,2028,24099
15469,2029,24147
15469,2030,24221
15469,2031,24246
15469,2032,24276
15469,2033,24247
15469,2034,24264
15469,2035,24243
15469,2036,24252
15469,2037,24255
15469,2038,24251
15469,2039,24235
15469,2040,24179
15469,2041,24148
15469,2042,24071
15476,2005,5106
15476,2006,5137
15476,2007,5138
15476,2008,5160
15476,2009,5207
15476,2010,5229
15476,2011,5263
15476,2012,5300
15476,2013,5340
15476,2014,5368
15476,2015,5424
15476,2016,5474
15476,2017,5560
15476,2018,5520
15476,2019,5508
15476,2020,5539
15476,2021,5463
15476,2022,5397
15476,2023,5346
15476,2024,5281
15476,2025,5219
15476,2026,5175
15476,2027,5092
15476,2028,5005
15476,2029,4919
15476,2030,4826
15476,2031,4748
15476,2032,4659
15476,2033,4538
15476,2034,4443
15476,2035,4353
15476,2036,4254
15476,2037,4162
15476,2038,4055
15476,2039,3938
15476,2040,3839
15476,2041,3745
15476,2042,3640
15480,2005,10155
15480,2006,9992
15480,2007,9890
15480,2008,9731
15480,2009,9595
15480,2010,9464
15480,2011,9386
15480,2012,9238
15480,2013,9087
15480,2014,8981
15480,2015,8869
15480,2016,8766
15480,2017,8700
15480,2018,8623
15480,2019,8568
15480,2020,8550
15480,2021,8485
15480,2022,8398
15480,2023,8308
15480,2024,8228
15480,2025,8125
15480,2026,8037
15480,2027,7922
15480,2028,7809
15480,2029,7714
15480,2030,7631
15480,2031,7495
15480,2032,7400
15480,2033,7297
15480,2034,7184
15480,2035,7065
15480,2036,7001
15480,2037,6884
15480,2038,6802
15480,2039,6688
15480,2040,6596
15480,2041,6486
15480,2042,6402
15491,2005,13697
15491,2006,13816
15491,2007,14016
15491,2008,14104
15491,2009,14268
15491,2010,14433
15491,2011,14576
15491,2012,14776
15491,2013,14926
15491,2014,15051
15491,2015,15334
15491,2016,15533
15491,2017,15768
15491,2018,15904
15491,2019,16159
15491,2020,16444
15491,2021,16612
15491,2022,16734
15491,2023,16840
15491,2024,16962
15491,2025,17091
15491,2026,17186
15491,2027,17252
15491,2028,17328
15491,2029,17375
15491,2030,17403
15491,2031,17440
15491,2032,17441
15491,2033,17449
15491,2034,17424
15491,2035,17391
15491,2036,17359
15491,2037,17332
15491,2038,17286
15491,2039,17217
15491,2040,17164
15491,2041,17082
15491,2042,16994
15494,2005,5161
15494,2006,5158
15494,2007,5127
15494,2008,5097
15494,2009,5140
15494,2010,5095
15494,2011,5084
15494,2012,5065
15494,2013,5046
15494,2014,5017
15494,2015,5007
15494,2016,5053
15494,2017,5121
15494,2018,5096
15494,2019,5126
15494,2020,5212
15494,2021,5216
15494,2022,5231
15494,2023,5227
15494,2024,5229
15494,2025,5249
15494,2026,5244
15494,2027,5248
15494,2028,5235
15494,2029,5235
15494,2030,5213
15494,2031,5192
15494,2032,5149
15494,2033,5113
15494,2034,5080
15494,2035,5031
15494,2036,5001
15494,2037,4940
15494,2038,4891
15494,2039,4837
15494,2040,4808
15494,2041,4723
15494,2042,4676
15500,2005,2539
15500,2006,2562
15500,2007,2589
15500,2008,2611
15500,2009,2638
15500,2010,2645
15500,2011,2661
15500,2012,2707
15500,2013,2754
15500,2014,2805
15500,2015,2816
15500,2016,2819
15500,2017,2827
15500,2018,2809
15500,2019,2827
15500,2020,2869
15500,2021,2900
15500,2022,2910
15500,2023,2907
15500,2024,2929
15500,2025,2926
15500,2026,2941
15500,2027,2958
15500,2028,2946
15500,2029,2944
15500,2030,2934
15500,2031,2925
15500,2032,2913
15500,2033,2885
15500,2034,2871
15500,2035,2841
15500,2036,2830
15500,2037,2802
15500,2038,2782
15500,2039,2753
15500,2040,2720
15500,2041,2697
15500,2042,2653
15507,2005,7919
15507,2006,7919
15507,2007,7914
15507,2008,7912
15507,2009,7898
15507,2010,7941
15507,2011,7898
15507,2012,7880
15507,2013,7911
15507,2014,7900
15507,2015,7878
15507,2016,7937
15507,2017,8025
15507,2018,8002
15507,2019,8041
15507,2020,8144
15507,2021,8149
15507,2022,8186
15507,2023,8171
15507,2024,8190
15507,2025,8210
15507,2026,8205
15507,2027,8193
15507,2028,8198
15507,2029,8175
15507,2030,8155
15507,2031,8116
15507,2032,8095
15507,2033,8082
15507,2034,8014
15507,2035,7977
15507,2036,7944
15507,2037,7912
15507,2038,7869
15507,2039,7814
15507,2040,7766
15507,2041,7709
15507,2042,7658
15511,2005,2910
15511,2006,2842
15511,2007,2811
15511,2008,2766
15511,2009,2708
15511,2010,2700
15511,2011,2672
15511,2012,2650
15511,2013,2632
15511,2014,2656
15511,2015,2634
15511,2016,2535
15511,2017,2451
15511,2018,2438
15511,2019,2441
15511,2020,2436
15511,2021,2416
15511,2022,2385
15511,2023,2330
15511,2024,2301
15511,2025,2281
15511,2026,2231
15511,2027,2176
15511,2028,2156
15511,2029,2114
15511,2030,2079
15511,2031,2042
15511,2032,1994
15511,2033,1955
15511,2034,1899
15511,2035,1858
15511,2036,1803
15511,2037,1769
15511,2038,1715
15511,2039,1673
15511,2040,1613
15511,2041,1591
15511,2042,1516
15514,2005,3842
15514,2006,3794
15514,2007,3704
15514,2008,3648
15514,2009,3591
15514,2010,3555
15514,2011,3533
15514,2012,3506
15514,2013,3480
15514,2014,3430
15514,2015,3402
15514,2016,3386
15514,2017,3283
15514,2018,3272
15514,2019,3286
15514,2020,3343
15514,2021,3357
15514,2022,3366
15514,2023,3359
15514,2024,3376
15514,2025,3376
15514,2026,3353
15514,2027,3379
15514,2028,3368
15514,2029,3363
15514,2030,3326
15514,2031,3330
15514,2032,3309
15514,2033,3302
15514,2034,3273
15514,2035,3269
15514,2036,3234
15514,2037,3227
15514,2038,3198
15514,2039,3166
15514,2040,3152
15514,2041,3112
15514,2042,3097
15516,2005,27772
15516,2006,28215
15516,2007,28648
15516,2008,29053
15516,2009,29508
15516,2010,29964
15516,2011,30386
15516,2012,30789
15516,2013,31214
15516,2014,31660
15516,2015,32053
15516,2016,32500
15516,2017,32940
15516,2018,33587
15516,2019,34414
15516,2020,35217
15516,2021,35949
15516,2022,36606
15516,2023,37228
15516,2024,37880
15516,2025,38533
15516,2026,39148
15516,2027,39727
15516,2028,40313
15516,2029,40915
15516,2030,41483
15516,2031,42054
15516,2032,42618
15516,2033,43177
15516,2034,43735
15516,2035,44264
15516,2036,44883
15516,2037,45467
15516,2038,46037
15516,2039,46625
15516,2040,47144
15516,2041,47702
15516,2042,48196
15518,2005,2641
15518,2006,2619
15518,2007,2615
15518,2008,2576
15518,2009,2549
15518,2010,2558
15518,2011,2493
15518,2012,2484
15518,2013,2477
15518,2014,2476
15518,2015,2466
15518,2016,2395
15518,2017,2360
15518,2018,2375
15518,2019,2371
15518,2020,2352
15518,2021,2324
15518,2022,2282
15518,2023,2245
15518,2024,2205
15518,2025,2172
15518,2026,2128
15518,2027,2081
15518,2028,2045
15518,2029,1989
15518,2030,1954
15518,2031,1903
15518,2032,1874
15518,2033,1816
15518,2034,1780
15518,2035,1727
15518,2036,1682
15518,2037,1644
15518,2038,1591
15518,2039,1559
15518,2040,1512
15518,2041,1488
15518,2042,1436
15522,2005,2057
15522,2006,2004
15522,2007,1968
15522,2008,1946
15522,2009,1897
15522,2010,1890
15522,2011,1886
15522,2012,1873
15522,2013,1858
15522,2014,1858
15522,2015,1814
15522,2016,1737
15522,2017,1709
15522,2018,1711
15522,2019,1715
15522,2020,1726
15522,2021,1731
15522,2022,1743
15522,2023,1731
15522,2024,1725
15522,2025,1705
15522,2026,1708
15522,2027,1696
15522,2028,1678
15522,2029,1687
15522,2030,1652
15522,2031,1638
15522,2032,1648
15522,2033,1612
15522,2034,1590
15522,2035,1604
15522,2036,1586
15522,2037,1562
15522,2038,1536
15522,2039,1529
15522,2040,1522
15522,2041,1497
15522,2042,1479
15531,2005,8311
15531,2006,8197
15531,2007,8090
15531,2008,8037
15531,2009,7886
15531,2010,7817
15531,2011,7693
15531,2012,7603
15531,2013,7561
15531,2014,7433
15531,2015,7331
15531,2016,7278
15531,2017,7267
15531,2018,7154
15531,2019,7199
15531,2020,7293
15531,2021,7316
15531,2022,7318
15531,2023,7321
15531,2024,7346
15531,2025,7360
15531,2026,7346
15531,2027,7368
15531,2028,7335
15531,2029,7333
15531,2030,7292
15531,2031,7266
15531,2032,7252
15531,2033,7207
15531,2034,7147
15531,2035,7095
15531,2036,7055
15531,2037,6997
15531,2038,6926
15531,2039,6882
15531,2040,6802
15531,2041,6748
15531,2042,6669
15533,2005,2483
15533,2006,2491
15533,2007,2457
15533,2008,2497
15533,2009,2504
15533,2010,2503
15533,2011,2507
15533,2012,2513
15533,2013,2539
15533,2014,2549
15533,2015,2562
15533,2016,2574
15533,2017,2569
15533,2018,2583
15533,2019,2623
15533,2020,2674
15533,2021,2699
15533,2022,2712
15533,2023,2746
15533,2024,2735
15533,2025,2776
15533,2026,2780
15533,2027,2767
15533,2028,2807
15533,2029,2799
15533,2030,2801
15533,2031,2813
15533,2032,2808
15533,2033,2799
15533,2034,2811
15533,2035,2805
15533,2036,2801
15533,2037,2802
15533,2038,2797
15533,2039,2780
15533,2040,2777
15533,2041,2764
15533,2042,2762
15537,2005,5261
15537,2006,5173
15537,2007,5092
15537,2008,5004
15537,2009,4966
15537,2010,4916
15537,2011,4840
15537,2012,4799
15537,2013,4665
15537,2014,4576
15537,2015,4544
15537,2016,4501
15537,2017,4255
15537,2018,4285
15537,2019,4311
15537,2020,4351
15537,2021,4366
15537,2022,4363
15537,2023,4392
15537,2024,4373
15537,2025,4375
15537,2026,4374
15537,2027,4370
15537,2028,4367
15537,2029,4376
15537,2030,4366
15537,2031,4342
15537,2032,4333
15537,2033,4314
15537,2034,4335
15537,2035,4312
15537,2036,4313
15537,2037,4294
15537,2038,4300
15537,2039,4286
15537,2040,4266
15537,2041,4249
15537,2042,4242
15542,2005,8927
15542,2006,8730
15542,2007,8574
15542,2008,8386
15542,2009,8238
15542,2010,8043
15542,2011,7888
15542,2012,7754
15542,2013,7521
15542,2014,7375
15542,2015,7229
15542,2016,7088
15542,2017,6996
15542,2018,6809
15542,2019,6864
15542,2020,6949
15542,2021,6968
15542,2022,6985
15542,2023,6986
15542,2024,7014
15542,2025,7023
15542,2026,7019
15542,2027,6993
15542,2028,6991
15542,2029,6978
15542,2030,6955
15542,2031,6963
15542,2032,6905
15542,2033,6859
15542,2034,6831
15542,2035,6783
15542,2036,6754
15542,2037,6688
15542,2038,6634
15542,2039,6602
15542,2040,6534
15542,2041,6448
15542,2042,6421
15550,2005,1704
15550,2006,1698
15550,2007,1712
15550,2008,1752
15550,2009,1759
15550,2010,1719
15550,2011,1723
15550,2012,1739
15550,2013,1724
15550,2014,1727
15550,2015,1728
15550,2016,1727
15550,2017,1743
15550,2018,1755
15550,2019,1777
15550,2020,1846
15550,2021,1866
15550,2022,1894
15550,2023,1925
15550,2024,1951
15550,2025,1957
15550,2026,2018
15550,2027,2013
15550,2028,2041
15550,2029,2064
15550,2030,2073
15550,2031,2096
15550,2032,2113
15550,2033,2120
15550,2034,2158
15550,2035,2152
15550,2036,2170
15550,2037,2184
15550,2038,2203
15550,2039,2201
15550,2040,2212
15550,2041,2230
15550,2042,2232
15572,2005,39625
15572,2006,40176
15572,2007,40727
15572,2008,41251
15572,2009,41789
15572,2010,42373
15572,2011,42895
15572,2012,43419
15572,2013,43948
15572,2014,44475
15572,2015,44938
15572,2016,45509
15572,2017,46073
15572,2018,46921
15572,2019,47185
15572,2020,47447
15572,2021,47641
15572,2022,47705
15572,2023,47733
15572,2024,47787
15572,2025,47802
15572,2026,47775
15572,2027,47733
15572,2028,47691
15572,2029,47625
15572,2030,47579
15572,2031,47488
15572,2032,47439
15572,2033,47364
15572,2034,47274
15572,2035,47174
15572,2036,47169
15572,2037,47122
15572,2038,47064
15572,2039,46992
15572,2040,46891
15572,2041,46773
15572,2042,46639
15580,2005,4849
15580,2006,4864
15580,2007,4862
15580,2008,4861
15580,2009,4843
15580,2010,4808
15580,2011,4825
15580,2012,4809
15580,2013,4777
15580,2014,4843
15580,2015,4855
15580,2016,4931
15580,2017,4928
15580,2018,4868
15580,2019,4899
15580,2020,4951
15580,2021,4971
15580,2022,4972
15580,2023,4975
15580,2024,5005
15580,2025,5002
15580,2026,5012
15580,2027,4995
15580,2028,4997
15580,2029,4982
15580,2030,4960
15580,2031,4938
15580,2032,4922
15580,2033,4909
15580,2034,4860
15580,2035,4842
15580,2036,4787
15580,2037,4758
15580,2038,4712
15580,2039,4677
15580,2040,4617
15580,2041,4563
15580,2042,4525
15599,2005,9432
15599,2006,9432
15599,2007,9468
15599,2008,9483
15599,2009,9503
15599,2010,9489
15599,2011,9576
15599,2012,9611
15599,2013,9644
15599,2014,9663
15599,2015,9675
15599,2016,9676
15599,2017,9820
15599,2018,9861
15599,2019,9916
15599,2020,10031
15599,2021,10087
15599,2022,10093
15599,2023,10116
15599,2024,10131
15599,2025,10118
15599,2026,10126
15599,2027,10120
15599,2028,10112
15599,2029,10100
15599,2030,10048
15599,2031,10017
15599,2032,9975
15599,2033,9928
15599,2034,9888
15599,2035,9832
15599,2036,9788
15599,2037,9747
15599,2038,9667
15599,2039,9605
15599,2040,9542
15599,2041,9466
15599,2042,9388
15600,2005,7084
15600,2006,7152
15600,2007,7179
15600,2008,7211
15600,2009,7286
15600,2010,7337
15600,2011,7383
15600,2012,7438
15600,2013,7490
15600,2014,7536
15600,2015,7568
15600,2016,7684
15600,2017,7899
15600,2018,7822
15600,2019,7883
15600,2020,7983
15600,2021,8023
15600,2022,8018
15600,2023,8035
15600,2024,8043
15600,2025,8064
15600,2026,8076
15600,2027,8048
15600,2028,8055
15600,2029,8035
15600,2030,8002
15600,2031,7968
15600,2032,7925
15600,2033,7896
15600,2034,7825
15600,2035,7799
15600,2036,7745
15600,2037,7694
15600,2038,7626
15600,2039,7592
15600,2040,7495
15600,2041,7423
15600,2042,7349
15621,2005,2788
15621,2006,2730
15621,2007,2727
15621,2008,2704
15621,2009,2652
15621,2010,2634
15621,2011,2647
15621,2012,2629
15621,2013,2596
15621,2014,2569
15621,2015,2506
15621,2016,2425
15621,2017,2410
15621,2018,2395
15621,2019,2413
15621,2020,2443
15621,2021,2451
15621,2022,2457
15621,2023,2475
15621,2024,2467
15621,2025,2468
15621,2026,2455
15621,2027,2465
15621,2028,2457
15621,2029,2447
15621,2030,2460
15621,2031,2446
15621,2032,2428
15621,2033,2424
15621,2034,2392
15621,2035,2369
15621,2036,2357
15621,2037,2335
15621,2038,2312
15621,2039,2290
15621,2040,2275
15621,2041,2254
15621,2042,2216
15632,2005,13225
15632,2006,13200
15632,2007,13198
15632,2008,13170
15632,2009,13160
15632,2010,13173
15632,2011,13144
15632,2012,13189
15632,2013,13203
15632,2014,13255
15632,2015,13334
15632,2016,13345
15632,2017,13383
15632,2018,13449
15632,2019,13662
15632,2020,13978
15632,2021,14124
15632,2022,14221
15632,2023,14314
15632,2024,14424
15632,2025,14530
15632,2026,14624
15632,2027,14694
15632,2028,14734
15632,2029,14770
15632,2030,14785
15632,2031,14771
15632,2032,14746
15632,2033,14689
15632,2034,14635
15632,2035,14548
15632,2036,14469
15632,2037,14357
15632,2038,14268
15632,2039,14135
15632,2040,14014
15632,2041,13872
15632,2042,13743
15638,2005,4223
15638,2006,4277
15638,2007,4349
15638,2008,4502
15638,2009,4537
15638,2010,4660
15638,2011,4722
15638,2012,4807
15638,2013,4918
15638,2014,5014
15638,2015,5137
15638,2016,5288
15638,2017,5375
15638,2018,5444
15638,2019,5601
15638,2020,5780
15638,2021,5913
15638,2022,6039
15638,2023,6130
15638,2024,6250
15638,2025,6356
15638,2026,6444
15638,2027,6523
15638,2028,6608
15638,2029,6685
15638,2030,6736
15638,2031,6772
15638,2032,6826
15638,2033,6859
15638,2034,6894
15638,2035,6925
15638,2036,6951
15638,2037,6965
15638,2038,6985
15638,2039,7000
15638,2040,6997
15638,2041,7004
15638,2042,6980
15646,2005,15820
15646,2006,15987
15646,2007,16142
15646,2008,16313
15646,2009,16496
15646,2010,16667
15646,2011,16877
15646,2012,17025
15646,2013,17191
15646,2014,17382
15646,2015,17598
15646,2016,17800
15646,2017,18051
15646,2018,18240
15646,2019,18478
15646,2020,18794
15646,2021,18953
15646,2022,19089
15646,2023,19212
15646,2024,19327
15646,2025,19427
15646,2026,19525
15646,2027,19593
15646,2028,19645
15646,2029,19715
15646,2030,19717
15646,2031,19745
15646,2032,19759
15646,2033,19764
15646,2034,19733
15646,2035,19712
15646,2036,19696
15646,2037,19645
15646,2038,19612
15646,2039,19571
15646,2040,19518
15646,2041,19443
15646,2042,19380
15660,2005,2232
15660,2006,2198
15660,2007,2158
15660,2008,2131
15660,2009,2090
15660,2010,2063
15660,2011,2009
15660,2012,1926
15660,2013,1886
15660,2014,1869
15660,2015,1854
15660,2016,1798
15660,2017,1696
15660,2018,1697
15660,2019,1709
15660,2020,1717
15660,2021,1705
15660,2022,1696
15660,2023,1685
15660,2024,1672
15660,2025,1660
15660,2026,1637
15660,2027,1640
15660,2028,1614
15660,2029,1596
15660,2030,1593
15660,2031,1569
15660,2032,1546
15660,2033,1534
15660,2034,1499
15660,2035,1490
15660,2036,1464
15660,2037,1462
15660,2038,1433
15660,2039,1412
15660,2040,1383
15660,2041,1370
15660,2042,1350
15664,2005,5292
15664,2006,5283
15664,2007,5270
15664,2008,5233
15664,2009,5184
15664,2010,5138
15664,2011,5090
15664,2012,5044
15664,2013,5020
15664,2014,4996
15664,2015,4992
15664,2016,4973
15664,2017,4978
15664,2018,4961
15664,2019,4958
15664,2020,4972
15664,2021,4955
15664,2022,4935
15664,2023,4878
15664,2024,4871
15664,2025,4825
15664,2026,4794
15664,2027,4726
15664,2028,4686
15664,2029,4642
15664,2030,4574
15664,2031,4513
15664,2032,4434
15664,2033,4377
15664,2034,4280
15664,2035,4224
15664,2036,4152
15664,2037,4074
15664,2038,4005
15664,2039,3934
15664,2040,3845
15664,2041,3756
15664,2042,3676
15667,2005,5974
15667,2006,5892
15667,2007,5881
15667,2008,5822
15667,2009,5757
15667,2010,5708
15667,2011,5660
15667,2012,5636
15667,2013,5605
15667,2014,5517
15667,2015,5545
15667,2016,5577
15667,2017,5476
15667,2018,5477
15667,2019,5470
15667,2020,5500
15667,2021,5460
15667,2022,5408
15667,2023,5363
15667,2024,5304
15667,2025,5277
15667,2026,5217
15667,2027,5182
15667,2028,5116
15667,2029,5065
15667,2030,4979
15667,2031,4923
15667,2032,4845
15667,2033,4786
15667,2034,4702
15667,2035,4648
15667,2036,4583
15667,2037,4491
15667,2038,4420
15667,2039,4355
15667,2040,4287
15667,2041,4216
15667,2042,4148
15673,2005,5547
15673,2006,5350
15673,2007,5234
15673,2008,4954
15673,2009,4793
15673,2010,4611
15673,2011,4431
15673,2012,4271
15673,2013,4109
15673,2014,3931
15673,2015,3817
15673,2016,3668
15673,2017,3497
15673,2018,3317
15673,2019,3334
15673,2020,3390
15673,2021,3392
15673,2022,3391
15673,2023,3405
15673,2024,3397
15673,2025,3409
15673,2026,3400
15673,2027,3419
15673,2028,3414
15673,2029,3404
15673,2030,3384
15673,2031,3376
15673,2032,3362
15673,2033,3340
15673,2034,3325
15673,2035,3299
15673,2036,3299
15673,2037,3262
15673,2038,3249
15673,2039,3212
15673,2040,3195
15673,2041,3186
15673,2042,3130
15676,2005,3254
15676,2006,3249
15676,2007,3232
15676,2008,3197
15676,2009,3175
15676,2010,3167
15676,2011,3132
15676,2012,3097
15676,2013,3090
15676,2014,3064
15676,2015,3045
15676,2016,3035
15676,2017,3026
15676,2018,2971
15676,2019,3016
15676,2020,3035
15676,2021,3058
15676,2022,3073
15676,2023,3074
15676,2024,3081
15676,2025,3081
15676,2026,3081
15676,2027,3091
15676,2028,3076
15676,2029,3066
15676,2030,3060
15676,2031,3040
15676,2032,3015
15676,2033,2993
15676,2034,2983
15676,2035,2952
15676,2036,2919
15676,2037,2896
15676,2038,2857
15676,2039,2831
15676,2040,2801
15676,2041,2759
15676,2042,2721
15681,2005,6609
15681,2006,6604
15681,2007,6595
15681,2008,6579
15681,2009,6560
15681,2010,6549
15681,2011,6531
15681,2012,6511
15681,2013,6529
15681,2014,6515
15681,2015,6511
15681,2016,6507
15681,2017,6632
15681,2018,6552
15681,2019,6597
15681,2020,6700
15681,2021,6720
15681,2022,6752
15681,2023,6736
15681,2024,6772
15681,2025,6771
15681,2026,6778
15681,2027,6781
15681,2028,6759
15681,2029,6730
15681,2030,6716
15681,2031,6684
15681,2032,6646
15681,2033,6587
15681,2034,6526
15681,2035,6470
15681,2036,6410
15681,2037,6334
15681,2038,6260
15681,2039,6184
15681,2040,6107
15681,2041,6023
15681,2042,5942
15686,2005,7092
15686,2006,7109
15686,2007,7146
15686,2008,7185
15686,2009,7204
15686,2010,7239
15686,2011,7284
15686,2012,7286
15686,2013,7306
15686,2014,7326
15686,2015,7340
15686,2016,7392
15686,2017,7530
15686,2018,7514
15686,2019,7601
15686,2020,7686
15686,2021,7722
15686,2022,7738
15686,2023,7745
15686,2024,7746
15686,2025,7771
15686,2026,7765
15686,2027,7769
15686,2028,7749
15686,2029,7741
15686,2030,7717
15686,2031,7690
15686,2032,7651
15686,2033,7610
15686,2034,7548
15686,2035,7513
15686,2036,7457
15686,2037,7411
15686,2038,7359
15686,2039,7286
15686,2040,7234
15686,2041,7159
15686,2042,7104
15690,2005,4479
15690,2006,4390
15690,2007,4288
15690,2008,4224
15690,2009,4184
15690,2010,4113
15690,2011,4042
15690,2012,3983
15690,2013,3893
15690,2014,3846
15690,2015,3809
15690,2016,3707
15690,2017,3564
15690,2018,3560
15690,2019,3597
15690,2020,3616
15690,2021,3619
15690,2022,3615
15690,2023,3630
15690,2024,3640
15690,2025,3625
15690,2026,3631
15690,2027,3634
15690,2028,3637
15690,2029,3626
15690,2030,3617
15690,2031,3606
15690,2032,3598
15690,2033,3602
15690,2034,3591
15690,2035,3569
15690,2036,3560
15690,2037,3551
15690,2038,3533
15690,2039,3537
15690,2040,3502
15690,2041,3507
15690,2042,3479
15693,2005,11898
15693,2006,11983
15693,2007,12050
15693,2008,12185
15693,2009,12248
15693,2010,12321
15693,2011,12420
15693,2012,12491
15693,2013,12563
15693,2014,12580
15693,2015,12646
15693,2016,12747
15693,2017,12960
15693,2018,13097
15693,2019,13194
15693,2020,13299
15693,2021,13366
15693,2022,13407
15693,2023,13415
15693,2024,13452
15693,2025,13468
15693,2026,13478
15693,2027,13471
15693,2028,13460
15693,2029,13456
15693,2030,13421
15693,2031,13413
15693,2032,13369
15693,2033,13348
15693,2034,13312
15693,2035,13266
15693,2036,13241
15693,2037,13230
15693,2038,13174
15693,2039,13157
15693,2040,13109
15693,2041,13037
15693,2042,12989
15696,2005,3133
15696,2006,3140
15696,2007,3151
15696,2008,3101
15696,2009,3102
15696,2010,3122
15696,2011,3130
15696,2012,3184
15696,2013,3155
15696,2014,3145
15696,2015,3150
15696,2016,3153
15696,2017,3167
15696,2018,3166
15696,2019,3211
15696,2020,3233
15696,2021,3286
15696,2022,3300
15696,2023,3305
15696,2024,3338
15696,2025,3332
15696,2026,3363
15696,2027,3353
15696,2028,3364
15696,2029,3362
15696,2030,3370
15696,2031,3368
15696,2032,3336
15696,2033,3356
15696,2034,3328
15696,2035,3319
15696,2036,3316
15696,2037,3290
15696,2038,3282
15696,2039,3253
15696,2040,3243
15696,2041,3212
15696,2042,3201
15720,2005,2914
15720,2006,2851
15720,2007,2794
15720,2008,2758
15720,2009,2671
15720,2010,2604
15720,2011,2552
15720,2012,2532
15720,2013,2492
15720,2014,2425
15720,2015,2392
15720,2016,2350
15720,2017,2221
15720,2018,2202
15720,2019,2198
15720,2020,2211
15720,2021,2181
15720,2022,2139
15720,2023,2104
15720,2024,2080
15720,2025,2063
15720,2026,2030
15720,2027,1981
15720,2028,1950
15720,2029,1921
15720,2030,1886
15720,2031,1842
15720,2032,1801
15720,2033,1771
15720,2034,1736
15720,2035,1690
15720,2036,1655
15720,2037,1628
15720,2038,1579
15720,2039,1538
15720,2040,1488
15720,2041,1444
15720,2042,1441
15723,2005,1199
15723,2006,1238
15723,2007,1210
15723,2008,1185
15723,2009,1165
15723,2010,1151
15723,2011,1148
15723,2012,1136
15723,2013,1119
15723,2014,1102
15723,2015,1090
15723,2016,1083
15723,2017,1074
15723,2018,1077
15723,2019,1085
15723,2020,1084
15723,2021,1074
15723,2022,1067
15723,2023,1041
15723,2024,1055
15723,2025,1026
15723,2026,1015
15723,2027,992
15723,2028,977
15723,2029,957
15723,2030,947
15723,2031,946
15723,2032,919
15723,2033,907
15723,2034,869
15723,2035,843
15723,2036,821
15723,2037,814
15723,2038,789
15723,2039,780
15723,2040,764
15723,2041,733
15723,2042,723
15740,2005,6879
15740,2006,6847
15740,2007,6816
15740,2008,6773
15740,2009,6745
15740,2010,6713
15740,2011,6664
15740,2012,6631
15740,2013,6632
15740,2014,6629
15740,2015,6611
15740,2016,6610
15740,2017,6712
15740,2018,6677
15740,2019,6720
15740,2020,6837
15740,2021,6842
15740,2022,6859
15740,2023,6885
15740,2024,6894
15740,2025,6891
15740,2026,6889
15740,2027,6901
15740,2028,6898
15740,2029,6849
15740,2030,6838
15740,2031,6810
15740,2032,6768
15740,2033,6714
15740,2034,6669
15740,2035,6613
15740,2036,6549
15740,2037,6475
15740,2038,6397
15740,2039,6333
15740,2040,6252
15740,2041,6198
15740,2042,6096
15753,2005,11888
15753,2006,11679
15753,2007,11452
15753,2008,11234
15753,2009,11028
15753,2010,10800
15753,2011,10550
15753,2012,10280
15753,2013,10071
15753,2014,9901
15753,2015,9691
15753,2016,9481
15753,2017,9307
15753,2018,9102
15753,2019,9160
15753,2020,9223
15753,2021,9268
15753,2022,9251
15753,2023,9258
15753,2024,9285
15753,2025,9269
15753,2026,9273
15753,2027,9263
15753,2028,9239
15753,2029,9233
15753,2030,9207
15753,2031,9198
15753,2032,9165
15753,2033,9162
15753,2034,9117
15753,2035,9102
15753,2036,9088
15753,2037,9072
15753,2038,9065
15753,2039,9042
15753,2040,9010
15753,2041,8975
15753,2042,8970
15755,2005,8979
15755,2006,8887
15755,2007,8677
15755,2008,8531
15755,2009,8380
15755,2010,8270
15755,2011,8134
15755,2012,7968
15755,2013,7840
15755,2014,7687
15755,2015,7545
15755,2016,7425
15755,2017,7441
15755,2018,7242
15755,2019,7304
15755,2020,7391
15755,2021,7422
15755,2022,7446
15755,2023,7428
15755,2024,7460
15755,2025,7477
15755,2026,7463
15755,2027,7477
15755,2028,7474
15755,2029,7457
15755,2030,7405
15755,2031,7371
15755,2032,7336
15755,2033,7283
15755,2034,7246
15755,2035,7181
15755,2036,7110
15755,2037,7068
15755,2038,6987
15755,2039,6907
15755,2040,6820
15755,2041,6753
15755,2042,6664
15757,2005,8066
15757,2006,8053
15757,2007,8011
15757,2008,8000
15757,2009,7971
15757,2010,7933
15757,2011,7921
15757,2012,7913
15757,2013,7910
15757,2014,7894
15757,2015,7859
15757,2016,7923
15757,2017,7911
15757,2018,7935
15757,2019,8046
15757,2020,8161
15757,2021,8229
15757,2022,8297
15757,2023,8344
15757,2024,8424
15757,2025,8447
15757,2026,8484
15757,2027,8530
15757,2028,8555
15757,2029,8586
15757,2030,8611
15757,2031,8630
15757,2032,8628
15757,2033,8658
15757,2034,8661
15757,2035,8680
15757,2036,8694
15757,2037,8681
15757,2038,8674
15757,2039,8703
15757,2040,8704
15757,2041,8678
15757,2042,8679
15759,2005,107724
15759,2006,109302
15759,2007,110838
15759,2008,112382
15759,2009,113921
15759,2010,115536
15759,2011,117006
15759,2012,118454
15759,2013,119855
15759,2014,121297
15759,2015,122646
15759,2016,124070
15759,2017,125566
15759,2018,128183
15759,2019,130006
15759,2020,131421
15759,2021,133104
15759,2022,134382
15759,2023,135514
15759,2024,136725
15759,2025,137839
15759,2026,138796
15759,2027,139757
15759,2028,140739
15759,2029,141753
15759,2030,142768
15759,2031,143843
15759,2032,144898
15759,2033,145995
15759,2034,147070
15759,2035,148126
15759,2036,149567
15759,2037,150971
15759,2038,152298
15759,2039,153577
15759,2040,154803
15759,2041,155949
15759,2042,157022
15761,2005,3494
15761,2006,3426
15761,2007,3365
15761,2008,3310
15761,2009,3227
15761,2010,3205
15761,2011,3165
15761,2012,3104
15761,2013,3041
15761,2014,3032
15761,2015,3049
15761,2016,3013
15761,2017,2902
15761,2018,2894
15761,2019,2897
15761,2020,2948
15761,2021,2951
15761,2022,2957
15761,2023,2967
15761,2024,2963
15761,2025,2980
15761,2026,2984
15761,2027,2972
15761,2028,2969
15761,2029,2945
15761,2030,2950
15761,2031,2942
15761,2032,2935
15761,2033,2908
15761,2034,2893
15761,2035,2859
15761,2036,2851
15761,2037,2807
15761,2038,2799
15761,2039,2760
15761,2040,2729
15761,2041,2703
15761,2042,2671
15762,2005,2920
15762,2006,2909
15762,2007,2914
15762,2008,2894
15762,2009,2884
15762,2010,2879
15762,2011,2908
15762,2012,2931
15762,2013,2961
15762,2014,2962
15762,2015,2970
15762,2016,3007
15762,2017,3006
15762,2018,3008
15762,2019,3040
15762,2020,3090
15762,2021,3098
15762,2022,3146
15762,2023,3154
15762,2024,3150
15762,2025,3170
15762,2026,3177
15762,2027,3176
15762,2028,3183
15762,2029,3184
15762,2030,3178
15762,2031,3170
15762,2032,3146
15762,2033,3145
15762,2034,3134
15762,2035,3127
15762,2036,3095
15762,2037,3063
15762,2038,3039
15762,2039,3002
15762,2040,2975
15762,2041,2956
15762,2042,2920
15763,2005,7806
15763,2006,7763
15763,2007,7811
15763,2008,7776
15763,2009,7800
15763,2010,7812
15763,2011,7827
15763,2012,7827
15763,2013,7848
15763,2014,7928
15763,2015,7978
15763,2016,7988
15763,2017,8103
15763,2018,8089
15763,2019,8128
15763,2020,8205
15763,2021,8207
15763,2022,8186
15763,2023,8139
15763,2024,8132
15763,2025,8086
15763,2026,8051
15763,2027,7997
15763,2028,7955
15763,2029,7861
15763,2030,7801
15763,2031,7696
15763,2032,7614
15763,2033,7513
15763,2034,7402
15763,2035,7280
15763,2036,7160
15763,2037,7044
15763,2038,6916
15763,2039,6774
15763,2040,6668
15763,2041,6528
15763,2042,6401
15764,2005,5547
15764,2006,5571
15764,2007,5593
15764,2008,5580
15764,2009,5629
15764,2010,5675
15764,2011,5682
15764,2012,5690
15764,2013,5721
15764,2014,5742
15764,2015,5763
15764,2016,5861
15764,2017,5928
15764,2018,5910
15764,2019,5977
15764,2020,6074
15764,2021,6121
15764,2022,6138
15764,2023,6143
15764,2024,6179
15764,2025,6213
15764,2026,6209
15764,2027,6228
15764,2028,6223
15764,2029,6219
15764,2030,6201
15764,2031,6180
15764,2032,6174
15764,2033,6133
15764,2034,6120
15764,2035,6053
15764,2036,6027
15764,2037,5990
15764,2038,5954
15764,2039,5892
15764,2040,5846
15764,2041,5792
15764,2042,5715
15774,2005,3061
15774,2006,3080
15774,2007,3057
15774,2008,3011
15774,2009,2974
15774,2010,3006
15774,2011,2972
15774,2012,2958
15774,2013,2923
15774,2014,2889
15774,2015,2792
15774,2016,2725
15774,2017,2712
15774,2018,2705
15774,2019,2720
15774,2020,2754
15774,2021,2773
15774,2022,2760
15774,2023,2771
15774,2024,2795
15774,2025,2783
15774,2026,2785
15774,2027,2775
15774,2028,2782
15774,2029,2783
15774,2030,2749
15774,2031,2757
15774,2032,2742
15774,2033,2720
15774,2034,2710
15774,2035,2673
15774,2036,2655
15774,2037,2626
15774,2038,2601
15774,2039,2596
15774,2040,2544
15774,2041,2528
15774,2042,2494
15776,2005,5422
15776,2006,5451
15776,2007,5460
15776,2008,5495
15776,2009,5543
15776,2010,5557
15776,2011,5660
15776,2012,5723
15776,2013,5775
15776,2014,5804
15776,2015,5865
15776,2016,5980
15776,2017,6047
15776,2018,6047
15776,2019,6134
15776,2020,6199
15776,2021,6249
15776,2022,6260
15776,2023,6285
15776,2024,6304
15776,2025,6315
15776,2026,6345
15776,2027,6337
15776,2028,6317
15776,2029,6320
15776,2030,6307
15776,2031,6301
15776,2032,6282
15776,2033,6270
15776,2034,6224
15776,2035,6216
15776,2036,6167
15776,2037,6135
15776,2038,6112
15776,2039,6040
15776,2040,6018
15776,2041,5976
15776,2042,5945
15778,2005,4545
15778,2006,4491
15778,2007,4464
15778,2008,4426
15778,2009,4384
15778,2010,4325
15778,2011,4299
15778,2012,4268
15778,2013,4240
15778,2014,4236
15778,2015,4259
15778,2016,4221
15778,2017,4209
15778,2018,4197
15778,2019,4222
15778,2020,4265
15778,2021,4291
15778,2022,4268
15778,2023,4239
15778,2024,4257
15778,2025,4250
15778,2026,4219
15778,2027,4217
15778,2028,4179
15778,2029,4129
15778,2030,4118
15778,2031,4077
15778,2032,4024
15778,2033,3974
15778,2034,3921
15778,2035,3879
15778,2036,3822
15778,2037,3770
15778,2038,3719
15778,2039,3669
15778,2040,3600
15778,2041,3550
15778,2042,3463
15790,2005,6941
15790,2006,6823
15790,2007,6704
15790,2008,6606
15790,2009,6488
15790,2010,6418
15790,2011,6312
15790,2012,6234
15790,2013,6135
15790,2014,6074
15790,2015,5973
15790,2016,5955
15790,2017,5981
15790,2018,5852
15790,2019,5894
15790,2020,5962
15790,2021,5992
15790,2022,6016
15790,2023,6002
15790,2024,6012
15790,2025,6013
15790,2026,6036
15790,2027,6011
15790,2028,6021
15790,2029,5993
15790,2030,5973
15790,2031,5954
15790,2032,5921
15790,2033,5899
15790,2034,5858
15790,2035,5810
15790,2036,5762
15790,2037,5716
15790,2038,5682
15790,2039,5614
15790,2040,5563
15790,2041,5505
15790,2042,5454
15798,2005,4261
15798,2006,4233
15798,2007,4203
15798,2008,4176
15798,2009,4129
15798,2010,4068
15798,2011,4036
15798,2012,3993
15798,2013,3971
15798,2014,3959
15798,2015,3969
15798,2016,3940
15798,2017,3853
15798,2018,3836
15798,2019,3811
15798,2020,3814
15798,2021,3814
15798,2022,3747
15798,2023,3679
15798,2024,3673
15798,2025,3623
15798,2026,3573
15798,2027,3529
15798,2028,3481
15798,2029,3419
15798,2030,3369
15798,2031,3305
15798,2032,3259
15798,2033,3188
15798,2034,3121
15798,2035,3073
15798,2036,2999
15798,2037,2936
15798,2038,2880
15798,2039,2810
15798,2040,2751
15798,2041,2687
15798,2042,2619
15804,2005,9447
15804,2006,9401
15804,2007,9347
15804,2008,9267
15804,2009,9184
15804,2010,9146
15804,2011,9108
15804,2012,9060
15804,2013,9033
15804,2014,9044
15804,2015,8997
15804,2016,8991
15804,2017,8991
15804,2018,8995
15804,2019,9030
15804,2020,9136
15804,2021,9149
15804,2022,9123
15804,2023,9116
15804,2024,9107
15804,2025,9095
15804,2026,9056
15804,2027,9003
15804,2028,8958
15804,2029,8900
15804,2030,8829
15804,2031,8760
15804,2032,8670
15804,2033,8576
15804,2034,8455
15804,2035,8375
15804,2036,8236
15804,2037,8143
15804,2038,8035
15804,2039,7916
15804,2040,7782
15804,2041,7662
15804,2042,7543
15806,2005,10575
15806,2006,10747
15806,2007,10887
15806,2008,11029
15806,2009,11212
15806,2010,11395
15806,2011,11538
15806,2012,11693
15806,2013,11875
15806,2014,12127
15806,2015,12325
15806,2016,12499
15806,2017,12680
15806,2018,12883
15806,2019,13044
15806,2020,13250
15806,2021,13358
15806,2022,13458
15806,2023,13521
15806,2024,13579
15806,2025,13648
15806,2026,13705
15806,2027,13723
15806,2028,13775
15806,2029,13788
15806,2030,13781
15806,2031,13772
15806,2032,13751
15806,2033,13728
15806,2034,13692
15806,2035,13632
15806,2036,13601
15806,2037,13516
15806,2038,13457
15806,2039,13400
15806,2040,13323
15806,2041,13248
15806,2042,13146
15808,2005,2854
15808,2006,2935
15808,2007,2952
15808,2008,2886
15808,2009,2896
15808,2010,2941
15808,2011,3025
15808,2012,3083
15808,2013,3150
15808,2014,3188
15808,2015,3214
15808,2016,3226
15808,2017,3238
15808,2018,3249
15808,2019,3301
15808,2020,3387
15808,2021,3453
15808,2022,3482
15808,2023,3516
15808,2024,3552
15808,2025,3607
15808,2026,3647
15808,2027,3669
15808,2028,3689
15808,2029,3726
15808,2030,3753
15808,2031,3765
15808,2032,3790
15808,2033,3784
15808,2034,3816
15808,2035,3796
15808,2036,3810
15808,2037,3809
15808,2038,3817
15808,2039,3817
15808,2040,3808
15808,2041,3798
15808,2042,3803
15810,2005,3865
15810,2006,3801
15810,2007,3741
15810,2008,3685
15810,2009,3653
15810,2010,3621
15810,2011,3582
15810,2012,3536
15810,2013,3473
15810,2014,3482
15810,2015,3460
15810,2016,3446
15810,2017,3320
15810,2018,3315
15810,2019,3297
15810,2020,3317
15810,2021,3290
15810,2022,3271
15810,2023,3225
15810,2024,3217
15810,2025,3187
15810,2026,3150
15810,2027,3128
15810,2028,3094
15810,2029,3061
15810,2030,3020
15810,2031,2964
15810,2032,2934
15810,2033,2884
15810,2034,2839
15810,2035,2781
15810,2036,2732
15810,2037,2685
15810,2038,2640
15810,2039,2583
15810,2040,2524
15810,2041,2471
15810,2042,2435
15814,2005,8537
15814,2006,8531
15814,2007,8527
15814,2008,8515
15814,2009,8531
15814,2010,8546
15814,2011,8529
15814,2012,8542
15814,2013,8584
15814,2014,8593
15814,2015,8624
15814,2016,8654
15814,2017,8720
15814,2018,8754
15814,2019,8834
15814,2020,8892
15814,2021,8921
15814,2022,8930
15814,2023,8948
15814,2024,8960
15814,2025,8971
15814,2026,8969
15814,2027,8959
15814,2028,8940
15814,2029,8933
15814,2030,8908
15814,2031,8887
15814,2032,8852
15814,2033,8836
15814,2034,8793
15814,2035,8742
15814,2036,8715
15814,2037,8678
15814,2038,8648
15814,2039,8588
15814,2040,8550
15814,2041,8490
15814,2042,8428
15816,2005,4672
15816,2006,4630
15816,2007,4583
15816,2008,4552
15816,2009,4519
15816,2010,4481
15816,2011,4448
15816,2012,4414
15816,2013,4393
15816,2014,4342
15816,2015,4331
15816,2016,4318
15816,2017,4335
15816,2018,4301
15816,2019,4342
15816,2020,4395
15816,2021,4411
15816,2022,4421
15816,2023,4442
15816,2024,4440
15816,2025,4459
15816,2026,4442
15816,2027,4438
15816,2028,4428
15816,2029,4416
15816,2030,4411
15816,2031,4375
15816,2032,4372
15816,2033,4317
15816,2034,4292
15816,2035,4235
15816,2036,4209
15816,2037,4168
15816,2038,4125
15816,2039,4064
15816,2040,4005
15816,2041,3969
15816,2042,3920
15820,2005,3558
15820,2006,3543
15820,2007,3596
15820,2008,3558
15820,2009,3565
15820,2010,3542
15820,2011,3526
15820,2012,3529
15820,2013,3537
15820,2014,3546
15820,2015,3554
15820,2016,3589
15820,2017,3601
15820,2018,3601
15820,2019,3625
15820,2020,3679
15820,2021,3706
15820,2022,3714
15820,2023,3721
15820,2024,3720
15820,2025,3743
15820,2026,3723
15820,2027,3719
15820,2028,3732
15820,2029,3705
15820,2030,3681
15820,2031,3691
15820,2032,3677
15820,2033,3641
15820,2034,3618
15820,2035,3597
15820,2036,3588
15820,2037,3554
15820,2038,3515
15820,2039,3489
15820,2040,3434
15820,2041,3417
15820,2042,3367
15822,2005,5206
15822,2006,5132
15822,2007,5108
15822,2008,5133
15822,2009,5117
15822,2010,5120
15822,2011,5128
15822,2012,5117
15822,2013,5120
15822,2014,5067
15822,2015,5062
15822,2016,5121
15822,2017,5169
15822,2018,5131
15822,2019,5157
15822,2020,5229
15822,2021,5227
15822,2022,5173
15822,2023,5172
15822,2024,5161
15822,2025,5146
15822,2026,5116
15822,2027,5071
15822,2028,5037
15822,2029,5005
15822,2030,4934
15822,2031,4906
15822,2032,4846
15822,2033,4790
15822,2034,4723
15822,2035,4653
15822,2036,4569
15822,2037,4526
15822,2038,4435
15822,2039,4356
15822,2040,4286
15822,2041,4222
15822,2042,4123
15832,2005,1588
15832,2006,1585
15832,2007,1565
15832,2008,1580
15832,2009,1561
15832,2010,1543
15832,2011,1568
15832,2012,1547
15832,2013,1543
15832,2014,1541
15832,2015,1540
15832,2016,1541
15832,2017,1540
15832,2018,1524
15832,2019,1560
15832,2020,1576
15832,2021,1560
15832,2022,1567
15832,2023,1563
15832,2024,1570
15832,2025,1558
15832,2026,1559
15832,2027,1555
15832,2028,1549
15832,2029,1537
15832,2030,1527
15832,2031,1516
15832,2032,1513
15832,2033,1504
15832,2034,1494
15832,2035,1478
15832,2036,1446
15832,2037,1410
15832,2038,1400
15832,2039,1383
15832,2040,1367
15832,2041,1348
15832,2042,1315
15835,2005,6570
15835,2006,6481
15835,2007,6408
15835,2008,6398
15835,2009,6366
15835,2010,6317
15835,2011,6260
15835,2012,6204
15835,2013,6152
15835,2014,6130
15835,2015,6122
15835,2016,6119
15835,2017,6097
15835,2018,6093
15835,2019,6056
15835,2020,6046
15835,2021,5972
15835,2022,5901
15835,2023,5824
15835,2024,5756
15835,2025,5670
15835,2026,5587
15835,2027,5487
15835,2028,5408
15835,2029,5323
15835,2030,5235
15835,2031,5115
15835,2032,5013
15835,2033,4931
15835,2034,4828
15835,2035,4717
15835,2036,4611
15835,2037,4512
15835,2038,4409
15835,2039,4310
15835,2040,4195
15835,2041,4113
15835,2042,4002
15837,2005,7683
15837,2006,7699
15837,2007,7707
15837,2008,7738
15837,2009,7796
15837,2010,7812
15837,2011,7861
15837,2012,7932
15837,2013,8007
15837,2014,8024
15837,2015,8054
15837,2016,8080
15837,2017,8240
15837,2018,8218
15837,2019,8261
15837,2020,8343
15837,2021,8337
15837,2022,8301
15837,2023,8283
15837,2024,8251
15837,2025,8231
15837,2026,8196
15837,2027,8138
15837,2028,8088
15837,2029,8030
15837,2030,7984
15837,2031,7899
15837,2032,7805
15837,2033,7738
15837,2034,7628
15837,2035,7547
15837,2036,7453
15837,2037,7350
15837,2038,7256
15837,2039,7178
15837,2040,7058
15837,2041,6957
15837,2042,6843
15839,2005,2180
15839,2006,2150
15839,2007,2133
15839,2008,2173
15839,2009,2142
15839,2010,2117
15839,2011,2097
15839,2012,2100
15839,2013,2066
15839,2014,2054
15839,2015,2046
15839,2016,2038
15839,2017,2030
15839,2018,2017
15839,2019,2034
15839,2020,2057
15839,2021,2057
15839,2022,2039
15839,2023,2041
15839,2024,2021
15839,2025,2015
15839,2026,1999
15839,2027,1981
15839,2028,1961
15839,2029,1954
15839,2030,1936
15839,2031,1905
15839,2032,1888
15839,2033,1849
15839,2034,1833
15839,2035,1806
15839,2036,1766
15839,2037,1745
15839,2038,1703
15839,2039,1668
15839,2040,1646
15839,2041,1606
15839,2042,1568
15842,2005,7936
15842,2006,7881
15842,2007,7838
15842,2008,7779
15842,2009,7740
15842,2010,7710
15842,2011,7693
15842,2012,7608
15842,2013,7571
15842,2014,7562
15842,2015,7517
15842,2016,7442
15842,2017,7534
15842,2018,7453
15842,2019,7534
15842,2020,7641
15842,2021,7654
15842,2022,7674
15842,2023,7694
15842,2024,7698
15842,2025,7722
15842,2026,7727
15842,2027,7715
15842,2028,7711
15842,2029,7688
15842,2030,7655
15842,2031,7612
15842,2032,7580
15842,2033,7514
15842,2034,7454
15842,2035,7394
15842,2036,7316
15842,2037,7224
15842,2038,7144
15842,2039,7075
15842,2040,6974
15842,2041,6899
15842,2042,6794
15861,2005,13839
15861,2006,13903
15861,2007,13993
15861,2008,14118
15861,2009,14253
15861,2010,14359
15861,2011,14503
15861,2012,14661
15861,2013,14796
15861,2014,14957
15861,2015,15105
15861,2016,15270
15861,2017,15482
15861,2018,15573
15861,2019,15855
15861,2020,16265
15861,2021,16467
15861,2022,16625
15861,2023,16803
15861,2024,16977
15861,2025,17151
15861,2026,17300
15861,2027,17420
15861,2028,17526
15861,2029,17625
15861,2030,17705
15861,2031,17762
15861,2032,17794
15861,2033,17807
15861,2034,17800
15861,2035,17762
15861,2036,17738
15861,2037,17691
15861,2038,17655
15861,2039,17580
15861,2040,17490
15861,2041,17414
15861,2042,17322
15879,2005,3240
15879,2006,3151
15879,2007,3101
15879,2008,3071
15879,2009,3097
15879,2010,3016
15879,2011,2993
15879,2012,2956
15879,2013,2954
15879,2014,2932
15879,2015,2893
15879,2016,2858
15879,2017,2830
15879,2018,2803
15879,2019,2840
15879,2020,2882
15879,2021,2888
15879,2022,2889
15879,2023,2887
15879,2024,2910
15879,2025,2913
15879,2026,2907
15879,2027,2921
15879,2028,2911
15879,2029,2903
15879,2030,2892
15879,2031,2858
15879,2032,2847
15879,2033,2830
15879,2034,2807
15879,2035,2776
15879,2036,2756
15879,2037,2734
15879,2038,2700
15879,2039,2674
15879,2040,2635
15879,2041,2591
15879,2042,2567
15897,2005,4938
15897,2006,4904
15897,2007,4868
15897,2008,4833
15897,2009,4791
15897,2010,4753
15897,2011,4719
15897,2012,4697
15897,2013,4669
15897,2014,4644
15897,2015,4672
15897,2016,4652
15897,2017,4623
15897,2018,4609
15897,2019,4654
15897,2020,4698
15897,2021,4706
15897,2022,4735
15897,2023,4742
15897,2024,4740
15897,2025,4743
15897,2026,4754
15897,2027,4760
15897,2028,4750
15897,2029,4739
15897,2030,4706
15897,2031,4691
15897,2032,4659
15897,2033,4625
15897,2034,4587
15897,2035,4575
15897,2036,4544
15897,2037,4498
15897,2038,4458
15897,2039,4414
15897,2040,4373
15897,2041,4327
15897,2042,4275
17001,2005,400148
17001,2006,401526
17001,2007,403186
17001,2008,404836
17001,2009,406601
17001,2010,408785
17001,2011,411019
17001,2012,413420
17001,2013,415873
17001,2014,418619
17001,2015,421538
17001,2016,425208
17001,2017,429333
17001,2018,434403
17001,2019,440570
17001,2020,447015
17001,2021,453659
17001,2022,458752
17001,2023,462721
17001,2024,467681
17001,2025,472087
17001,2026,475690
17001,2027,479109
17001,2028,482350
17001,2029,485427
17001,2030,488352
17001,2031,491137
17001,2032,493706
17001,2033,496123
17001,2034,498317
17001,2035,500311
17001,2036,502110
17001,2037,503647
17001,2038,504954
17001,2039,505997
17001,2040,506787
17001,2041,507303
17001,2042,507551
17013,2005,26625
17013,2006,26210
17013,2007,25848
17013,2008,25479
17013,2009,25111
17013,2010,24757
17013,2011,24462
17013,2012,24148
17013,2013,23828
17013,2014,23536
17013,2015,23241
17013,2016,22984
17013,2017,22989
17013,2018,22819
17013,2019,23012
17013,2020,23193
17013,2021,23138
17013,2022,23019
17013,2023,22845
17013,2024,22674
17013,2025,22505
17013,2026,22301
17013,2027,22075
17013,2028,21843
17013,2029,21602
17013,2030,21358
17013,2031,21082
17013,2032,20814
17013,2033,20537
17013,2034,20255
17013,2035,19969
17013,2036,19667
17013,2037,19349
17013,2038,19065
17013,2039,18733
17013,2040,18425
17013,2041,18093
17013,2042,17753
17042,2005,38357
17042,2006,38044
17042,2007,37771
17042,2008,37481
17042,2009,37245
17042,2010,37008
17042,2011,36765
17042,2012,36534
17042,2013,36360
17042,2014,36268
17042,2015,36078
17042,2016,36028
17042,2017,35943
17042,2018,36129
17042,2019,36669
17042,2020,37170
17042,2021,37368
17042,2022,37438
17042,2023,37397
17042,2024,37428
17042,2025,37421
17042,2026,37352
17042,2027,37268
17042,2028,37136
17042,2029,37015
17042,2030,36861
17042,2031,36674
17042,2032,36483
17042,2033,36290
17042,2034,36043
17042,2035,35816
17042,2036,35566
17042,2037,35264
17042,2038,34980
17042,2039,34669
17042,2040,34333
17042,2041,33990
17042,2042,33633
17050,2005,12742
17050,2006,12559
17050,2007,12334
17050,2008,12112
17050,2009,11820
17050,2010,11680
17050,2011,11533
17050,2012,11430
17050,2013,11183
17050,2014,11061
17050,2015,10944
17050,2016,10831
17050,2017,10596
17050,2018,10561
17050,2019,10659
17050,2020,10788
17050,2021,10813
17050,2022,10827
17050,2023,10801
17050,2024,10820
17050,2025,10797
17050,2026,10781
17050,2027,10741
17050,2028,10717
17050,2029,10690
17050,2030,10645
17050,2031,10595
17050,2032,10549
17050,2033,10478
17050,2034,10419
17050,2035,10371
17050,2036,10284
17050,2037,10200
17050,2038,10117
17050,2039,10046
17050,2040,9975
17050,2041,9859
17050,2042,9770
17088,2005,12892
17088,2006,12692
17088,2007,12441
17088,2008,12230
17088,2009,11976
17088,2010,11825
17088,2011,11670
17088,2012,11482
17088,2013,11294
17088,2014,11098
17088,2015,10966
17088,2016,10865
17088,2017,10724
17088,2018,10653
17088,2019,10711
17088,2020,10767
17088,2021,10713
17088,2022,10630
17088,2023,10533
17088,2024,10467
17088,2025,10411
17088,2026,10327
17088,2027,10255
17088,2028,10180
17088,2029,10107
17088,2030,10041
17088,2031,9950
17088,2032,9905
17088,2033,9811
17088,2034,9720
17088,2035,9634
17088,2036,9558
17088,2037,9449
17088,2038,9352
17088,2039,9249
17088,2040,9143
17088,2041,9032
17088,2042,8935
17174,2005,51286
17174,2006,51120
17174,2007,50972
17174,2008,50845
17174,2009,50715
17174,2010,50674
17174,2011,50584
17174,2012,50489
17174,2013,50530
17174,2014,50495
17174,2015,50617
17174,2016,50745
17174,2017,50947
17174,2018,51266
17174,2019,51351
17174,2020,51497
17174,2021,51554
17174,2022,51412
17174,2023,51146
17174,2024,51007
17174,2025,50770
17174,2026,50452
17174,2027,50139
17174,2028,49784
17174,2029,49425
17174,2030,49051
17174,2031,48643
17174,2032,48237
17174,2033,47806
17174,2034,47364
17174,2035,46910
17174,2036,46450
17174,2037,45937
17174,2038,45434
17174,2039,44897
17174,2040,44357
17174,2041,43780
17174,2042,43208
17272,2005,14276
17272,2006,14006
17272,2007,13660
17272,2008,13394
17272,2009,13210
17272,2010,12923
17272,2011,12744
17272,2012,12447
17272,2013,12305
17272,2014,12085
17272,2015,11946
17272,2016,11779
17272,2017,11500
17272,2018,11440
17272,2019,11545
17272,2020,11646
17272,2021,11571
17272,2022,11452
17272,2023,11314
17272,2024,11182
17272,2025,11063
17272,2026,10931
17272,2027,10761
17272,2028,10604
17272,2029,10441
17272,2030,10273
17272,2031,10092
17272,2032,9935
17272,2033,9763
17272,2034,9558
17272,2035,9389
17272,2036,9197
17272,2037,9012
17272,2038,8830
17272,2039,8637
17272,2040,8446
17272,2041,8249
17272,2042,8066
17380,2005,68623
17380,2006,68658
17380,2007,68756
17380,2008,68843
17380,2009,68950
17380,2010,69145
17380,2011,69249
17380,2012,69430
17380,2013,69687
17380,2014,69958
17380,2015,70292
17380,2016,70745
17380,2017,71169
17380,2018,71898
17380,2019,72120
17380,2020,72402
17380,2021,72562
17380,2022,72455
17380,2023,72159
17380,2024,72044
17380,2025,71814
17380,2026,71480
17380,2027,71117
17380,2028,70763
17380,2029,70357
17380,2030,69943
17380,2031,69528
17380,2032,69120
17380,2033,68691
17380,2034,68215
17380,2035,67760
17380,2036,67264
17380,2037,66764
17380,2038,66235
17380,2039,65697
17380,2040,65121
17380,2041,64537
17380,2042,63960
17388,2005,8494
17388,2006,8325
17388,2007,8072
17388,2008,7823
17388,2009,7600
17388,2010,7365
17388,2011,7170
17388,2012,6991
17388,2013,6734
17388,2014,6575
17388,2015,6403
17388,2016,6277
17388,2017,6149
17388,2018,6007
17388,2019,6021
17388,2020,6083
17388,2021,6039
17388,2022,5993
17388,2023,5910
17388,2024,5844
17388,2025,5773
17388,2026,5679
17388,2027,5588
17388,2028,5510
17388,2029,5426
17388,2030,5347
17388,2031,5243
17388,2032,5150
17388,2033,5079
17388,2034,4953
17388,2035,4864
17388,2036,4758
17388,2037,4669
17388,2038,4579
17388,2039,4462
17388,2040,4366
17388,2041,4257
17388,2042,4165
17433,2005,22888
17433,2006,22421
17433,2007,21930
17433,2008,21500
17433,2009,21050
17433,2010,20586
17433,2011,20255
17433,2012,19844
17433,2013,19490
17433,2014,19102
17433,2015,18714
17433,2016,18442
17433,2017,18244
17433,2018,17919
17433,2019,18142
17433,2020,18328
17433,2021,18402
17433,2022,18426
17433,2023,18371
17433,2024,18375
17433,2025,18367
17433,2026,18310
17433,2027,18258
17433,2028,18202
17433,2029,18118
17433,2030,18057
17433,2031,17976
17433,2032,17872
17433,2033,17748
17433,2034,17627
17433,2035,17505
17433,2036,17401
17433,2037,17237
17433,2038,17104
17433,2039,16953
17433,2040,16793
17433,2041,16621
17433,2042,16456
17442,2005,8485
17442,2006,8510
17442,2007,8503
17442,2008,8470
17442,2009,8536
17442,2010,8552
17442,2011,8576
17442,2012,8566
17442,2013,8596
17442,2014,8626
17442,2015,8639
17442,2016,8727
17442,2017,8806
17442,2018,8874
17442,2019,9125
17442,2020,9348
17442,2021,9395
17442,2022,9411
17442,2023,9401
17442,2024,9394
17442,2025,9390
17442,2026,9363
17442,2027,9341
17442,2028,9306
17442,2029,9247
17442,2030,9195
17442,2031,9120
17442,2032,9061
17442,2033,8995
17442,2034,8933
17442,2035,8843
17442,2036,8736
17442,2037,8650
17442,2038,8546
17442,2039,8447
17442,2040,8342
17442,2041,8214
17442,2042,8117
17444,2005,14921
17444,2006,14772
17444,2007,14569
17444,2008,14372
17444,2009,14168
17444,2010,14059
17444,2011,13921
17444,2012,13830
17444,2013,13627
17444,2014,13503
17444,2015,13508
17444,2016,13395
17444,2017,13274
17444,2018,13240
17444,2019,13426
17444,2020,13615
17444,2021,13654
17444,2022,13661
17444,2023,13625
17444,2024,13619
17444,2025,13618
17444,2026,13558
17444,2027,13514
17444,2028,13460
17444,2029,13394
17444,2030,13325
17444,2031,13243
17444,2032,13179
17444,2033,13086
17444,2034,13001
17444,2035,12892
17444,2036,12778
17444,2037,12663
17444,2038,12542
17444,2039,12445
17444,2040,12285
17444,2041,12152
17444,2042,12007
17446,2005,3452
17446,2006,3428
17446,2007,3354
17446,2008,3283
17446,2009,3204
17446,2010,3081
17446,2011,2994
17446,2012,2904
17446,2013,2856
17446,2014,2816
17446,2015,2751
17446,2016,2660
17446,2017,2613
17446,2018,2599
17446,2019,2647
17446,2020,2705
17446,2021,2693
17446,2022,2695
17446,2023,2683
17446,2024,2685
17446,2025,2689
17446,2026,2676
17446,2027,2655
17446,2028,2646
17446,2029,2623
17446,2030,2616
17446,2031,2607
17446,2032,2585
17446,2033,2560
17446,2034,2537
17446,2035,2513
17446,2036,2494
17446,2037,2445
17446,2038,2449
17446,2039,2403
17446,2040,2365
17446,2041,2347
17446,2042,2320
17486,2005,24817
17486,2006,24423
17486,2007,24023
17486,2008,23697
17486,2009,23325
17486,2010,22947
17486,2011,22672
17486,2012,22403
17486,2013,22079
17486,2014,21748
17486,2015,21558
17486,2016,21335
17486,2017,21140
17486,2018,21031
17486,2019,21264
17486,2020,21529
17486,2021,21608
17486,2022,21618
17486,2023,21569
17486,2024,21568
17486,2025,21553
17486,2026,21492
17486,2027,21429
17486,2028,21343
17486,2029,21256
17486,2030,21162
17486,2031,21065
17486,2032,20935
17486,2033,20802
17486,2034,20680
17486,2035,20519
17486,2036,20363
17486,2037,20216
17486,2038,20032
17486,2039,19848
17486,2040,19631
17486,2041,19434
17486,2042,19243
17495,2005,7382
17495,2006,7239
17495,2007,7077
17495,2008,6947
17495,2009,6836
17495,2010,6747
17495,2011,6641
17495,2012,6539
17495,2013,6419
17495,2014,6310
17495,2015,6282
17495,2016,6192
17495,2017,6125
17495,2018,6020
17495,2019,6075
17495,2020,6149
17495,2021,6160
17495,2022,6161
17495,2023,6169
17495,2024,6171
17495,2025,6167
17495,2026,6140
17495,2027,6120
17495,2028,6113
17495,2029,6095
17495,2030,6067
17495,2031,6048
17495,2032,6013
17495,2033,6000
17495,2034,5952
17495,2035,5893
17495,2036,5863
17495,2037,5841
17495,2038,5783
17495,2039,5731
17495,2040,5678
17495,2041,5629
17495,2042,5573
17513,2005,18079
17513,2006,17832
17513,2007,17576
17513,2008,17299
17513,2009,16988
17513,2010,16759
17513,2011,16557
17513,2012,16303
17513,2013,16124
17513,2014,15887
17513,2015,15754
17513,2016,15583
17513,2017,15437
17513,2018,15331
17513,2019,15532
17513,2020,15755
17513,2021,15812
17513,2022,15803
17513,2023,15757
17513,2024,15748
17513,2025,15713
17513,2026,15657
17513,2027,15580
17513,2028,15485
17513,2029,15408
17513,2030,15312
17513,2031,15214
17513,2032,15108
17513,2033,14962
17513,2034,14849
17513,2035,14711
17513,2036,14571
17513,2037,14426
17513,2038,14275
17513,2039,14102
17513,2040,13952
17513,2041,13765
17513,2042,13593
17524,2005,17716
17524,2006,17476
17524,2007,17268
17524,2008,16992
17524,2009,16774
17524,2010,16606
17524,2011,16473
17524,2012,16280
17524,2013,16073
17524,2014,15939
17524,2015,15804
17524,2016,15642
17524,2017,15616
17524,2018,15570
17524,2019,15816
17524,2020,16090
17524,2021,16143
17524,2022,16127
17524,2023,16095
17524,2024,16059
17524,2025,16038
17524,2026,15966
17524,2027,15890
17524,2028,15806
17524,2029,15725
17524,2030,15617
17524,2031,15520
17524,2032,15404
17524,2033,15276
17524,2034,15165
17524,2035,15010
17524,2036,14857
17524,2037,14717
17524,2038,14538
17524,2039,14376
17524,2040,14195
17524,2041,14012
17524,2042,13819
17541,2005,25600
17541,2006,25037
17541,2007,24499
17541,2008,23968
17541,2009,23460
17541,2010,23000
17541,2011,22493
17541,2012,22129
17541,2013,21685
17541,2014,21279
17541,2015,20791
17541,2016,20459
17541,2017,20130
17541,2018,19905
17541,2019,20221
17541,2020,20518
17541,2021,20594
17541,2022,20566
17541,2023,20535
17541,2024,20493
17541,2025,20473
17541,2026,20404
17541,2027,20313
17541,2028,20236
17541,2029,20117
17541,2030,20007
17541,2031,19860
17541,2032,19751
17541,2033,19601
17541,2034,19450
17541,2035,19279
17541,2036,19113
17541,2037,18922
17541,2038,18722
17541,2039,18507
17541,2040,18312
17541,2041,18082
17541,2042,17877
17614,2005,42238
17614,2006,42796
17614,2007,43391
17614,2008,43930
17614,2009,44527
17614,2010,45135
17614,2011,45694
17614,2012,46249
17614,2013,46838
17614,2014,47509
17614,2015,48172
17614,2016,48898
17614,2017,49685
17614,2018,50792
17614,2019,51621
17614,2020,52494
17614,2021,52659
17614,2022,52622
17614,2023,52456
17614,2024,52440
17614,2025,52327
17614,2026,52118
17614,2027,51874
17614,2028,51609
17614,2029,51344
17614,2030,51045
17614,2031,50698
17614,2032,50331
17614,2033,49943
17614,2034,49522
17614,2035,49080
17614,2036,48601
17614,2037,48120
17614,2038,47574
17614,2039,47043
17614,2040,46490
17614,2041,45921
17614,2042,45301
17616,2005,13466
17616,2006,13193
17616,2007,12912
17616,2008,12662
17616,2009,12422
17616,2010,12188
17616,2011,11992
17616,2012,11819
17616,2013,11622
17616,2014,11380
17616,2015,11213
17616,2016,11092
17616,2017,10943
17616,2018,10829
17616,2019,11010
17616,2020,11159
17616,2021,11211
17616,2022,11203
17616,2023,11177
17616,2024,11157
17616,2025,11130
17616,2026,11079
17616,2027,11038
17616,2028,10979
17616,2029,10902
17616,2030,10851
17616,2031,10776
17616,2032,10678
17616,2033,10585
17616,2034,10498
17616,2035,10395
17616,2036,10306
17616,2037,10186
17616,2038,10069
17616,2039,9953
17616,2040,9827
17616,2041,9696
17616,2042,9568
17653,2005,22926
17653,2006,22537
17653,2007,22217
17653,2008,21896
17653,2009,21592
17653,2010,21222
17653,2011,21004
17653,2012,20699
17653,2013,20459
17653,2014,20084
17653,2015,19882
17653,2016,19703
17653,2017,19644
17653,2018,19457
17653,2019,19612
17653,2020,19798
17653,2021,19801
17653,2022,19713
17653,2023,19577
17653,2024,19511
17653,2025,19396
17653,2026,19254
17653,2027,19111
17653,2028,18936
17653,2029,18761
17653,2030,18594
17653,2031,18405
17653,2032,18208
17653,2033,18019
17653,2034,17817
17653,2035,17607
17653,2036,17381
17653,2037,17150
17653,2038,16922
17653,2039,16673
17653,2040,16430
17653,2041,16187
17653,2042,15931
17662,2005,27415
17662,2006,26771
17662,2007,26076
17662,2008,25405
17662,2009,24779
17662,2010,24226
17662,2011,23679
17662,2012,23152
17662,2013,22633
17662,2014,22137
17662,2015,21628
17662,2016,21144
17662,2017,20750
17662,2018,20471
17662,2019,20812
17662,2020,21180
17662,2021,21222
17662,2022,21210
17662,2023,21127
17662,2024,21128
17662,2025,21073
17662,2026,21004
17662,2027,20885
17662,2028,20789
17662,2029,20668
17662,2030,20534
17662,2031,20415
17662,2032,20243
17662,2033,20065
17662,2034,19888
17662,2035,19721
17662,2036,19517
17662,2037,19299
17662,2038,19089
17662,2039,18865
17662,2040,18626
17662,2041,18382
17662,2042,18129
17665,2005,8364
17665,2006,8059
17665,2007,7753
17665,2008,7421
17665,2009,7186
17665,2010,6887
17665,2011,6582
17665,2012,6304
17665,2013,5993
17665,2014,5738
17665,2015,5508
17665,2016,5262
17665,2017,5037
17665,2018,4847
17665,2019,4917
17665,2020,5019
17665,2021,5034
17665,2022,5029
17665,2023,5003
17665,2024,5002
17665,2025,4990
17665,2026,4960
17665,2027,4934
17665,2028,4915
17665,2029,4884
17665,2030,4844
17665,2031,4804
17665,2032,4782
17665,2033,4733
17665,2034,4691
17665,2035,4647
17665,2036,4614
17665,2037,4550
17665,2038,4476
17665,2039,4437
17665,2040,4379
17665,2041,4336
17665,2042,4254
17777,2005,27201
17777,2006,27222
17777,2007,27237
17777,2008,27296
17777,2009,27400
17777,2010,27427
17777,2011,27476
17777,2012,27554
17777,2013,27581
17777,2014,27748
17777,2015,27907
17777,2016,28029
17777,2017,28245
17777,2018,28623
17777,2019,29338
17777,2020,30090
17777,2021,30504
17777,2022,30807
17777,2023,31037
17777,2024,31325
17777,2025,31570
17777,2026,31774
17777,2027,31919
17777,2028,32103
17777,2029,32244
17777,2030,32356
17777,2031,32466
17777,2032,32577
17777,2033,32626
17777,2034,32696
17777,2035,32720
17777,2036,32749
17777,2037,32720
17777,2038,32720
17777,2039,32656
17777,2040,32599
17777,2041,32510
17777,2042,32444
17867,2005,11155
17867,2006,11014
17867,2007,10906
17867,2008,10778
17867,2009,10722
17867,2010,10593
17867,2011,10479
17867,2012,10412
17867,2013,10333
17867,2014,10212
17867,2015,10190
17867,2016,10163
17867,2017,10140
17867,2018,10161
17867,2019,10373
17867,2020,10636
17867,2021,10728
17867,2022,10823
17867,2023,10846
17867,2024,10927
17867,2025,10986
17867,2026,11015
17867,2027,11027
17867,2028,11040
17867,2029,11054
17867,2030,11047
17867,2031,11048
17867,2032,11052
17867,2033,11044
17867,2034,11008
17867,2035,10987
17867,2036,10959
17867,2037,10923
17867,2038,10880
17867,2039,10829
17867,2040,10767
17867,2041,10696
17867,2042,10635
17873,2005,52977
17873,2006,53693
17873,2007,54478
17873,2008,55249
17873,2009,56025
17873,2010,56848
17873,2011,57678
17873,2012,58475
17873,2013,59367
17873,2014,60308
17873,2015,61193
17873,2016,62261
17873,2017,63415
17873,2018,64668
17873,2019,66223
17873,2020,67842
17873,2021,69325
17873,2022,70560
17873,2023,71547
17873,2024,72649
17873,2025,73653
17873,2026,74463
17873,2027,75225
17873,2028,75899
17873,2029,76482
17873,2030,77033
17873,2031,77532
17873,2032,77920
17873,2033,78271
17873,2034,78563
17873,2035,78771
17873,2036,78901
17873,2037,78994
17873,2038,79000
17873,2039,78920
17873,2040,78802
17873,2041,78616
17873,2042,78341
17877,2005,13909
17877,2006,13774
17877,2007,13636
17877,2008,13551
17877,2009,13418
17877,2010,13279
17877,2011,13136
17877,2012,13071
17877,2013,12994
17877,2014,12912
17877,2015,12841
17877,2016,12765
17877,2017,12769
17877,2018,12736
17877,2019,12774
17877,2020,12832
17877,2021,12844
17877,2022,12819
17877,2023,12769
17877,2024,12728
17877,2025,12676
17877,2026,12613
17877,2027,12522
17877,2028,12452
17877,2029,12382
17877,2030,12281
17877,2031,12198
17877,2032,12096
17877,2033,11995
17877,2034,11888
17877,2035,11776
17877,2036,11658
17877,2037,11549
17877,2038,11422
17877,2039,11288
17877,2040,11170
17877,2041,11020
17877,2042,10884
18001,2005,155026
18001,2006,156723
18001,2007,158167
18001,2008,159503
18001,2009,160721
18001,2010,161863
18001,2011,162937
18001,2012,163885
18001,2013,164798
18001,2014,165639
18001,2015,166359
18001,2016,167157
18001,2017,167802
18001,2018,168606
18001,2019,170885
18001,2020,173469
18001,2021,176423
18001,2022,179093
18001,2023,181642
18001,2024,184170
18001,2025,186497
18001,2026,188620
18001,2027,190630
18001,2028,192505
18001,2029,194245
18001,2030,195884
18001,2031,197413
18001,2032,198806
18001,2033,200120
18001,2034,201331
18001,2035,202412
18001,2036,203421
18001,2037,204337
18001,2038,205179
18001,2039,205951
18001,2040,206677
18001,2041,207322
18001,2042,207925
18029,2005,6978
18029,2006,6789
18029,2007,6573
18029,2008,6399
18029,2009,6222
18029,2010,6066
18029,2011,5913
18029,2012,5728
18029,2013,5518
18029,2014,5350
18029,2015,5176
18029,2016,4949
18029,2017,4821
18029,2018,4672
18029,2019,4719
18029,2020,4756
18029,2021,4785
18029,2022,4813
18029,2023,4816
18029,2024,4833
18029,2025,4835
18029,2026,4859
18029,2027,4869
18029,2028,4887
18029,2029,4877
18029,2030,4887
18029,2031,4899
18029,2032,4898
18029,2033,4892
18029,2034,4878
18029,2035,4885
18029,2036,4890
18029,2037,4885
18029,2038,4900
18029,2039,4867
18029,2040,4869
18029,2041,4852
18029,2042,4835
18094,2005,12734
18094,2006,12613
18094,2007,12469
18094,2008,12354
18094,2009,12233
18094,2010,12107
18094,2011,11985
18094,2012,11848
18094,2013,11718
18094,2014,11592
18094,2015,11435
18094,2016,11305
18094,2017,11184
18094,2018,11035
18094,2019,11102
18094,2020,11189
18094,2021,11227
18094,2022,11303
18094,2023,11327
18094,2024,11371
18094,2025,11403
18094,2026,11428
18094,2027,11434
18094,2028,11455
18094,2029,11453
18094,2030,11443
18094,2031,11435
18094,2032,11413
18094,2033,11402
18094,2034,11379
18094,2035,11360
18094,2036,11336
18094,2037,11291
18094,2038,11278
18094,2039,11244
18094,2040,11189
18094,2041,11165
18094,2042,11139
18150,2005,22489
18150,2006,23151
18150,2007,23840
18150,2008,24489
18150,2009,25118
18150,2010,25767
18150,2011,26393
18150,2012,27005
18150,2013,27614
18150,2014,28202
18150,2015,28792
18150,2016,29373
18150,2017,29892
18150,2018,30395
18150,2019,30785
18150,2020,31141
18150,2021,31467
18150,2022,31750
18150,2023,31990
18150,2024,32224
18150,2025,32456
18150,2026,32647
18150,2027,32823
18150,2028,32991
18150,2029,33129
18150,2030,33261
18150,2031,33369
18150,2032,33484
18150,2033,33564
18150,2034,33652
18150,2035,33730
18150,2036,33795
18150,2037,33857
18150,2038,33904
18150,2039,33948
18150,2040,33994
18150,2041,34038
18150,2042,34065
18205,2005,6758
18205,2006,6823
18205,2007,6892
18205,2008,6990
18205,2009,7066
18205,2010,7144
18205,2011,7206
18205,2012,7233
18205,2013,7317
18205,2014,7396
18205,2015,7454
18205,2016,7523
18205,2017,7595
18205,2018,7602
18205,2019,7617
18205,2020,7664
18205,2021,7710
18205,2022,7722
18205,2023,7763
18205,2024,7783
18205,2025,7807
18205,2026,7804
18205,2027,7820
18205,2028,7815
18205,2029,7831
18205,2030,7820
18205,2031,7813
18205,2032,7812
18205,2033,7783
18205,2034,7742
18205,2035,7741
18205,2036,7712
18205,2037,7696
18205,2038,7645
18205,2039,7641
18205,2040,7599
18205,2041,7559
18205,2042,7545
18247,2005,21140
18247,2006,21026
18247,2007,20931
18247,2008,20794
18247,2009,20653
18247,2010,20489
18247,2011,20367
18247,2012,20224
18247,2013,20072
18247,2014,19934
18247,2015,19764
18247,2016,19605
18247,2017,19430
18247,2018,19306
18247,2019,19390
18247,2020,19483
18247,2021,19597
18247,2022,19684
18247,2023,19748
18247,2024,19817
18247,2025,19860
18247,2026,19861
18247,2027,19903
18247,2028,19900
18247,2029,19882
18247,2030,19858
18247,2031,19855
18247,2032,19832
18247,2033,19790
18247,2034,19727
18247,2035,19669
18247,2036,19606
18247,2037,19537
18247,2038,19476
18247,2039,19395
18247,2040,19317
18247,2041,19249
18247,2042,19156
18256,2005,16567
18256,2006,16685
18256,2007,16825
18256,2008,16950
18256,2009,17087
18256,2010,17188
18256,2011,17337
18256,2012,17451
18256,2013,17568
18256,2014,17668
18256,2015,17762
18256,2016,17856
18256,2017,17959
18256,2018,18034
18256,2019,18215
18256,2020,18401
18256,2021,18547
18256,2022,18644
18256,2023,18748
18256,2024,18838
18256,2025,18896
18256,2026,18972
18256,2027,19032
18256,2028,19081
18256,2029,19097
18256,2030,19120
18256,2031,19162
18256,2032,19166
18256,2033,19168
18256,2034,19161
18256,2035,19176
18256,2036,19174
18256,2037,19155
18256,2038,19136
18256,2039,19118
18256,2040,19106
18256,2041,19076
18256,2042,19048
18410,2005,14491
18410,2006,14477
18410,2007,14495
18410,2008,14503
18410,2009,14540
18410,2010,14560
18410,2011,14602
18410,2012,14639
18410,2013,14659
18410,2014,14659
18410,2015,14722
18410,2016,14720
18410,2017,14730
18410,2018,14700
18410,2019,14865
18410,2020,15039
18410,2021,15145
18410,2022,15217
18410,2023,15298
18410,2024,15382
18410,2025,15448
18410,2026,15512
18410,2027,15562
18410,2028,15607
18410,2029,15676
18410,2030,15713
18410,2031,15763
18410,2032,15809
18410,2033,15857
18410,2034,15897
18410,2035,15913
18410,2036,15961
18410,2037,16004
18410,2038,16036
18410,2039,16072
18410,2040,16101
18410,2041,16136
18410,2042,16156
18460,2005,9226
18460,2006,9224
18460,2007,9264
18460,2008,9341
18460,2009,9372
18460,2010,9409
18460,2011,9460
18460,2012,9555
18460,2013,9597
18460,2014,9589
18460,2015,9604
18460,2016,9636
18460,2017,9680
18460,2018,9707
18460,2019,9848
18460,2020,9968
18460,2021,10031
18460,2022,10080
18460,2023,10139
18460,2024,10177
18460,2025,10250
18460,2026,10297
18460,2027,10313
18460,2028,10354
18460,2029,10394
18460,2030,10447
18460,2031,10480
18460,2032,10504
18460,2033,10538
18460,2034,10595
18460,2035,10623
18460,2036,10648
18460,2037,10682
18460,2038,10710
18460,2039,10754
18460,2040,10785
18460,2041,10823
18460,2042,10839
18479,2005,3627
18479,2006,3609
18479,2007,3610
18479,2008,3641
18479,2009,3634
18479,2010,3655
18479,2011,3652
18479,2012,3659
18479,2013,3641
18479,2014,3665
18479,2015,3732
18479,2016,3730
18479,2017,3694
18479,2018,3709
18479,2019,3711
18479,2020,3739
18479,2021,3759
18479,2022,3778
18479,2023,3786
18479,2024,3807
18479,2025,3805
18479,2026,3814
18479,2027,3820
18479,2028,3810
18479,2029,3818
18479,2030,3795
18479,2031,3789
18479,2032,3786
18479,2033,3768
18479,2034,3779
18479,2035,3762
18479,2036,3746
18479,2037,3742
18479,2038,3737
18479,2039,3714
18479,2040,3707
18479,2041,3698
18479,2042,3674
18592,2005,29652
18592,2006,29407
18592,2007,29196
18592,2008,28984
18592,2009,28761
18592,2010,28550
18592,2011,28334
18592,2012,28101
18592,2013,27846
18592,2014,27599
18592,2015,27333
18592,2016,27085
18592,2017,26841
18592,2018,26532
18592,2019,26687
18592,2020,26872
18592,2021,27025
18592,2022,27135
18592,2023,27222
18592,2024,27339
18592,2025,27430
18592,2026,27477
18592,2027,27531
18592,2028,27551
18592,2029,27575
18592,2030,27590
18592,2031,27586
18592,2032,27565
18592,2033,27543
18592,2034,27501
18592,2035,27476
18592,2036,27444
18592,2037,27387
18592,2038,27324
18592,2039,27256
18592,2040,27196
18592,2041,27116
18592,2042,27061
18610,2005,9734
18610,2006,10003
18610,2007,10242
18610,2008,10509
18610,2009,10772
18610,2010,10998
18610,2011,11231
18610,2012,11497
18610,2013,11708
18610,2014,11923
18610,2015,12176
18610,2016,12379
18610,2017,12603
18610,2018,12802
18610,2019,12889
18610,2020,12986
18610,2021,13071
18610,2022,13133
18610,2023,13186
18610,2024,13229
18610,2025,13270
18610,2026,13301
18610,2027,13315
18610,2028,13333
18610,2029,13368
18610,2030,13359
18610,2031,13368
18610,2032,13363
18610,2033,13355
18610,2034,13339
18610,2035,13336
18610,2036,13329
18610,2037,13299
18610,2038,13288
18610,2039,13258
18610,2040,13237
18610,2041,13223
18610,2042,13175
18753,2005,42968
18753,2006,43606
18753,2007,44259
18753,2008,44926
18753,2009,45582
18753,2010,46268
18753,2011,46902
18753,2012,47521
18753,2013,48118
18753,2014,48684
18753,2015,49207
18753,2016,49782
18753,2017,50280
18753,2018,50707
18753,2019,51111
18753,2020,51548
18753,2021,51847
18753,2022,52064
18753,2023,52279
18753,2024,52473
18753,2025,52672
18753,2026,52805
18753,2027,52895
18753,2028,52982
18753,2029,53059
18753,2030,53092
18753,2031,53128
18753,2032,53159
18753,2033,53138
18753,2034,53135
18753,2035,53112
18753,2036,53055
18753,2037,53010
18753,2038,52950
18753,2039,52900
18753,2040,52820
18753,2041,52734
18753,2042,52636
18756,2005,9080
18756,2006,9250
18756,2007,9428
18756,2008,9591
18756,2009,9770
18756,2010,9961
18756,2011,10121
18756,2012,10281
18756,2013,10457
18756,2014,10609
18756,2015,10768
18756,2016,10933
18756,2017,11085
18756,2018,11201
18756,2019,11108
18756,2020,11020
18756,2021,10948
18756,2022,10879
18756,2023,10840
18756,2024,10830
18756,2025,10837
18756,2026,10833
18756,2027,10824
18756,2028,10844
18756,2029,10856
18756,2030,10878
18756,2031,10881
18756,2032,10903
18756,2033,10935
18756,2034,10956
18756,2035,10960
18756,2036,10981
18756,2037,10995
18756,2038,11008
18756,2039,11022
18756,2040,11026
18756,2041,11057
18756,2042,11058
18785,2005,7670
18785,2006,7579
18785,2007,7478
18785,2008,7299
18785,2009,7226
18785,2010,7145
18785,2011,7003
18785,2012,6930
18785,2013,6794
18785,2014,6672
18785,2015,6582
18785,2016,6429
18785,2017,6340
18785,2018,6204
18785,2019,6247
18785,2020,6280
18785,2021,6311
18785,2022,6344
18785,2023,6362
18785,2024,6398
18785,2025,6412
18785,2026,6422
18785,2027,6417
18785,2028,6436
18785,2029,6443
18785,2030,6451
18785,2031,6438
18785,2032,6443
18785,2033,6425
18785,2034,6431
18785,2035,6412
18785,2036,6394
18785,2037,6390
18785,2038,6359
18785,2039,6345
18785,2040,6315
18785,2041,6311
18785,2042,6282
18860,2005,11133
18860,2006,10787
18860,2007,10468
18860,2008,10119
18860,2009,9795
18860,2010,9475
18860,2011,9168
18860,2012,8822
18860,2013,8522
18860,2014,8202
18860,2015,7859
18860,2016,7521
18860,2017,7163
18860,2018,6873
18860,2019,6932
18860,2020,7012
18860,2021,7054
18860,2022,7085
18860,2023,7125
18860,2024,7156
18860,2025,7163
18860,2026,7215
18860,2027,7226
18860,2028,7250
18860,2029,7273
18860,2030,7274
18860,2031,7305
18860,2032,7301
18860,2033,7325
18860,2034,7321
18860,2035,7340
18860,2036,7334
18860,2037,7361
18860,2038,7353
18860,2039,7352
18860,2040,7351
18860,2041,7374
18860,2042,7373
19001,2005,272261
19001,2006,276137
19001,2007,276645
19001,2008,282115
19001,2009,285751
19001,2010,289412
19001,2011,292988
19001,2012,296431
19001,2013,299819
19001,2014,303267
19001,2015,306782
19001,2016,310409
19001,2017,314054
19001,2018,318055
19001,2019,324594
19001,2020,331304
19001,2021,336438
19001,2022,340713
19001,2023,344359
19001,2024,348444
19001,2025,352150
19001,2026,355347
19001,2027,358356
19001,2028,361197
19001,2029,363903
19001,2030,366440
19001,2031,368829
19001,2032,371081
19001,2033,373172
19001,2034,375126
19001,2035,376922
19001,2036,378550
19001,2037,380032
19001,2038,381357
19001,2039,382521
19001,2040,383509
19001,2041,384371
19001,2042,385036
19022,2005,18996
19022,2006,18964
19022,2007,19049
19022,2008,18932
19022,2009,18853
19022,2010,18778
19022,2011,18741
19022,2012,18673
19022,2013,18610
19022,2014,18557
19022,2015,18521
19022,2016,18490
19022,2017,18430
19022,2018,18448
19022,2019,18460
19022,2020,18483
19022,2021,18472
19022,2022,18469
19022,2023,18431
19022,2024,18432
19022,2025,18398
19022,2026,18376
19022,2027,18350
19022,2028,18309
19022,2029,18268
19022,2030,18213
19022,2031,18174
19022,2032,18116
19022,2033,18036
19022,2034,17974
19022,2035,17901
19022,2036,17817
19022,2037,17744
19022,2038,17653
19022,2039,17553
19022,2040,17446
19022,2041,17327
19022,2042,17250
19050,2005,22832
19050,2006,23079
19050,2007,23479
19050,2008,23633
19050,2009,23866
19050,2010,24121
19050,2011,24388
19050,2012,24639
19050,2013,24865
19050,2014,25095
19050,2015,25327
19050,2016,25582
19050,2017,25905
19050,2018,26140
19050,2019,26389
19050,2020,26619
19050,2021,26838
19050,2022,27075
19050,2023,27251
19050,2024,27464
19050,2025,27672
19050,2026,27853
19050,2027,28023
19050,2028,28194
19050,2029,28378
19050,2030,28541
19050,2031,28667
19050,2032,28809
19050,2033,28947
19050,2034,29051
19050,2035,29160
19050,2036,29278
19050,2037,29362
19050,2038,29474
19050,2039,29560
19050,2040,29645
19050,2041,29718
19050,2042,29772
19075,2005,19812
19075,2006,19927
19075,2007,20099
19075,2008,20125
19075,2009,20223
19075,2010,20329
19075,2011,20438
19075,2012,20532
19075,2013,20621
19075,2014,20682
19075,2015,20740
19075,2016,20851
19075,2017,21010
19075,2018,21116
19075,2019,21302
19075,2020,21493
19075,2021,21686
19075,2022,21848
19075,2023,22043
19075,2024,22220
19075,2025,22405
19075,2026,22556
19075,2027,22719
19075,2028,22874
19075,2029,23022
19075,2030,23151
19075,2031,23282
19075,2032,23399
19075,2033,23520
19075,2034,23618
19075,2035,23726
19075,2036,23800
19075,2037,23887
19075,2038,23968
19075,2039,24045
19075,2040,24116
19075,2041,24182
19075,2042,24241
19100,2005,45960
19100,2006,45332
19100,2007,44982
19100,2008,44143
19100,2009,43514
19100,2010,42888
19100,2011,42244
19100,2012,41631
19100,2013,41005
19100,2014,40312
19100,2015,39708
19100,2016,39164
19100,2017,38657
19100,2018,38044
19100,2019,38082
19100,2020,38114
19100,2021,38129
19100,2022,38084
19100,2023,38038
19100,2024,38005
19100,2025,37978
19100,2026,37932
19100,2027,37855
19100,2028,37770
19100,2029,37688
19100,2030,37592
19100,2031,37481
19100,2032,37380
19100,2033,37234
19100,2034,37096
19100,2035,36949
19100,2036,36785
19100,2037,36649
19100,2038,36451
19100,2039,36252
19100,2040,36054
19100,2041,35831
19100,2042,35623
19110,2005,25315
19110,2006,25820
19110,2007,26545
19110,2008,26861
19110,2009,27320
19110,2010,27779
19110,2011,28245
19110,2012,28705
19110,2013,29181
19110,2014,29560
19110,2015,30022
19110,2016,30550
19110,2017,30992
19110,2018,31434
19110,2019,31732
19110,2020,32032
19110,2021,32376
19110,2022,32616
19110,2023,32773
19110,2024,33003
19110,2025,33182
19110,2026,33342
19110,2027,33462
19110,2028,33589
19110,2029,33705
19110,2030,33788
19110,2031,33852
19110,2032,33913
19110,2033,33955
19110,2034,33995
19110,2035,34017
19110,2036,34011
19110,2037,34021
19110,2038,33994
19110,2039,33957
19110,2040,33903
19110,2041,33824
19110,2042,33741
19130,2005,40055
19130,2006,40206
19130,2007,40675
19130,2008,40569
19130,2009,40712
19130,2010,40840
19130,2011,41002
19130,2012,41109
19130,2013,41258
19130,2014,41384
19130,2015,41535
19130,2016,41704
19130,2017,41879
19130,2018,42018
19130,2019,42670
19130,2020,43314
19130,2021,43965
19130,2022,44577
19130,2023,45170
19130,2024,45786
19130,2025,46390
19130,2026,46986
19130,2027,47552
19130,2028,48108
19130,2029,48650
19130,2030,49184
19130,2031,49692
19130,2032,50238
19130,2033,50730
19130,2034,51220
19130,2035,51710
19130,2036,52176
19130,2037,52648
19130,2038,53088
19130,2039,53536
19130,2040,53959
19130,2041,54382
19130,2042,54801
19137,2005,30104
19137,2006,30913
19137,2007,31908
19137,2008,32531
19137,2009,33307
19137,2010,34016
19137,2011,34742
19137,2012,35504
19137,2013,36254
19137,2014,36992
19137,2015,37730
19137,2016,38483
19137,2017,39247
19137,2018,39948
19137,2019,40637
19137,2020,41365
19137,2021,42136
19137,2022,42776
19137,2023,43351
19137,2024,43991
19137,2025,44587
19137,2026,45131
19137,2027,45682
19137,2028,46193
19137,2029,46714
19137,2030,47203
19137,2031,47682
19137,2032,48155
19137,2033,48599
19137,2034,49041
19137,2035,49467
19137,2036,49871
19137,2037,50242
19137,2038,50595
19137,2039,50941
19137,2040,51264
19137,2041,51564
19137,2042,51834
19142,2005,43242
19142,2006,43837
19142,2007,21151
19142,2008,21907
19142,2009,22789
19142,2010,23661
19142,2011,24512
19142,2012,25356
19142,2013,26144
19142,2014,26898
19142,2015,27687
19142,2016,28515
19142,2017,29337
19142,2018,30185
19142,2019,30344
19142,2020,30550
19142,2021,30754
19142,2022,30867
19142,2023,30947
19142,2024,31061
19142,2025,31162
19142,2026,31197
19142,2027,31235
19142,2028,31279
19142,2029,31303
19142,2030,31299
19142,2031,31295
19142,2032,31268
19142,2033,31233
19142,2034,31205
19142,2035,31139
19142,2036,31076
19142,2037,30982
19142,2038,30902
19142,2039,30777
19142,2040,30660
19142,2041,30523
19142,2042,30357
19212,2005,24021
19212,2006,24128
19212,2007,24151
19212,2008,24316
19212,2009,24384
19212,2010,24475
19212,2011,24573
19212,2012,24663
19212,2013,24727
19212,2014,24854
19212,2015,24914
19212,2016,25067
19212,2017,25065
19212,2018,25292
19212,2019,25684
19212,2020,26106
19212,2021,26439
19212,2022,26708
19212,2023,26903
19212,2024,27157
19212,2025,27349
19212,2026,27500
19212,2027,27638
19212,2028,27759
19212,2029,27858
19212,2030,27944
19212,2031,28010
19212,2032,28067
19212,2033,28127
19212,2034,28151
19212,2035,28151
19212,2036,28165
19212,2037,28124
19212,2038,28089
19212,2039,28053
19212,2040,27978
19212,2041,27903
19212,2042,27791
19256,2005,51288
19256,2006,51509
19256,2007,52057
19256,2008,52006
19256,2009,52164
19256,2010,52342
19256,2011,52520
19256,2012,52675
19256,2013,52831
19256,2014,53007
19256,2015,53211
19256,2016,53446
19256,2017,53625
19256,2018,53895
19256,2019,54544
19256,2020,55195
19256,2021,55847
19256,2022,56427
19256,2023,56993
19256,2024,57546
19256,2025,58071
19256,2026,58555
19256,2027,59052
19256,2028,59487
19256,2029,59929
19256,2030,60351
19256,2031,60738
19256,2032,61110
19256,2033,61455
19256,2034,61776
19256,2035,62087
19256,2036,62365
19256,2037,62641
19256,2038,62891
19256,2039,63128
19256,2040,63339
19256,2041,63519
19256,2042,63714
19290,2005,5617
19290,2006,5543
19290,2007,5586
19290,2008,5541
19290,2009,5543
19290,2010,5478
19290,2011,5425
19290,2012,5379
19290,2013,5326
19290,2014,5245
19290,2015,5236
19290,2016,5223
19290,2017,5176
19290,2018,5202
19290,2019,5222
19290,2020,5224
19290,2021,5214
19290,2022,5213
19290,2023,5195
19290,2024,5213
19290,2025,5194
19290,2026,5181
19290,2027,5182
19290,2028,5164
19290,2029,5165
19290,2030,5151
19290,2031,5137
19290,2032,5107
19290,2033,5084
19290,2034,5083
19290,2035,5066
19290,2036,5035
19290,2037,5008
19290,2038,5005
19290,2039,4951
19290,2040,4937
19290,2041,4921
19290,2042,4894
19300,2005,0
19300,2006,0
19300,2007,23637
19300,2008,23254
19300,2009,22871
19300,2010,22493
19300,2011,22143
19300,2012,21735
19300,2013,21390
19300,2014,21012
19300,2015,20627
19300,2016,20287
19300,2017,19934
19300,2018,19655
19300,2019,19821
19300,2020,19966
19300,2021,20095
19300,2022,20195
19300,2023,20233
19300,2024,20320
19300,2025,20381
19300,2026,20437
19300,2027,20426
19300,2028,20444
19300,2029,20478
19300,2030,20485
19300,2031,20469
19300,2032,20444
19300,2033,20431
19300,2034,20395
19300,2035,20366
19300,2036,20326
19300,2037,20271
19300,2038,20190
19300,2039,20131
19300,2040,20055
19300,2041,19957
19300,2042,19874
19318,2005,27396
19318,2006,27430
19318,2007,27395
19318,2008,27423
19318,2009,27434
19318,2010,27464
19318,2011,27443
19318,2012,27475
19318,2013,27469
19318,2014,27476
19318,2015,27470
19318,2016,27505
19318,2017,27525
19318,2018,27620
19318,2019,27898
19318,2020,28207
19318,2021,28484
19318,2022,28736
19318,2023,28979
19318,2024,29275
19318,2025,29530
19318,2026,29766
19318,2027,30011
19318,2028,30228
19318,2029,30430
19318,2030,30639
19318,2031,30825
19318,2032,31006
19318,2033,31164
19318,2034,31304
19318,2035,31423
19318,2036,31551
19318,2037,31671
19318,2038,31786
19318,2039,31893
19318,2040,31977
19318,2041,32072
19318,2042,32141
19355,2005,24098
19355,2006,24474
19355,2007,25075
19355,2008,25315
19355,2009,25696
19355,2010,26030
19355,2011,26372
19355,2012,26721
19355,2013,27089
19355,2014,27468
19355,2015,27801
19355,2016,28150
19355,2017,28509
19355,2018,28879
19355,2019,28950
19355,2020,29047
19355,2021,29144
19355,2022,29181
19355,2023,29161
19355,2024,29139
19355,2025,29134
19355,2026,29058
19355,2027,28992
19355,2028,28873
19355,2029,28762
19355,2030,28656
19355,2031,28566
19355,2032,28416
19355,2033,28286
19355,2034,28122
19355,2035,27950
19355,2036,27777
19355,2037,27587
19355,2038,27381
19355,2039,27180
19355,2040,26954
19355,2041,26711
19355,2042,26467
19364,2005,13246
19364,2006,13626
19364,2007,14008
19364,2008,14349
19364,2009,14674
19364,2010,15042
19364,2011,15407
19364,2012,15772
19364,2013,16119
19364,2014,16470
19364,2015,16820
19364,2016,17154
19364,2017,17524
19364,2018,17856
19364,2019,18074
19364,2020,18307
19364,2021,18591
19364,2022,18790
19364,2023,18963
19364,2024,19163
19364,2025,19319
19364,2026,19492
19364,2027,19632
19364,2028,19765
19364,2029,19900
19364,2030,20007
19364,2031,20134
19364,2032,20244
19364,2033,20337
19364,2034,20444
19364,2035,20525
19364,2036,20589
19364,2037,20656
19364,2038,20712
19364,2039,20755
19364,2040,20803
19364,2041,20826
19364,2042,20839
19392,2005,11752
19392,2006,11688
19392,2007,11621
19392,2008,11525
19392,2009,11433
19392,2010,11325
19392,2011,11199
19392,2012,11138
19392,2013,11051
19392,2014,10981
19392,2015,10936
19392,2016,10832
19392,2017,10807
19392,2018,10744
19392,2019,10822
19392,2020,10934
19392,2021,11033
19392,2022,11122
19392,2023,11198
19392,2024,11305
19392,2025,11382
19392,2026,11466
19392,2027,11543
19392,2028,11601
19392,2029,11678
19392,2030,11745
19392,2031,11797
19392,2032,11870
19392,2033,11913
19392,2034,11969
19392,2035,12017
19392,2036,12070
19392,2037,12113
19392,2038,12163
19392,2039,12188
19392,2040,12220
19392,2041,12262
19392,2042,12288
19397,2005,22678
19397,2006,22805
19397,2007,23126
19397,2008,23139
19397,2009,23250
19397,2010,23396
19397,2011,23532
19397,2012,23679
19397,2013,23804
19397,2014,23916
19397,2015,24122
19397,2016,24218
19397,2017,24365
19397,2018,24500
19397,2019,24495
19397,2020,24498
19397,2021,24513
19397,2022,24484
19397,2023,24447
19397,2024,24423
19397,2025,24396
19397,2026,24376
19397,2027,24332
19397,2028,24282
19397,2029,24230
19397,2030,24166
19397,2031,24095
19397,2032,24021
19397,2033,23940
19397,2034,23853
19397,2035,23752
19397,2036,23647
19397,2037,23533
19397,2038,23448
19397,2039,23314
19397,2040,23172
19397,2041,23042
19397,2042,22888
19418,2005,16940
19418,2006,17064
19418,2007,17308
19418,2008,17390
19418,2009,17466
19418,2010,17592
19418,2011,17706
19418,2012,17824
19418,2013,17934
19418,2014,18049
19418,2015,18172
19418,2016,18282
19418,2017,18431
19418,2018,18587
19418,2019,18744
19418,2020,18889
19418,2021,19047
19418,2022,19198
19418,2023,19325
19418,2024,19491
19418,2025,19624
19418,2026,19757
19418,2027,19890
19418,2028,20018
19418,2029,20142
19418,2030,20251
19418,2031,20349
19418,2032,20449
19418,2033,20544
19418,2034,20635
19418,2035,20740
19418,2036,20793
19418,2037,20862
19418,2038,20927
19418,2039,21010
19418,2040,21060
19418,2041,21104
19418,2042,21174
19450,2005,19998
19450,2006,20183
19450,2007,20484
19450,2008,20658
19450,2009,20849
19450,2010,21061
19450,2011,21297
19450,2012,21499
19450,2013,21683
19450,2014,21863
19450,2015,21984
19450,2016,22225
19450,2017,22408
19450,2018,22674
19450,2019,23195
19450,2020,23743
19450,2021,24261
19450,2022,24741
19450,2023,25249
19450,2024,25765
19450,2025,26270
19450,2026,26766
19450,2027,27261
19450,2028,27758
19450,2029,28264
19450,2030,28767
19450,2031,29268
19450,2032,29774
19450,2033,30282
19450,2034,30774
19450,2035,31268
19450,2036,31767
19450,2037,32261
19450,2038,32740
19450,2039,33230
19450,2040,33718
19450,2041,34195
19450,2042,34678
19455,2005,27992
19455,2006,28280
19455,2007,28422
19455,2008,28758
19455,2009,29025
19455,2010,29287
19455,2011,29538
19455,2012,29776
19455,2013,30029
19455,2014,30244
19455,2015,30514
19455,2016,30855
19455,2017,30995
19455,2018,31363
19455,2019,31661
19455,2020,31969
19455,2021,32193
19455,2022,32343
19455,2023,32449
19455,2024,32570
19455,2025,32681
19455,2026,32700
19455,2027,32767
19455,2028,32814
19455,2029,32814
19455,2030,32824
19455,2031,32819
19455,2032,32791
19455,2033,32772
19455,2034,32714
19455,2035,32665
19455,2036,32575
19455,2037,32490
19455,2038,32385
19455,2039,32261
19455,2040,32152
19455,2041,31996
19455,2042,31849
19473,2005,29691
19473,2006,30447
19473,2007,31375
19473,2008,31926
19473,2009,32637
19473,2010,33350
19473,2011,34027
19473,2012,34677
19473,2013,35374
19473,2014,36074
19473,2015,36761
19473,2016,37470
19473,2017,38181
19473,2018,38836
19473,2019,39859
19473,2020,40912
19473,2021,41937
19473,2022,42853
19473,2023,43668
19473,2024,44523
19473,2025,45325
19473,2026,46001
19473,2027,46651
19473,2028,47275
19473,2029,47827
19473,2030,48373
19473,2031,48865
19473,2032,49311
19473,2033,49707
19473,2034,50070
19473,2035,50370
19473,2036,50639
19473,2037,50867
19473,2038,51031
19473,2039,51189
19473,2040,51268
19473,2041,51332
19473,2042,51344
19513,2005,9836
19513,2006,9850
19513,2007,9784
19513,2008,9848
19513,2009,9825
19513,2010,9857
19513,2011,9850
19513,2012,9836
19513,2013,9830
19513,2014,9830
19513,2015,9838
19513,2016,9828
19513,2017,9877
19513,2018,9942
19513,2019,10069
19513,2020,10210
19513,2021,10313
19513,2022,10383
19513,2023,10466
19513,2024,10541
19513,2025,10584
19513,2026,10622
19513,2027,10682
19513,2028,10687
19513,2029,10719
19513,2030,10733
19513,2031,10763
19513,2032,10761
19513,2033,10755
19513,2034,10767
19513,2035,10755
19513,2036,10754
19513,2037,10719
19513,2038,10706
19513,2039,10690
19513,2040,10651
19513,2041,10599
19513,2042,10564
19517,2005,32617
19517,2006,33715
19517,2007,34958
19517,2008,35871
19517,2009,36873
19517,2010,37885
19517,2011,38890
19517,2012,39861
19517,2013,40838
19517,2014,41818
19517,2015,42806
19517,2016,43795
19517,2017,44784
19517,2018,45781
19517,2019,46971
19517,2020,48174
19517,2021,49336
19517,2022,50407
19517,2023,51411
19517,2024,52403
19517,2025,53393
19517,2026,54283
19517,2027,55135
19517,2028,55936
19517,2029,56708
19517,2030,57408
19517,2031,58097
19517,2032,58731
19517,2033,59334
19517,2034,59898
19517,2035,60408
19517,2036,60902
19517,2037,61337
19517,2038,61739
19517,2039,62125
19517,2040,62459
19517,2041,62767
19517,2042,63050
19532,2005,36320
19532,2006,36359
19532,2007,36431
19532,2008,36439
19532,2009,36485
19532,2010,36477
19532,2011,36525
19532,2012,36579
19532,2013,36581
19532,2014,36646
19532,2015,36694
19532,2016,36653
19532,2017,36716
19532,2018,36852
19532,2019,37225
19532,2020,37616
19532,2021,37965
19532,2022,38285
19532,2023,38560
19532,2024,38915
19532,2025,39198
19532,2026,39457
19532,2027,39702
19532,2028,39935
19532,2029,40163
19532,2030,40364
19532,2031,40532
19532,2032,40714
19532,2033,40873
19532,2034,41009
19532,2035,41129
19532,2036,41241
19532,2037,41341
19532,2038,41419
19532,2039,41499
19532,2040,41556
19532,2041,41616
19532,2042,41656
19533,2005,5769
19533,2006,5966
19533,2007,6239
19533,2008,6481
19533,2009,6708
19533,2010,6928
19533,2011,7178
19533,2012,7401
19533,2013,7629
19533,2014,7851
19533,2015,8104
19533,2016,8312
19533,2017,8519
19533,2018,8817
19533,2019,8967
19533,2020,9126
19533,2021,9284
19533,2022,9431
19533,2023,9579
19533,2024,9705
19533,2025,9839
19533,2026,9967
19533,2027,10104
19533,2028,10219
19533,2029,10331
19533,2030,10453
19533,2031,10561
19533,2032,10664
19533,2033,10762
19533,2034,10856
19533,2035,10948
19533,2036,11032
19533,2037,11116
19533,2038,11189
19533,2039,11267
19533,2040,11347
19533,2041,11408
19533,2042,11466
19548,2005,35114
19548,2006,35591
19548,2007,36065
19548,2008,36505
19548,2009,36924
19548,2010,37360
19548,2011,37781
19548,2012,38223
19548,2013,38635
19548,2014,39070
19548,2015,39517
19548,2016,39927
19548,2017,40406
19548,2018,40804
19548,2019,41239
19548,2020,41657
19548,2021,42026
19548,2022,42281
19548,2023,42466
19548,2024,42676
19548,2025,42857
19548,2026,42986
19548,2027,43060
19548,2028,43147
19548,2029,43211
19548,2030,43247
19548,2031,43285
19548,2032,43278
19548,2033,43278
19548,2034,43233
19548,2035,43190
19548,2036,43113
19548,2037,43038
19548,2038,42932
19548,2039,42776
19548,2040,42657
19548,2041,42501
19548,2042,42317
19573,2005,40354
19573,2006,40465
19573,2007,40097
19573,2008,40499
19573,2009,40595
19573,2010,40728
19573,2011,40831
19573,2012,40888
19573,2013,41057
19573,2014,41097
19573,2015,41140
19573,2016,41209
19573,2017,41357
19573,2018,41616
19573,2019,42120
19573,2020,42617
19573,2021,42951
19573,2022,43146
19573,2023,43275
19573,2024,43471
19573,2025,43622
19573,2026,43709
19573,2027,43779
19573,2028,43815
19573,2029,43859
19573,2030,43843
19573,2031,43843
19573,2032,43813
19573,2033,43764
19573,2034,43707
19573,2035,43598
19573,2036,43505
19573,2037,43394
19573,2038,43261
19573,2039,43114
19573,2040,42946
19573,2041,42727
19573,2042,42540
19585,2005,13914
19585,2006,14196
19585,2007,14544
19585,2008,14746
19585,2009,15027
19585,2010,15256
19585,2011,15510
19585,2012,15771
19585,2013,15988
19585,2014,16230
19585,2015,16498
19585,2016,16756
19585,2017,17027
19585,2018,17268
19585,2019,17427
19585,2020,17595
19585,2021,17753
19585,2022,17869
19585,2023,17958
19585,2024,18062
19585,2025,18144
19585,2026,18221
19585,2027,18268
19585,2028,18335
19585,2029,18361
19585,2030,18414
19585,2031,18427
19585,2032,18464
19585,2033,18466
19585,2034,18460
19585,2035,18461
19585,2036,18460
19585,2037,18446
19585,2038,18397
19585,2039,18367
19585,2040,18307
19585,2041,18271
19585,2042,18219
19622,2005,11256
19622,2006,11266
19622,2007,11387
19622,2008,11337
19622,2009,11358
19622,2010,11322
19622,2011,11346
19622,2012,11409
19622,2013,11452
19622,2014,11418
19622,2015,11414
19622,2016,11393
19622,2017,11409
19622,2018,11475
19622,2019,11572
19622,2020,11665
19622,2021,11754
19622,2022,11842
19622,2023,11917
19622,2024,12028
19622,2025,12121
19622,2026,12211
19622,2027,12301
19622,2028,12358
19622,2029,12433
19622,2030,12495
19622,2031,12562
19622,2032,12625
19622,2033,12676
19622,2034,12741
19622,2035,12802
19622,2036,12845
19622,2037,12891
19622,2038,12919
19622,2039,12957
19622,2040,13006
19622,2041,13039
19622,2042,13059
19693,2005,10183
19693,2006,10226
19693,2007,10384
19693,2008,10389
19693,2009,10448
19693,2010,10520
19693,2011,10577
19693,2012,10624
19693,2013,10667
19693,2014,10698
19693,2015,10763
19693,2016,10819
19693,2017,10868
19693,2018,10947
19693,2019,10925
19693,2020,10913
19693,2021,10900
19693,2022,10857
19693,2023,10850
19693,2024,10813
19693,2025,10815
19693,2026,10784
19693,2027,10770
19693,2028,10745
19693,2029,10723
19693,2030,10693
19693,2031,10671
19693,2032,10641
19693,2033,10601
19693,2034,10568
19693,2035,10525
19693,2036,10481
19693,2037,10431
19693,2038,10357
19693,2039,10314
19693,2040,10259
19693,2041,10197
19693,2042,10123
19698,2005,94742
19698,2006,96065
19698,2007,97115
19698,2008,98428
19698,2009,99650
19698,2010,100867
19698,2011,102064
19698,2012,103205
19698,2013,104375
19698,2014,105525
19698,2015,106712
19698,2016,107906
19698,2017,109215
19698,2018,110465
19698,2019,113322
19698,2020,116253
19698,2021,118996
19698,2022,121459
19698,2023,123743
19698,2024,126198
19698,2025,128547
19698,2026,130768
19698,2027,132946
19698,2028,135093
19698,2029,137219
19698,2030,139325
19698,2031,141376
19698,2032,143408
19698,2033,145405
19698,2034,147384
19698,2035,149296
19698,2036,151177
19698,2037,153010
19698,2038,154801
19698,2039,156543
19698,2040,158226
19698,2041,159833
19698,2042,161415
19701,2005,6004
19701,2006,5978
19701,2007,5940
19701,2008,5850
19701,2009,5802
19701,2010,5735
19701,2011,5709
19701,2012,5632
19701,2013,5570
19701,2014,5510
19701,2015,5490
19701,2016,5431
19701,2017,5390
19701,2018,5326
19701,2019,5327
19701,2020,5328
19701,2021,5339
19701,2022,5345
19701,2023,5349
19701,2024,5328
19701,2025,5326
19701,2026,5310
19701,2027,5288
19701,2028,5291
19701,2029,5276
19701,2030,5271
19701,2031,5255
19701,2032,5225
19701,2033,5218
19701,2034,5198
19701,2035,5165
19701,2036,5157
19701,2037,5142
19701,2038,5114
19701,2039,5093
19701,2040,5052
19701,2041,5020
19701,2042,4994
19743,2005,28621
19743,2006,29326
19743,2007,30210
19743,2008,30779
19743,2009,31435
19743,2010,32104
19743,2011,32774
19743,2012,33432
19743,2013,34055
19743,2014,34698
19743,2015,35280
19743,2016,35948
19743,2017,36670
19743,2018,37339
19743,2019,37808
19743,2020,38291
19743,2021,38786
19743,2022,39172
19743,2023,39515
19743,2024,39887
19743,2025,40219
19743,2026,40504
19743,2027,40743
19743,2028,40994
19743,2029,41232
19743,2030,41469
19743,2031,41660
19743,2032,41834
19743,2033,42024
19743,2034,42185
19743,2035,42294
19743,2036,42423
19743,2037,42525
19743,2038,42592
19743,2039,42642
19743,2040,42697
19743,2041,42707
19743,2042,42713
19760,2005,11908
19760,2006,12078
19760,2007,12312
19760,2008,12406
19760,2009,12549
19760,2010,12697
19760,2011,12829
19760,2012,13017
19760,2013,13137
19760,2014,13299
19760,2015,13430
19760,2016,13607
19760,2017,13736
19760,2018,13940
19760,2019,14048
19760,2020,14159
19760,2021,14276
19760,2022,14376
19760,2023,14492
19760,2024,14596
19760,2025,14713
19760,2026,14806
19760,2027,14890
19760,2028,14992
19760,2029,15084
19760,2030,15153
19760,2031,15244
19760,2032,15303
19760,2033,15379
19760,2034,15435
19760,2035,15494
19760,2036,15542
19760,2037,15602
19760,2038,15657
19760,2039,15717
19760,2040,15761
19760,2041,15783
19760,2042,15832
19780,2005,27515
19780,2006,27874
19780,2007,28325
19780,2008,28597
19780,2009,28931
19780,2010,29267
19780,2011,29571
19780,2012,29899
19780,2013,30211
19780,2014,30581
19780,2015,30900
19780,2016,31209
19780,2017,31587
19780,2018,31905
19780,2019,32868
19780,2020,33841
19780,2021,34762
19780,2022,35625
19780,2023,36370
19780,2024,37158
19780,2025,37875
19780,2026,38524
19780,2027,39140
19780,2028,39731
19780,2029,40256
19780,2030,40758
19780,2031,41200
19780,2032,41646
19780,2033,42015
19780,2034,42364
19780,2035,42679
19780,2036,42928
19780,2037,43168
19780,2038,43340
19780,2039,43501
19780,2040,43604
19780,2041,43684
19780,2042,43726
19785,2005,9858
19785,2006,9817
19785,2007,9848
19785,2008,9780
19785,2009,9761
19785,2010,9725
19785,2011,9665
19785,2012,9645
19785,2013,9611
19785,2014,9594
19785,2015,9570
19785,2016,9496
19785,2017,9487
19785,2018,9488
19785,2019,9532
19785,2020,9597
19785,2021,9648
19785,2022,9686
19785,2023,9729
19785,2024,9756
19785,2025,9809
19785,2026,9826
19785,2027,9842
19785,2028,9863
19785,2029,9859
19785,2030,9868
19785,2031,9877
19785,2032,9879
19785,2033,9888
19785,2034,9884
19785,2035,9870
19785,2036,9863
19785,2037,9857
19785,2038,9828
19785,2039,9820
19785,2040,9798
19785,2041,9757
19785,2042,9736
19807,2005,32946
19807,2006,33171
19807,2007,33370
19807,2008,33558
19807,2009,33747
19807,2010,33942
19807,2011,34108
19807,2012,34335
19807,2013,34430
19807,2014,34704
19807,2015,34868
19807,2016,35004
19807,2017,35164
19807,2018,35476
19807,2019,36017
19807,2020,36570
19807,2021,37084
19807,2022,37584
19807,2023,38080
19807,2024,38572
19807,2025,39064
19807,2026,39534
19807,2027,39985
19807,2028,40423
19807,2029,40847
19807,2030,41251
19807,2031,41651
19807,2032,42016
19807,2033,42372
19807,2034,42733
19807,2035,43057
19807,2036,43382
19807,2037,43691
19807,2038,44000
19807,2039,44293
19807,2040,44578
19807,2041,44855
19807,2042,45128
19809,2005,22379
19809,2006,22692
19809,2007,23019
19809,2008,23311
19809,2009,23605
19809,2010,23869
19809,2011,24147
19809,2012,24405
19809,2013,24685
19809,2014,24962
19809,2015,25195
19809,2016,25491
19809,2017,25797
19809,2018,26100
19809,2019,26614
19809,2020,27110
19809,2021,27569
19809,2022,28045
19809,2023,28538
19809,2024,29010
19809,2025,29477
19809,2026,29935
19809,2027,30398
19809,2028,30839
19809,2029,31281
19809,2030,31721
19809,2031,32159
19809,2032,32561
19809,2033,32976
19809,2034,33385
19809,2035,33792
19809,2036,34210
19809,2037,34582
19809,2038,34970
19809,2039,35335
19809,2040,35716
19809,2041,36094
19809,2042,36457
19821,2005,23093
19821,2006,24096
19821,2007,25212
19821,2008,26113
19821,2009,27051
19821,2010,28017
19821,2011,28927
19821,2012,29771
19821,2013,30653
19821,2014,31565
19821,2015,32478
19821,2016,33386
19821,2017,34322
19821,2018,35216
19821,2019,35925
19821,2020,36634
19821,2021,37381
19821,2022,38057
19821,2023,38643
19821,2024,39282
19821,2025,39914
19821,2026,40488
19821,2027,41055
19821,2028,41607
19821,2029,42158
19821,2030,42693
19821,2031,43229
19821,2032,43741
19821,2033,44248
19821,2034,44713
19821,2035,45210
19821,2036,45673
19821,2037,46118
19821,2038,46532
19821,2039,46940
19821,2040,47331
19821,2041,47701
19821,2042,48061
19824,2005,18249
19824,2006,18753
19824,2007,19396
19824,2008,19802
19824,2009,20285
19824,2010,20771
19824,2011,21230
19824,2012,21720
19824,2013,22233
19824,2014,22677
19824,2015,23159
19824,2016,23624
19824,2017,24094
19824,2018,24554
19824,2019,25005
19824,2020,25494
19824,2021,25989
19824,2022,26379
19824,2023,26712
19824,2024,27100
19824,2025,27422
19824,2026,27710
19824,2027,27964
19824,2028,28198
19824,2029,28422
19824,2030,28621
19824,2031,28803
19824,2032,28968
19824,2033,29102
19824,2034,29226
19824,2035,29312
19824,2036,29388
19824,2037,29443
19824,2038,29486
19824,2039,29498
19824,2040,29481
19824,2041,29459
19824,2042,29411
19845,2005,17080
19845,2006,17367
19845,2007,17526
19845,2008,17928
19845,2009,18186
19845,2010,18456
19845,2011,18764
19845,2012,19011
19845,2013,19245
19845,2014,19556
19845,2015,19837
19845,2016,20139
19845,2017,20356
19845,2018,20700
19845,2019,21217
19845,2020,21783
19845,2021,22230
19845,2022,22614
19845,2023,22966
19845,2024,23298
19845,2025,23629
19845,2026,23909
19845,2027,24166
19845,2028,24379
19845,2029,24620
19845,2030,24791
19845,2031,24979
19845,2032,25127
19845,2033,25265
19845,2034,25373
19845,2035,25470
19845,2036,25546
19845,2037,25609
19845,2038,25655
19845,2039,25656
19845,2040,25685
19845,2041,25657
19845,2042,25638
20001,2005,377260
20001,2006,386014
20001,2007,394429
20001,2008,402539
20001,2009,410263
20001,2010,417914
20001,2011,425252
20001,2012,432509
20001,2013,439872
20001,2014,447218
20001,2015,454906
20001,2016,463923
20001,2017,474596
20001,2018,490068
20001,2019,512113
20001,2020,536621
20001,2021,555190
20001,2022,570701
20001,2023,585985
20001,2024,601259
20001,2025,615987
20001,2026,629217
20001,2027,642125
20001,2028,654794
20001,2029,667252
20001,2030,679551
20001,2031,691674
20001,2032,703618
20001,2033,715390
20001,2034,726996
20001,2035,738417
20001,2036,749680
20001,2037,760746
20001,2038,771672
20001,2039,782402
20001,2040,792981
20001,2041,803407
20001,2042,813654
20011,2005,84279
20011,2006,86302
20011,2007,88205
20011,2008,89990
20011,2009,91712
20011,2010,93430
20011,2011,95063
20011,2012,96687
20011,2013,98333
20011,2014,99950
20011,2015,101688
20011,2016,103714
20011,2017,106119
20011,2018,109616
20011,2019,114220
20011,2020,119365
20011,2021,123137
20011,2022,126214
20011,2023,129255
20011,2024,132237
20011,2025,135087
20011,2026,137624
20011,2027,140057
20011,2028,142421
20011,2029,144726
20011,2030,146984
20011,2031,149211
20011,2032,151369
20011,2033,153483
20011,2034,155560
20011,2035,157583
20011,2036,159552
20011,2037,161465
20011,2038,163364
20011,2039,165206
20011,2040,166986
20011,2041,168749
20011,2042,170469
20013,2005,51429
20013,2006,52006
20013,2007,52579
20013,2008,53154
20013,2009,53685
20013,2010,54264
20013,2011,54842
20013,2012,55429
20013,2013,56018
20013,2014,56611
20013,2015,57273
20013,2016,58086
20013,2017,59134
20013,2018,60769
20013,2019,62500
20013,2020,64573
20013,2021,65730
20013,2022,66487
20013,2023,67188
20013,2024,67850
20013,2025,68390
20013,2026,68732
20013,2027,69041
20013,2028,69277
20013,2029,69476
20013,2030,69634
20013,2031,69759
20013,2032,69833
20013,2033,69869
20013,2034,69892
20013,2035,69888
20013,2036,69830
20013,2037,69745
20013,2038,69652
20013,2039,69518
20013,2040,69327
20013,2041,69149
20013,2042,68954
20032,2005,17985
20032,2006,17915
20032,2007,17897
20032,2008,17918
20032,2009,18035
20032,2010,18131
20032,2011,18250
20032,2012,18422
20032,2013,18595
20032,2014,18776
20032,2015,18983
20032,2016,19232
20032,2017,19580
20032,2018,20109
20032,2019,20675
20032,2020,21359
20032,2021,21682
20032,2022,21848
20032,2023,22010
20032,2024,22144
20032,2025,22255
20032,2026,22306
20032,2027,22311
20032,2028,22323
20032,2029,22318
20032,2030,22288
20032,2031,22256
20032,2032,22205
20032,2033,22182
20032,2034,22101
20032,2035,22019
20032,2036,21944
20032,2037,21859
20032,2038,21755
20032,2039,21666
20032,2040,21543
20032,2041,21434
20032,2042,21316
20045,2005,17261
20045,2006,17509
20045,2007,17758
20045,2008,18016
20045,2009,18303
20045,2010,18582
20045,2011,18846
20045,2012,19158
20045,2013,19461
20045,2014,19761
20045,2015,20090
20045,2016,20473
20045,2017,20925
20045,2018,21609
20045,2019,22698
20045,2020,23880
20045,2021,24764
20045,2022,25510
20045,2023,26218
20045,2024,26931
20045,2025,27594
20045,2026,28177
20045,2027,28740
20045,2028,29282
20045,2029,29810
20045,2030,30296
20045,2031,30788
20045,2032,31228
20045,2033,31690
20045,2034,32094
20045,2035,32521
20045,2036,32883
20045,2037,33268
20045,2038,33606
20045,2039,33941
20045,2040,34270
20045,2041,34559
20045,2042,34847
20060,2005,31969
20060,2006,32651
20060,2007,33320
20060,2008,33910
20060,2009,34458
20060,2010,34998
20060,2011,35520
20060,2012,35996
20060,2013,36500
20060,2014,36987
20060,2015,37501
20060,2016,38121
20060,2017,38855
20060,2018,40023
20060,2019,41590
20060,2020,43355
20060,2021,44652
20060,2022,45689
20060,2023,46702
20060,2024,47690
20060,2025,48639
20060,2026,49462
20060,2027,50253
20060,2028,50994
20060,2029,51725
20060,2030,52436
20060,2031,53146
20060,2032,53817
20060,2033,54481
20060,2034,55097
20060,2035,55704
20060,2036,56302
20060,2037,56875
20060,2038,57416
20060,2039,57972
20060,2040,58507
20060,2041,58990
20060,2042,59481
20175,2005,28414
20175,2006,28332
20175,2007,28369
20175,2008,28533
20175,2009,28832
20175,2010,29193
20175,2011,29571
20175,2012,30032
20175,2013,30508
20175,2014,31070
20175,2015,31599
20175,2016,32280
20175,2017,33025
20175,2018,34165
20175,2019,35187
20175,2020,36394
20175,2021,36943
20175,2022,37236
20175,2023,37498
20175,2024,37732
20175,2025,37925
20175,2026,37988
20175,2027,38020
20175,2028,38044
20175,2029,38023
20175,2030,37990
20175,2031,37926
20175,2032,37852
20175,2033,37770
20175,2034,37685
20175,2035,37556
20175,2036,37424
20175,2037,37292
20175,2038,37135
20175,2039,36964
20175,2040,36783
20175,2041,36598
20175,2042,36405
20178,2005,22418
20178,2006,22605
20178,2007,22787
20178,2008,23101
20178,2009,23408
20178,2010,23719
20178,2011,24097
20178,2012,24438
20178,2013,24844
20178,2014,25242
20178,2015,25684
20178,2016,26190
20178,2017,26787
20178,2018,27707
20178,2019,28773
20178,2020,29981
20178,2021,30725
20178,2022,31320
20178,2023,31880
20178,2024,32424
20178,2025,32915
20178,2026,33316
20178,2027,33714
20178,2028,34061
20178,2029,34415
20178,2030,34725
20178,2031,35052
20178,2032,35336
20178,2033,35626
20178,2034,35897
20178,2035,36155
20178,2036,36401
20178,2037,36644
20178,2038,36839
20178,2039,37051
20178,2040,37259
20178,2041,37430
20178,2042,37590
20228,2005,31496
20228,2006,31737
20228,2007,32015
20228,2008,32341
20228,2009,32678
20228,2010,32991
20228,2011,33383
20228,2012,33809
20228,2013,34212
20228,2014,34643
20228,2015,35086
20228,2016,35654
20228,2017,36317
20228,2018,37398
20228,2019,38980
20228,2020,40770
20228,2021,41994
20228,2022,42956
20228,2023,43896
20228,2024,44811
20228,2025,45650
20228,2026,46370
20228,2027,47073
20228,2028,47728
20228,2029,48355
20228,2030,48970
20228,2031,49518
20228,2032,50075
20228,2033,50594
20228,2034,51119
20228,2035,51592
20228,2036,52043
20228,2037,52462
20228,2038,52868
20228,2039,53261
20228,2040,53624
20228,2041,53978
20228,2042,54299
20238,2005,26974
20238,2006,27061
20238,2007,27160
20238,2008,27330
20238,2009,27500
20238,2010,27661
20238,2011,27857
20238,2012,28030
20238,2013,28263
20238,2014,28445
20238,2015,28706
20238,2016,29026
20238,2017,29429
20238,2018,30171
20238,2019,31220
20238,2020,32394
20238,2021,33160
20238,2022,33722
20238,2023,34255
20238,2024,34776
20238,2025,35248
20238,2026,35615
20238,2027,35955
20238,2028,36263
20238,2029,36554
20238,2030,36841
20238,2031,37097
20238,2032,37340
20238,2033,37560
20238,2034,37761
20238,2035,37958
20238,2036,38123
20238,2037,38299
20238,2038,38451
20238,2039,38587
20238,2040,38693
20238,2041,38799
20238,2042,38876
20250,2005,27029
20250,2006,27071
20250,2007,27296
20250,2008,27703
20250,2009,28280
20250,2010,28983
20250,2011,29782
20250,2012,30619
20250,2013,31510
20250,2014,32451
20250,2015,33469
20250,2016,34570
20250,2017,35831
20250,2018,37530
20250,2019,39469
20250,2020,41595
20250,2021,42886
20250,2022,43875
20250,2023,44810
20250,2024,45704
20250,2025,46484
20250,2026,47130
20250,2027,47709
20250,2028,48245
20250,2029,48765
20250,2030,49232
20250,2031,49649
20250,2032,50071
20250,2033,50439
20250,2034,50814
20250,2035,51140
20250,2036,51448
20250,2037,51743
20250,2038,52014
20250,2039,52286
20250,2040,52515
20250,2041,52732
20250,2042,52948
20295,2005,12649
20295,2006,12701
20295,2007,12832
20295,2008,12928
20295,2009,13100
20295,2010,13186
20295,2011,13366
20295,2012,13444
20295,2013,13671
20295,2014,13839
20295,2015,13994
20295,2016,14240
20295,2017,14556
20295,2018,14965
20295,2019,15328
20295,2020,15735
20295,2021,15922
20295,2022,15985
20295,2023,16037
20295,2024,16058
20295,2025,16073
20295,2026,16060
20295,2027,16021
20295,2028,15948
20295,2029,15893
20295,2030,15802
20295,2031,15738
20295,2032,15636
20295,2033,15536
20295,2034,15439
20295,2035,15333
20295,2036,15204
20295,2037,15108
20295,2038,14957
20295,2039,14826
20295,2040,14693
20295,2041,14560
20295,2042,14403
20310,2005,5844
20310,2006,5596
20310,2007,5370
20310,2008,5199
20310,2009,5108
20310,2010,4997
20310,2011,4900
20310,2012,4824
20310,2013,4742
20310,2014,4623
20310,2015,4561
20310,2016,4499
20310,2017,4421
20310,2018,4391
20310,2019,4501
20310,2020,4673
20310,2021,4747
20310,2022,4821
20310,2023,4882
20310,2024,4928
20310,2025,5006
20310,2026,5031
20310,2027,5083
20310,2028,5106
20310,2029,5165
20310,2030,5186
20310,2031,5243
20310,2032,5241
20310,2033,5294
20310,2034,5291
20310,2035,5315
20310,2036,5328
20310,2037,5338
20310,2038,5361
20310,2039,5364
20310,2040,5385
20310,2041,5381
20310,2042,5377
20383,2005,13423
20383,2006,13467
20383,2007,13538
20383,2008,13665
20383,2009,13864
20383,2010,14116
20383,2011,14398
20383,2012,14696
20383,2013,14964
20383,2014,15308
20383,2015,15604
20383,2016,16010
20383,2017,16509
20383,2018,17152
20383,2019,17767
20383,2020,18455
20383,2021,18808
20383,2022,19076
20383,2023,19292
20383,2024,19514
20383,2025,19713
20383,2026,19832
20383,2027,19943
20383,2028,20051
20383,2029,20142
20383,2030,20207
20383,2031,20270
20383,2032,20335
20383,2033,20395
20383,2034,20433
20383,2035,20468
20383,2036,20483
20383,2037,20515
20383,2038,20526
20383,2039,20543
20383,2040,20534
20383,2041,20536
20383,2042,20527
20400,2005,33215
20400,2006,34052
20400,2007,34918
20400,2008,35848
20400,2009,36756
20400,2010,37662
20400,2011,38613
20400,2012,39592
20400,2013,40541
20400,2014,41521
20400,2015,42534
20400,2016,43661
20400,2017,44961
20400,2018,46711
20400,2019,49441
20400,2020,52415
20400,2021,54496
20400,2022,56130
20400,2023,57606
20400,2024,58996
20400,2025,60223
20400,2026,61237
20400,2027,62149
20400,2028,62978
20400,2029,63753
20400,2030,64488
20400,2031,65161
20400,2032,65788
20400,2033,66396
20400,2034,66958
20400,2035,67501
20400,2036,67998
20400,2037,68475
20400,2038,68896
20400,2039,69318
20400,2040,69718
20400,2041,70072
20400,2042,70435
20443,2005,7844
20443,2006,8020
20443,2007,8146
20443,2008,8295
20443,2009,8459
20443,2010,8611
20443,2011,8754
20443,2012,8883
20443,2013,9035
20443,2014,9180
20443,2015,9317
20443,2016,9506
20443,2017,9716
20443,2018,10052
20443,2019,10352
20443,2020,10711
20443,2021,10956
20443,2022,11173
20443,2023,11347
20443,2024,11548
20443,2025,11726
20443,2026,11863
20443,2027,12029
20443,2028,12169
20443,2029,12300
20443,2030,12422
20443,2031,12544
20443,2032,12662
20443,2033,12772
20443,2034,12873
20443,2035,12981
20443,2036,13062
20443,2037,13157
20443,2038,13244
20443,2039,13345
20443,2040,13400
20443,2041,13490
20443,2042,13544
20517,2005,15679
20517,2006,15809
20517,2007,16015
20517,2008,16165
20517,2009,16327
20517,2010,16560
20517,2011,16659
20517,2012,16887
20517,2013,17037
20517,2014,17263
20517,2015,17439
20517,2016,17729
20517,2017,18050
20517,2018,18559
20517,2019,19153
20517,2020,19847
20517,2021,20262
20517,2022,20545
20517,2023,20818
20517,2024,21068
20517,2025,21310
20517,2026,21450
20517,2027,21606
20517,2028,21739
20517,2029,21873
20517,2030,21979
20517,2031,22073
20517,2032,22172
20517,2033,22242
20517,2034,22299
20517,2035,22346
20517,2036,22396
20517,2037,22433
20517,2038,22467
20517,2039,22492
20517,2040,22488
20517,2041,22492
20517,2042,22491
20550,2005,16158
20550,2006,16386
20550,2007,16655
20550,2008,16904
20550,2009,17196
20550,2010,17490
20550,2011,17803
20550,2012,18085
20550,2013,18431
20550,2014,18750
20550,2015,19086
20550,2016,19536
20550,2017,20007
20550,2018,20688
20550,2019,21468
20550,2020,22359
20550,2021,22939
20550,2022,23372
20550,2023,23797
20550,2024,24204
20550,2025,24612
20550,2026,24912
20550,2027,25200
20550,2028,25491
20550,2029,25754
20550,2030,26031
20550,2031,26256
20550,2032,26498
20550,2033,26718
20550,2034,26934
20550,2035,27139
20550,2036,27321
20550,2037,27502
20550,2038,27678
20550,2039,27836
20550,2040,27999
20550,2041,28130
20550,2042,28268
20570,2005,20504
20570,2006,20495
20570,2007,20648
20570,2008,20885
20570,2009,21252
20570,2010,21693
20570,2011,22172
20570,2012,22681
20570,2013,23252
20570,2014,23837
20570,2015,24449
20570,2016,25141
20570,2017,25940
20570,2018,27015
20570,2019,28474
20570,2020,30063
20570,2021,31156
20570,2022,32034
20570,2023,32893
20570,2024,33724
20570,2025,34527
20570,2026,35207
20570,2027,35863
20570,2028,36477
20570,2029,37057
20570,2030,37630
20570,2031,38183
20570,2032,38695
20570,2033,39207
20570,2034,39682
20570,2035,40140
20570,2036,40592
20570,2037,41001
20570,2038,41402
20570,2039,41755
20570,2040,42115
20570,2041,42450
20570,2042,42771
20614,2005,14024
20614,2006,14040
20614,2007,14104
20614,2008,14133
20614,2009,14283
20614,2010,14481
20614,2011,14718
20614,2012,14905
20614,2013,15112
20614,2014,15357
20614,2015,15633
20614,2016,15924
20614,2017,16303
20614,2018,16837
20614,2019,17412
20614,2020,18076
20614,2021,18486
20614,2022,18795
20614,2023,19101
20614,2024,19390
20614,2025,19669
20614,2026,19895
20614,2027,20099
20614,2028,20294
20614,2029,20477
20614,2030,20667
20614,2031,20820
20614,2032,20981
20614,2033,21103
20614,2034,21237
20614,2035,21358
20614,2036,21476
20614,2037,21569
20614,2038,21678
20614,2039,21767
20614,2040,21837
20614,2041,21908
20614,2042,21949
20621,2005,22774
20621,2006,22982
20621,2007,23225
20621,2008,23545
20621,2009,23844
20621,2010,24133
20621,2011,24463
20621,2012,24794
20621,2013,25171
20621,2014,25526
20621,2015,25904
20621,2016,26364
20621,2017,26917
20621,2018,27748
20621,2019,28842
20621,2020,30085
20621,2021,30888
20621,2022,31522
20621,2023,32153
20621,2024,32751
20621,2025,33287
20621,2026,33768
20621,2027,34215
20621,2028,34633
20621,2029,35029
20621,2030,35447
20621,2031,35819
20621,2032,36199
20621,2033,36543
20621,2034,36877
20621,2035,37196
20621,2036,37523
20621,2037,37789
20621,2038,38090
20621,2039,38369
20621,2040,38624
20621,2041,38878
20621,2042,39122
20710,2005,20574
20710,2006,20950
20710,2007,21279
20710,2008,21699
20710,2009,22077
20710,2010,22405
20710,2011,22801
20710,2012,23201
20710,2013,23569
20710,2014,23951
20710,2015,24365
20710,2016,24863
20710,2017,25410
20710,2018,26251
20710,2019,27246
20710,2020,28360
20710,2021,29194
20710,2022,29909
20710,2023,30543
20710,2024,31199
20710,2025,31811
20710,2026,32327
20710,2027,32831
20710,2028,33315
20710,2029,33784
20710,2030,34253
20710,2031,34689
20710,2032,35120
20710,2033,35532
20710,2034,35934
20710,2035,36323
20710,2036,36693
20710,2037,37028
20710,2038,37390
20710,2039,37723
20710,2040,38035
20710,2041,38328
20710,2042,38598
20750,2005,16399
20750,2006,16370
20750,2007,16437
20750,2008,16506
20750,2009,16641
20750,2010,16817
20750,2011,16969
20750,2012,17149
20750,2013,17376
20750,2014,17604
20750,2015,17812
20750,2016,18079
20750,2017,18489
20750,2018,19038
20750,2019,19941
20750,2020,20929
20750,2021,21620
20750,2022,22191
20750,2023,22761
20750,2024,23324
20750,2025,23861
20750,2026,24353
20750,2027,24804
20750,2028,25259
20750,2029,25697
20750,2030,26129
20750,2031,26578
20750,2032,27020
20750,2033,27438
20750,2034,27858
20750,2035,28269
20750,2036,28656
20750,2037,29086
20750,2038,29461
20750,2039,29884
20750,2040,30236
20750,2041,30624
20750,2042,31003
20770,2005,20170
20770,2006,20359
20770,2007,20662
20770,2008,20983
20770,2009,21382
20770,2010,21849
20770,2011,22262
20770,2012,22795
20770,2013,23279
20770,2014,23798
20770,2015,24355
20770,2016,24965
20770,2017,25687
20770,2018,26668
20770,2019,28024
20770,2020,29463
20770,2021,30577
20770,2022,31509
20770,2023,32446
20770,2024,33351
20770,2025,34220
20770,2026,34997
20770,2027,35746
20770,2028,36453
20770,2029,37140
20770,2030,37782
20770,2031,38423
20770,2032,39007
20770,2033,39590
20770,2034,40124
20770,2035,40640
20770,2036,41121
20770,2037,41585
20770,2038,42021
20770,2039,42434
20770,2040,42804
20770,2041,43162
20770,2042,43513
20787,2005,12976
20787,2006,12906
20787,2007,12879
20787,2008,12966
20787,2009,13064
20787,2010,13223
20787,2011,13413
20787,2012,13593
20787,2013,13737
20787,2014,14008
20787,2015,14231
20787,2016,14513
20787,2017,14851
20787,2018,15349
20787,2019,15801
20787,2020,16305
20787,2021,16532
20787,2022,16659
20787,2023,16774
20787,2024,16871
20787,2025,16947
20787,2026,16955
20787,2027,16969
20787,2028,16948
20787,2029,16924
20787,2030,16900
20787,2031,16890
20787,2032,16807
20787,2033,16767
20787,2034,16720
20787,2035,16647
20787,2036,16612
20787,2037,16511
20787,2038,16429
20787,2039,16354
20787,2040,16251
20787,2041,16158
20787,2042,16058
23001,2005,419219
23001,2006,425734
23001,2007,432186
23001,2008,434989
23001,2009,440801
23001,2010,446519
23001,2011,452158
23001,2012,457571
23001,2013,462946
23001,2014,468171
23001,2015,473413
23001,2016,478806
23001,2017,484400
23001,2018,490941
23001,2019,503974
23001,2020,517476
23001,2021,529652
23001,2022,541042
23001,2023,552371
23001,2024,563597
23001,2025,574570
23001,2026,585029
23001,2027,595299
23001,2028,605383
23001,2029,615278
23001,2030,624991
23001,2031,634491
23001,2032,643776
23001,2033,652884
23001,2034,661751
23001,2035,670424
23001,2036,678918
23001,2037,687216
23001,2038,695298
23001,2039,703166
23001,2040,710850
23001,2041,718316
23001,2042,725608
23068,2005,47809
23068,2006,47869
23068,2007,47882
23068,2008,47737
23068,2009,47718
23068,2010,47642
23068,2011,47570
23068,2012,47474
23068,2013,47375
23068,2014,47285
23068,2015,47165
23068,2016,47045
23068,2017,47036
23068,2018,46968
23068,2019,47596
23068,2020,48265
23068,2021,48777
23068,2022,49175
23068,2023,49544
23068,2024,49883
23068,2025,50190
23068,2026,50433
23068,2027,50649
23068,2028,50835
23068,2029,51006
23068,2030,51142
23068,2031,51228
23068,2032,51312
23068,2033,51352
23068,2034,51402
23068,2035,51400
23068,2036,51395
23068,2037,51373
23068,2038,51314
23068,2039,51238
23068,2040,51165
23068,2041,51048
23068,2042,50952
23079,2005,18275
23079,2006,18540
23079,2007,18752
23079,2008,19013
23079,2009,19205
23079,2010,19431
23079,2011,19638
23079,2012,19847
23079,2013,20029
23079,2014,20227
23079,2015,20422
23079,2016,20617
23079,2017,20857
23079,2018,21087
23079,2019,21348
23079,2020,21642
23079,2021,21866
23079,2022,22031
23079,2023,22164
23079,2024,22295
23079,2025,22410
23079,2026,22499
23079,2027,22578
23079,2028,22627
23079,2029,22670
23079,2030,22701
23079,2031,22735
23079,2032,22730
23079,2033,22738
23079,2034,22710
23079,2035,22728
23079,2036,22684
23079,2037,22660
23079,2038,22617
23079,2039,22568
23079,2040,22505
23079,2041,22453
23079,2042,22400
23090,2005,14028
23090,2006,14178
23090,2007,14298
23090,2008,14423
23090,2009,14495
23090,2010,14628
23090,2011,14705
23090,2012,14756
23090,2013,14879
23090,2014,14926
23090,2015,14974
23090,2016,15071
23090,2017,15225
23090,2018,15346
23090,2019,15569
23090,2020,15812
23090,2021,15983
23090,2022,16141
23090,2023,16271
23090,2024,16420
23090,2025,16518
23090,2026,16655
23090,2027,16731
23090,2028,16838
23090,2029,16896
23090,2030,16968
23090,2031,17040
23090,2032,17080
23090,2033,17150
23090,2034,17192
23090,2035,17217
23090,2036,17247
23090,2037,17274
23090,2038,17291
23090,2039,17325
23090,2040,17324
23090,2041,17326
23090,2042,17335
23162,2005,90252
23162,2006,91622
23162,2007,92980
23162,2008,93929
23162,2009,95145
23162,2010,96349
23162,2011,97549
23162,2012,98697
23162,2013,99821
23162,2014,100954
23162,2015,102105
23162,2016,103241
23162,2017,104390
23162,2018,105826
23162,2019,108346
23162,2020,110983
23162,2021,113247
23162,2022,115329
23162,2023,117379
23162,2024,119389
23162,2025,121334
23162,2026,123157
23162,2027,124914
23162,2028,126635
23162,2029,128300
23162,2030,129917
23162,2031,131475
23162,2032,133008
23162,2033,134489
23162,2034,135919
23162,2035,137318
23162,2036,138662
23162,2037,139971
23162,2038,141242
23162,2039,142478
23162,2040,143672
23162,2041,144835
23162,2042,145960
23168,2005,14650
23168,2006,14887
23168,2007,15091
23168,2008,15364
23168,2009,15627
23168,2010,15838
23168,2011,16028
23168,2012,16294
23168,2013,16489
23168,2014,16658
23168,2015,16806
23168,2016,17041
23168,2017,17353
23168,2018,17539
23168,2019,17910
23168,2020,18314
23168,2021,18619
23168,2022,18904
23168,2023,19166
23168,2024,19407
23168,2025,19635
23168,2026,19843
23168,2027,20015
23168,2028,20184
23168,2029,20340
23168,2030,20476
23168,2031,20618
23168,2032,20724
23168,2033,20816
23168,2034,20933
23168,2035,21016
23168,2036,21108
23168,2037,21150
23168,2038,21223
23168,2039,21265
23168,2040,21310
23168,2041,21359
23168,2042,21382
23182,2005,42438
23182,2006,42928
23182,2007,43402
23182,2008,43764
23182,2009,44170
23182,2010,44599
23182,2011,45000
23182,2012,45431
23182,2013,45782
23182,2014,46158
23182,2015,46514
23182,2016,46948
23182,2017,47454
23182,2018,47920
23182,2019,48821
23182,2020,49847
23182,2021,50557
23182,2022,51087
23182,2023,51590
23182,2024,52071
23182,2025,52515
23182,2026,52863
23182,2027,53219
23182,2028,53531
23182,2029,53809
23182,2030,54092
23182,2031,54346
23182,2032,54588
23182,2033,54821
23182,2034,55028
23182,2035,55212
23182,2036,55414
23182,2037,55579
23182,2038,55733
23182,2039,55875
23182,2040,56000
23182,2041,56126
23182,2042,56235
23189,2005,52976
23189,2006,53529
23189,2007,54025
23189,2008,54540
23189,2009,54997
23189,2010,55462
23189,2011,55858
23189,2012,56326
23189,2013,56776
23189,2014,57198
23189,2015,57627
23189,2016,58047
23189,2017,58490
23189,2018,59080
23189,2019,59879
23189,2020,60741
23189,2021,61321
23189,2022,61788
23189,2023,62210
23189,2024,62594
23189,2025,62919
23189,2026,63178
23189,2027,63387
23189,2028,63575
23189,2029,63684
23189,2030,63809
23189,2031,63877
23189,2032,63921
23189,2033,63931
23189,2034,63928
23189,2035,63907
23189,2036,63837
23189,2037,63756
23189,2038,63645
23189,2039,63519
23189,2040,63392
23189,2041,63238
23189,2042,63054
23300,2005,19363
23300,2006,19358
23300,2007,19392
23300,2008,19413
23300,2009,19357
23300,2010,19367
23300,2011,19298
23300,2012,19232
23300,2013,19247
23300,2014,19241
23300,2015,19182
23300,2016,19070
23300,2017,19092
23300,2018,19028
23300,2019,19496
23300,2020,19939
23300,2021,20322
23300,2022,20658
23300,2023,21014
23300,2024,21334
23300,2025,21648
23300,2026,21939
23300,2027,22221
23300,2028,22489
23300,2029,22745
23300,2030,22990
23300,2031,23223
23300,2032,23473
23300,2033,23708
23300,2034,23907
23300,2035,24124
23300,2036,24332
23300,2037,24524
23300,2038,24719
23300,2039,24904
23300,2040,25064
23300,2041,25272
23300,2042,25421
23350,2005,16276
23350,2006,16187
23350,2007,16128
23350,2008,15883
23350,2009,15797
23350,2010,15682
23350,2011,15607
23350,2012,15505
23350,2013,15410
23350,2014,15272
23350,2015,15167
23350,2016,15093
23350,2017,14921
23350,2018,14864
23350,2019,15152
23350,2020,15432
23350,2021,15670
23350,2022,15891
23350,2023,16087
23350,2024,16297
23350,2025,16498
23350,2026,16674
23350,2027,16831
23350,2028,16987
23350,2029,17138
23350,2030,17290
23350,2031,17397
23350,2032,17523
23350,2033,17651
23350,2034,17759
23350,2035,17858
23350,2036,17956
23350,2037,18044
23350,2038,18117
23350,2039,18195
23350,2040,18271
23350,2041,18328
23350,2042,18385
23417,2005,120257
23417,2006,120060
23417,2007,119822
23417,2008,119389
23417,2009,118921
23417,2010,118430
23417,2011,117922
23417,2012,117326
23417,2013,116730
23417,2014,116101
23417,2015,115461
23417,2016,114867
23417,2017,114292
23417,2018,113908
23417,2019,115527
23417,2020,117394
23417,2021,118492
23417,2022,119192
23417,2023,119776
23417,2024,120346
23417,2025,120798
23417,2026,121047
23417,2027,121245
23417,2028,121362
23417,2029,121435
23417,2030,121450
23417,2031,121444
23417,2032,121382
23417,2033,121253
23417,2034,121121
23417,2035,120916
23417,2036,120709
23417,2037,120446
23417,2038,120158
23417,2039,119824
23417,2040,119464
23417,2041,119056
23417,2042,118644
23419,2005,15093
23419,2006,15386
23419,2007,15694
23419,2008,16026
23419,2009,16295
23419,2010,16558
23419,2011,16824
23419,2012,17093
23419,2013,17347
23419,2014,17634
23419,2015,17888
23419,2016,18085
23419,2017,18494
23419,2018,18724
23419,2019,18882
23419,2020,19038
23419,2021,19136
23419,2022,19173
23419,2023,19209
23419,2024,19217
23419,2025,19229
23419,2026,19190
23419,2027,19140
23419,2028,19100
23419,2029,19009
23419,2030,18951
23419,2031,18870
23419,2032,18786
23419,2033,18676
23419,2034,18592
23419,2035,18456
23419,2036,18348
23419,2037,18219
23419,2038,18104
23419,2039,17972
23419,2040,17850
23419,2041,17692
23419,2042,17570
23464,2005,16862
23464,2006,17073
23464,2007,17297
23464,2008,17478
23464,2009,17667
23464,2010,17937
23464,2011,18132
23464,2012,18330
23464,2013,18553
23464,2014,18703
23464,2015,18904
23464,2016,19180
23464,2017,19318
23464,2018,19589
23464,2019,20147
23464,2020,20754
23464,2021,21199
23464,2022,21549
23464,2023,21867
23464,2024,22186
23464,2025,22486
23464,2026,22726
23464,2027,22973
23464,2028,23194
23464,2029,23408
23464,2030,23620
23464,2031,23826
23464,2032,24005
23464,2033,24186
23464,2034,24369
23464,2035,24513
23464,2036,24649
23464,2037,24802
23464,2038,24933
23464,2039,25062
23464,2040,25186
23464,2041,25299
23464,2042,25403
23466,2005,72587
23466,2006,73501
23466,2007,74387
23466,2008,67469
23466,2009,68927
23466,2010,70365
23466,2011,71803
23466,2012,73175
23466,2013,74553
23466,2014,75933
23466,2015,77296
23466,2016,78682
23466,2017,80113
23466,2018,81628
23466,2019,82839
23466,2020,84104
23466,2021,85112
23466,2022,85926
23466,2023,86707
23466,2024,87467
23466,2025,88139
23466,2026,88739
23466,2027,89262
23466,2028,89744
23466,2029,90185
23466,2030,90569
23466,2031,90921
23466,2032,91214
23466,2033,91468
23466,2034,91701
23466,2035,91859
23466,2036,91981
23466,2037,92063
23466,2038,92129
23466,2039,92160
23466,2040,92129
23466,2041,92115
23466,2042,92015
23500,2005,23813
23500,2006,24297
23500,2007,24811
23500,2008,25320
23500,2009,25793
23500,2010,26225
23500,2011,26693
23500,2012,27159
23500,2013,27574
23500,2014,28034
23500,2015,28477
23500,2016,28837
23500,2017,29258
23500,2018,29843
23500,2019,30497
23500,2020,31240
23500,2021,31756
23500,2022,32145
23500,2023,32504
23500,2024,32846
23500,2025,33137
23500,2026,33384
23500,2027,33599
23500,2028,33808
23500,2029,34000
23500,2030,34183
23500,2031,34364
23500,2032,34539
23500,2033,34692
23500,2034,34861
23500,2035,35004
23500,2036,35165
23500,2037,35304
23500,2038,35454
23500,2039,35594
23500,2040,35696
23500,2041,35845
23500,2042,35967
23555,2005,60654
23555,2006,61040
23555,2007,61388
23555,2008,61429
23555,2009,61751
23555,2010,62009
23555,2011,62288
23555,2012,62556
23555,2013,62778
23555,2014,63003
23555,2015,63261
23555,2016,63538
23555,2017,63802
23555,2018,64212
23555,2019,64786
23555,2020,65408
23555,2021,65791
23555,2022,66048
23555,2023,66266
23555,2024,66459
23555,2025,66591
23555,2026,66626
23555,2027,66627
23555,2028,66561
23555,2029,66485
23555,2030,66380
23555,2031,66230
23555,2032,66057
23555,2033,65824
23555,2034,65593
23555,2035,65330
23555,2036,65044
23555,2037,64721
23555,2038,64365
23555,2039,64013
23555,2040,63639
23555,2041,63224
23555,2042,62797
23570,2005,28992
23570,2006,29614
23570,2007,30128
23570,2008,30685
23570,2009,31177
23570,2010,31668
23570,2011,32155
23570,2012,32664
23570,2013,33120
23570,2014,33617
23570,2015,34090
23570,2016,34608
23570,2017,35041
23570,2018,35650
23570,2019,36160
23570,2020,36735
23570,2021,37099
23570,2022,37426
23570,2023,37711
23570,2024,37976
23570,2025,38206
23570,2026,38385
23570,2027,38538
23570,2028,38681
23570,2029,38792
23570,2030,38898
23570,2031,38963
23570,2032,39018
23570,2033,39065
23570,2034,39077
23570,2035,39097
23570,2036,39080
23570,2037,39068
23570,2038,39053
23570,2039,39009
23570,2040,38948
23570,2041,38905
23570,2042,38820
23574,2005,18927
23574,2006,19306
23574,2007,19724
23574,2008,20129
23574,2009,20473
23574,2010,20846
23574,2011,21192
23574,2012,21517
23574,2013,21869
23574,2014,22232
23574,2015,22545
23574,2016,22874
23574,2017,23270
23574,2018,23635
23574,2019,23901
23574,2020,24206
23574,2021,24370
23574,2022,24454
23574,2023,24584
23574,2024,24650
23574,2025,24698
23574,2026,24720
23574,2027,24735
23574,2028,24729
23574,2029,24703
23574,2030,24661
23574,2031,24623
23574,2032,24559
23574,2033,24497
23574,2034,24416
23574,2035,24342
23574,2036,24243
23574,2037,24162
23574,2038,24029
23574,2039,23915
23574,2040,23799
23574,2041,23655
23574,2042,23548
23580,2005,31603
23580,2006,32439
23580,2007,33278
23580,2008,34084
23580,2009,34885
23580,2010,35680
23580,2011,36450
23580,2012,37213
23580,2013,37977
23580,2014,38714
23580,2015,39479
23580,2016,40285
23580,2017,40979
23580,2018,41875
23580,2019,42662
23580,2020,43486
23580,2021,44120
23580,2022,44660
23580,2023,45186
23580,2024,45697
23580,2025,46166
23580,2026,46580
23580,2027,46980
23580,2028,47302
23580,2029,47667
23580,2030,47956
23580,2031,48256
23580,2032,48522
23580,2033,48781
23580,2034,49024
23580,2035,49216
23580,2036,49418
23580,2037,49608
23580,2038,49765
23580,2039,49937
23580,2040,50076
23580,2041,50193
23580,2042,50302
23586,2005,14743
23586,2006,14943
23586,2007,15149
23586,2008,15331
23586,2009,15520
23586,2010,15682
23586,2011,15899
23586,2012,16144
23586,2013,16301
23586,2014,16431
23586,2015,16593
23586,2016,16797
23586,2017,16996
23586,2018,17190
23586,2019,17607
23586,2020,18019
23586,2021,18336
23586,2022,18605
23586,2023,18835
23586,2024,19091
23586,2025,19309
23586,2026,19500
23586,2027,19683
23586,2028,19842
23586,2029,20010
23586,2030,20166
23586,2031,20328
23586,2032,20465
23586,2033,20597
23586,2034,20748
23586,2035,20859
23586,2036,20997
23586,2037,21109
23586,2038,21222
23586,2039,21336
23586,2040,21436
23586,2041,21526
23586,2042,21619
23660,2005,92816
23660,2006,94104
23660,2007,95383
23660,2008,96314
23660,2009,97467
23660,2010,98604
23660,2011,99729
23660,2012,100791
23660,2013,101868
23660,2014,102940
23660,2015,104047
23660,2016,105129
23660,2017,106377
23660,2018,107621
23660,2019,109807
23660,2020,112097
23660,2021,113914
23660,2022,115527
23660,2023,117077
23660,2024,118572
23660,2025,119946
23660,2026,121174
23660,2027,122332
23660,2028,123407
23660,2029,124399
23660,2030,125316
23660,2031,126201
23660,2032,127007
23660,2033,127748
23660,2034,128414
23660,2035,129034
23660,2036,129588
23660,2037,130096
23660,2038,130567
23660,2039,130969
23660,2040,131328
23660,2041,131642
23660,2042,131939
23670,2005,66760
23670,2006,68821
23670,2007,70909
23670,2008,39092
23670,2009,40052
23670,2010,40992
23670,2011,41927
23670,2012,42880
23670,2013,43795
23670,2014,44724
23670,2015,45654
23670,2016,46586
23670,2017,47511
23670,2018,48613
23670,2019,49364
23670,2020,50255
23670,2021,50878
23670,2022,51349
23670,2023,51786
23670,2024,52225
23670,2025,52617
23670,2026,52949
23670,2027,53241
23670,2028,53536
23670,2029,53826
23670,2030,54103
23670,2031,54349
23670,2032,54629
23670,2033,54878
23670,2034,55137
23670,2035,55381
23670,2036,55613
23670,2037,55823
23670,2038,56052
23670,2039,56259
23670,2040,56471
23670,2041,56662
23670,2042,56853
23672,2005,27396
23672,2006,27937
23672,2007,28478
23672,2008,28888
23672,2009,29415
23672,2010,29914
23672,2011,30410
23672,2012,30895
23672,2013,31405
23672,2014,31871
23672,2015,32353
23672,2016,32818
23672,2017,33391
23672,2018,33874
23672,2019,34867
23672,2020,35934
23672,2021,36757
23672,2022,37463
23672,2023,38127
23672,2024,38802
23672,2025,39432
23672,2026,40008
23672,2027,40545
23672,2028,41063
23672,2029,41545
23672,2030,42032
23672,2031,42490
23672,2032,42923
23672,2033,43346
23672,2034,43740
23672,2035,44119
23672,2036,44498
23672,2037,44848
23672,2038,45197
23672,2039,45501
23672,2040,45800
23672,2041,46091
23672,2042,46360
23675,2005,31639
23675,2006,32097
23675,2007,32559
23675,2008,33027
23675,2009,33435
23675,2010,33851
23675,2011,34236
23675,2012,34585
23675,2013,34996
23675,2014,35331
23675,2015,35739
23675,2016,36162
23675,2017,36479
23675,2018,36999
23675,2019,37813
23675,2020,38682
23675,2021,39356
23675,2022,39916
23675,2023,40394
23675,2024,40897
23675,2025,41366
23675,2026,41755
23675,2027,42133
23675,2028,42492
23675,2029,42843
23675,2030,43184
23675,2031,43517
23675,2032,43845
23675,2033,44184
23675,2034,44512
23675,2035,44812
23675,2036,45150
23675,2037,45460
23675,2038,45791
23675,2039,46085
23675,2040,46402
23675,2041,46689
23675,2042,46981
23678,2005,23270
23678,2006,23588
23678,2007,23908
23678,2008,24288
23678,2009,24534
23678,2010,24826
23678,2011,25071
23678,2012,25337
23678,2013,25608
23678,2014,25854
23678,2015,26054
23678,2016,26357
23678,2017,26586
23678,2018,26959
23678,2019,27364
23678,2020,27783
23678,2021,28063
23678,2022,28314
23678,2023,28531
23678,2024,28745
23678,2025,28909
23678,2026,29051
23678,2027,29178
23678,2028,29292
23678,2029,29370
23678,2030,29435
23678,2031,29482
23678,2032,29538
23678,2033,29559
23678,2034,29586
23678,2035,29612
23678,2036,29594
23678,2037,29586
23678,2038,29579
23678,2039,29538
23678,2040,29510
23678,2041,29451
23678,2042,29420
23682,2005,0
23682,2006,0
23682,2007,0
23682,2008,9501
23682,2009,9929
23682,2010,10308
23682,2011,10673
23682,2012,11050
23682,2013,11428
23682,2014,11828
23682,2015,12191
23682,2016,12531
23682,2017,12955
23682,2018,13344
23682,2019,13695
23682,2020,14084
23682,2021,14418
23682,2022,14685
23682,2023,14981
23682,2024,15244
23682,2025,15495
23682,2026,15711
23682,2027,15942
23682,2028,16132
23682,2029,16313
23682,2030,16492
23682,2031,16655
23682,2032,16818
23682,2033,16967
23682,2034,17103
23682,2035,17225
23682,2036,17344
23682,2037,17450
23682,2038,17526
23682,2039,17637
23682,2040,17706
23682,2041,17783
23682,2042,17834
23686,2005,47736
23686,2006,48129
23686,2007,48528
23686,2008,49031
23686,2009,49348
23686,2010,49637
23686,2011,49921
23686,2012,50175
23686,2013,50428
23686,2014,50687
23686,2015,50935
23686,2016,51190
23686,2017,51486
23686,2018,51852
23686,2019,53060
23686,2020,54279
23686,2021,55304
23686,2022,56150
23686,2023,56999
23686,2024,57804
23686,2025,58534
23686,2026,59171
23686,2027,59762
23686,2028,60301
23686,2029,60815
23686,2030,61275
23686,2031,61691
23686,2032,62094
23686,2033,62450
23686,2034,62777
23686,2035,63060
23686,2036,63340
23686,2037,63565
23686,2038,63759
23686,2039,63949
23686,2040,64108
23686,2041,64240
23686,2042,64344
23807,2005,79799
23807,2006,80944
23807,2007,82076
23807,2008,83010
23807,2009,83989
23807,2010,84939
23807,2011,85897
23807,2012,86819
23807,2013,87699
23807,2014,88571
23807,2015,89435
23807,2016,90335
23807,2017,91273
23807,2018,92339
23807,2019,94016
23807,2020,95738
23807,2021,97113
23807,2022,98249
23807,2023,99416
23807,2024,100490
23807,2025,101499
23807,2026,102387
23807,2027,103228
23807,2028,103986
23807,2029,104702
23807,2030,105357
23807,2031,105981
23807,2032,106553
23807,2033,107062
23807,2034,107565
23807,2035,107987
23807,2036,108383
23807,2037,108759
23807,2038,109080
23807,2039,109376
23807,2040,109633
23807,2041,109847
23807,2042,110032
23815,2005,0
23815,2006,0
23815,2007,0
23815,2008,37337
23815,2009,38878
23815,2010,40382
23815,2011,41868
23815,2012,43394
23815,2013,44866
23815,2014,46418
23815,2015,47879
23815,2016,49412
23815,2017,50931
23815,2018,52619
23815,2019,54166
23815,2020,55812
23815,2021,57141
23815,2022,58274
23815,2023,59341
23815,2024,60386
23815,2025,61361
23815,2026,62215
23815,2027,63018
23815,2028,63792
23815,2029,64548
23815,2030,65251
23815,2031,65949
23815,2032,66633
23815,2033,67295
23815,2034,67906
23815,2035,68523
23815,2036,69111
23815,2037,69700
23815,2038,70242
23815,2039,70778
23815,2040,71282
23815,2041,71761
23815,2042,72229
23855,2005,31080
23855,2006,31492
23855,2007,31902
23855,2008,32246
23855,2009,32608
23855,2010,32940
23855,2011,33317
23855,2012,33655
23855,2013,33960
23855,2014,34287
23855,2015,34631
23855,2016,35002
23855,2017,35283
23855,2018,35681
23855,2019,35988
23855,2020,36311
23855,2021,36493
23855,2022,36591
23855,2023,36658
23855,2024,36721
23855,2025,36752
23855,2026,36724
23855,2027,36672
23855,2028,36604
23855,2029,36516
23855,2030,36417
23855,2031,36289
23855,2032,36141
23855,2033,35991
23855,2034,35801
23855,2035,35612
23855,2036,35406
23855,2037,35191
23855,2038,34967
23855,2039,34760
23855,2040,34487
23855,2041,34254
23855,2042,33984
25001,2005,9817
25001,2006,9771
25001,2007,9746
25001,2008,9796
25001,2009,9845
25001,2010,9938
25001,2011,10047
25001,2012,10192
25001,2013,10353
25001,2014,10558
25001,2015,10761
25001,2016,11014
25001,2017,11325
25001,2018,11687
25001,2019,11730
25001,2020,11783
25001,2021,11818
25001,2022,11824
25001,2023,11821
25001,2024,11820
25001,2025,11838
25001,2026,11818
25001,2027,11802
25001,2028,11793
25001,2029,11755
25001,2030,11752
25001,2031,11701
25001,2032,11655
25001,2033,11627
25001,2034,11596
25001,2035,11558
25001,2036,11498
25001,2037,11424
25001,2038,11378
25001,2039,11309
25001,2040,11247
25001,2041,11170
25001,2042,11098
25019,2005,5302
25019,2006,5297
25019,2007,5309
25019,2008,5316
25019,2009,5364
25019,2010,5423
25019,2011,5511
25019,2012,5581
25019,2013,5668
25019,2014,5795
25019,2015,5904
25019,2016,6038
25019,2017,6221
25019,2018,6389
25019,2019,6514
25019,2020,6657
25019,2021,6736
25019,2022,6781
25019,2023,6868
25019,2024,6911
25019,2025,6980
25019,2026,7048
25019,2027,7093
25019,2028,7121
25019,2029,7173
25019,2030,7214
25019,2031,7236
25019,2032,7251
25019,2033,7258
25019,2034,7274
25019,2035,7274
25019,2036,7284
25019,2037,7288
25019,2038,7294
25019,2039,7275
25019,2040,7282
25019,2041,7264
25019,2042,7243
25035,2005,9993
25035,2006,10133
25035,2007,10278
25035,2008,10476
25035,2009,10707
25035,2010,10971
25035,2011,11301
25035,2012,11612
25035,2013,11948
25035,2014,12357
25035,2015,12826
25035,2016,13311
25035,2017,13817
25035,2018,14520
25035,2019,14923
25035,2020,15313
25035,2021,15659
25035,2022,15990
25035,2023,16299
25035,2024,16635
25035,2025,16983
25035,2026,17306
25035,2027,17615
25035,2028,17943
25035,2029,18266
25035,2030,18559
25035,2031,18858
25035,2032,19161
25035,2033,19447
25035,2034,19737
25035,2035,19985
25035,2036,20277
25035,2037,20524
25035,2038,20786
25035,2039,21021
25035,2040,21262
25035,2041,21507
25035,2042,21720
25040,2005,11876
25040,2006,11814
25040,2007,11791
25040,2008,11821
25040,2009,11885
25040,2010,12009
25040,2011,12098
25040,2012,12230
25040,2013,12417
25040,2014,12593
25040,2015,12807
25040,2016,13072
25040,2017,13424
25040,2018,13738
25040,2019,13923
25040,2020,14187
25040,2021,14309
25040,2022,14410
25040,2023,14484
25040,2024,14581
25040,2025,14673
25040,2026,14735
25040,2027,14779
25040,2028,14824
25040,2029,14862
25040,2030,14870
25040,2031,14886
25040,2032,14900
25040,2033,14894
25040,2034,14859
25040,2035,14830
25040,2036,14805
25040,2037,14792
25040,2038,14738
25040,2039,14701
25040,2040,14643
25040,2041,14567
25040,2042,14501
25053,2005,13247
25053,2006,12877
25053,2007,12547
25053,2008,12300
25053,2009,12077
25053,2010,11849
25053,2011,11657
25053,2012,11469
25053,2013,11317
25053,2014,11199
25053,2015,11059
25053,2016,10944
25053,2017,10866
25053,2018,10863
25053,2019,10882
25053,2020,10922
25053,2021,10877
25053,2022,10848
25053,2023,10803
25053,2024,10753
25053,2025,10712
25053,2026,10653
25053,2027,10588
25053,2028,10526
25053,2029,10446
25053,2030,10360
25053,2031,10283
25053,2032,10196
25053,2033,10092
25053,2034,9982
25053,2035,9879
25053,2036,9793
25053,2037,9685
25053,2038,9546
25053,2039,9428
25053,2040,9331
25053,2041,9206
25053,2042,9065
25086,2005,1598
25086,2006,1545
25086,2007,1557
25086,2008,1595
25086,2009,1606
25086,2010,1601
25086,2011,1617
25086,2012,1605
25086,2013,1643
25086,2014,1678
25086,2015,1681
25086,2016,1733
25086,2017,1744
25086,2018,1780
25086,2019,1773
25086,2020,1790
25086,2021,1801
25086,2022,1803
25086,2023,1793
25086,2024,1805
25086,2025,1778
25086,2026,1769
25086,2027,1746
25086,2028,1726
25086,2029,1708
25086,2030,1719
25086,2031,1696
25086,2032,1687
25086,2033,1676
25086,2034,1660
25086,2035,1634
25086,2036,1615
25086,2037,1602
25086,2038,1586
25086,2039,1549
25086,2040,1548
25086,2041,1540
25086,2042,1501
25095,2005,2393
25095,2006,2335
25095,2007,2297
25095,2008,2328
25095,2009,2258
25095,2010,2250
25095,2011,2248
25095,2012,2327
25095,2013,2357
25095,2014,2311
25095,2015,2396
25095,2016,2370
25095,2017,2439
25095,2018,2434
25095,2019,2463
25095,2020,2498
25095,2021,2505
25095,2022,2492
25095,2023,2463
25095,2024,2476
25095,2025,2466
25095,2026,2461
25095,2027,2448
25095,2028,2412
25095,2029,2424
25095,2030,2387
25095,2031,2373
25095,2032,2359
25095,2033,2318
25095,2034,2302
25095,2035,2287
25095,2036,2247
25095,2037,2223
25095,2038,2179
25095,2039,2174
25095,2040,2134
25095,2041,2085
25095,2042,2054
25099,2005,6039
25099,2006,6200
25099,2007,6356
25099,2008,6529
25099,2009,6731
25099,2010,6993
25099,2011,7233
25099,2012,7521
25099,2013,7831
25099,2014,8166
25099,2015,8533
25099,2016,8915
25099,2017,9393
25099,2018,9970
25099,2019,10145
25099,2020,10268
25099,2021,10442
25099,2022,10559
25099,2023,10690
25099,2024,10793
25099,2025,10927
25099,2026,11019
25099,2027,11117
25099,2028,11209
25099,2029,11311
25099,2030,11432
25099,2031,11541
25099,2032,11626
25099,2033,11753
25099,2034,11859
25099,2035,11978
25099,2036,12104
25099,2037,12233
25099,2038,12368
25099,2039,12499
25099,2040,12630
25099,2041,12748
25099,2042,12845
25120,2005,3888
25120,2006,3880
25120,2007,3917
25120,2008,3921
25120,2009,3954
25120,2010,4005
25120,2011,4048
25120,2012,4101
25120,2013,4216
25120,2014,4239
25120,2015,4324
25120,2016,4427
25120,2017,4591
25120,2018,4715
25120,2019,4779
25120,2020,4834
25120,2021,4862
25120,2022,4867
25120,2023,4896
25120,2024,4887
25120,2025,4921
25120,2026,4931
25120,2027,4940
25120,2028,4955
25120,2029,4952
25120,2030,4953
25120,2031,4945
25120,2032,4932
25120,2033,4912
25120,2034,4904
25120,2035,4890
25120,2036,4866
25120,2037,4848
25120,2038,4823
25120,2039,4787
25120,2040,4758
25120,2041,4721
25120,2042,4685
25123,2005,8127
25123,2006,8115
25123,2007,8126
25123,2008,8175
25123,2009,8237
25123,2010,8345
25123,2011,8446
25123,2012,8599
25123,2013,8777
25123,2014,8929
25123,2015,9130
25123,2016,9334
25123,2017,9576
25123,2018,9930
25123,2019,10023
25123,2020,10173
25123,2021,10248
25123,2022,10275
25123,2023,10296
25123,2024,10338
25123,2025,10378
25123,2026,10366
25123,2027,10392
25123,2028,10393
25123,2029,10366
25123,2030,10354
25123,2031,10350
25123,2032,10312
25123,2033,10270
25123,2034,10231
25123,2035,10195
25123,2036,10148
25123,2037,10099
25123,2038,10056
25123,2039,10016
25123,2040,9954
25123,2041,9884
25123,2042,9823
25126,2005,46651
25126,2006,48115
25126,2007,49747
25126,2008,51553
25126,2009,53556
25126,2010,55760
25126,2011,58143
25126,2012,60729
25126,2013,63537
25126,2014,66565
25126,2015,69860
25126,2016,73490
25126,2017,77498
25126,2018,87218
25126,2019,96058
25126,2020,101936
25126,2021,106569
25126,2022,110714
25126,2023,114761
25126,2024,118870
25126,2025,122811
25126,2026,126436
25126,2027,129936
25126,2028,133317
25126,2029,136601
25126,2030,139763
25126,2031,142821
25126,2032,145743
25126,2033,148553
25126,2034,151241
25126,2035,153824
25126,2036,156280
25126,2037,158625
25126,2038,160842
25126,2039,162957
25126,2040,164974
25126,2041,166875
25126,2042,168664
25148,2005,13124
25148,2006,12907
25148,2007,12714
25148,2008,12550
25148,2009,12428
25148,2010,12357
25148,2011,12281
25148,2012,12245
25148,2013,12236
25148,2014,12244
25148,2015,12261
25148,2016,12309
25148,2017,12358
25148,2018,12499
25148,2019,12371
25148,2020,12307
25148,2021,12112
25148,2022,11931
25148,2023,11716
25148,2024,11509
25148,2025,11310
25148,2026,11089
25148,2027,10883
25148,2028,10645
25148,2029,10410
25148,2030,10188
25148,2031,9959
25148,2032,9698
25148,2033,9456
25148,2034,9220
25148,2035,8985
25148,2036,8748
25148,2037,8516
25148,2038,8277
25148,2039,8052
25148,2040,7830
25148,2041,7610
25148,2042,7379
25151,2005,14776
25151,2006,14697
25151,2007,14657
25151,2008,14662
25151,2009,14734
25151,2010,14819
25151,2011,14987
25151,2012,15135
25151,2013,15337
25151,2014,15599
25151,2015,15858
25151,2016,16219
25151,2017,16566
25151,2018,17078
25151,2019,17283
25151,2020,17558
25151,2021,17731
25151,2022,17840
25151,2023,17935
25151,2024,18061
25151,2025,18167
25151,2026,18247
25151,2027,18319
25151,2028,18366
25151,2029,18403
25151,2030,18439
25151,2031,18490
25151,2032,18512
25151,2033,18527
25151,2034,18545
25151,2035,18541
25151,2036,18564
25151,2037,18573
25151,2038,18593
25151,2039,18564
25151,2040,18556
25151,2041,18531
25151,2042,18497
25154,2005,7295
25154,2006,7211
25154,2007,7131
25154,2008,7086
25154,2009,7051
25154,2010,7030
25154,2011,7061
25154,2012,7063
25154,2013,7098
25154,2014,7160
25154,2015,7227
25154,2016,7311
25154,2017,7430
25154,2018,7555
25154,2019,7606
25154,2020,7700
25154,2021,7718
25154,2022,7738
25154,2023,7753
25154,2024,7764
25154,2025,7771
25154,2026,7778
25154,2027,7760
25154,2028,7752
25154,2029,7737
25154,2030,7705
25154,2031,7680
25154,2032,7650
25154,2033,7607
25154,2034,7572
25154,2035,7525
25154,2036,7478
25154,2037,7439
25154,2038,7379
25154,2039,7340
25154,2040,7274
25154,2041,7227
25154,2042,7142
25168,2005,4011
25168,2006,3956
25168,2007,3953
25168,2008,3872
25168,2009,3874
25168,2010,3896
25168,2011,3905
25168,2012,3879
25168,2013,3872
25168,2014,3916
25168,2015,3947
25168,2016,4075
25168,2017,4061
25168,2018,4169
25168,2019,4244
25168,2020,4286
25168,2021,4307
25168,2022,4335
25168,2023,4338
25168,2024,4366
25168,2025,4381
25168,2026,4402
25168,2027,4417
25168,2028,4436
25168,2029,4437
25168,2030,4421
25168,2031,4444
25168,2032,4411
25168,2033,4430
25168,2034,4401
25168,2035,4403
25168,2036,4374
25168,2037,4371
25168,2038,4330
25168,2039,4325
25168,2040,4280
25168,2041,4277
25168,2042,4241
25175,2005,75239
25175,2006,77548
25175,2007,80104
25175,2008,82951
25175,2009,86124
25175,2010,89639
25175,2011,93454
25175,2012,97617
25175,2013,102115
25175,2014,106981
25175,2015,112248
25175,2016,118119
25175,2017,124575
25175,2018,136742
25175,2019,145682
25175,2020,152026
25175,2021,156919
25175,2022,161094
25175,2023,165266
25175,2024,169539
25175,2025,173728
25175,2026,177550
25175,2027,181346
25175,2028,185127
25175,2029,188916
25175,2030,192703
25175,2031,196519
25175,2032,200323
25175,2033,204149
25175,2034,207990
25175,2035,211846
25175,2036,215741
25175,2037,219638
25175,2038,223556
25175,2039,227495
25175,2040,231455
25175,2041,235435
25175,2042,239430
25178,2005,8031
25178,2006,7999
25178,2007,8012
25178,2008,8026
25178,2009,8080
25178,2010,8141
25178,2011,8239
25178,2012,8320
25178,2013,8445
25178,2014,8589
25178,2015,8749
25178,2016,8964
25178,2017,9170
25178,2018,9409
25178,2019,9575
25178,2020,9790
25178,2021,9887
25178,2022,9998
25178,2023,10055
25178,2024,10150
25178,2025,10204
25178,2026,10254
25178,2027,10313
25178,2028,10337
25178,2029,10368
25178,2030,10399
25178,2031,10394
25178,2032,10388
25178,2033,10363
25178,2034,10332
25178,2035,10301
25178,2036,10282
25178,2037,10244
25178,2038,10194
25178,2039,10154
25178,2040,10084
25178,2041,10026
25178,2042,9954
25181,2005,9761
25181,2006,9687
25181,2007,9643
25181,2008,9638
25181,2009,9652
25181,2010,9701
25181,2011,9768
25181,2012,9859
25181,2013,9945
25181,2014,10089
25181,2015,10230
25181,2016,10430
25181,2017,10671
25181,2018,10933
25181,2019,11033
25181,2020,11172
25181,2021,11208
25181,2022,11226
25181,2023,11252
25181,2024,11283
25181,2025,11285
25181,2026,11302
25181,2027,11288
25181,2028,11276
25181,2029,11249
25181,2030,11215
25181,2031,11191
25181,2032,11161
25181,2033,11124
25181,2034,11054
25181,2035,10998
25181,2036,10964
25181,2037,10912
25181,2038,10849
25181,2039,10779
25181,2040,10716
25181,2041,10629
25181,2042,10565
25183,2005,15720
25183,2006,15788
25183,2007,15898
25183,2008,16068
25183,2009,16288
25183,2010,16562
25183,2011,16866
25183,2012,17208
25183,2013,17631
25183,2014,18071
25183,2015,18544
25183,2016,19098
25183,2017,19755
25183,2018,20545
25183,2019,20852
25183,2020,21178
25183,2021,21391
25183,2022,21544
25183,2023,21686
25183,2024,21836
25183,2025,21987
25183,2026,22093
25183,2027,22204
25183,2028,22301
25183,2029,22402
25183,2030,22483
25183,2031,22554
25183,2032,22628
25183,2033,22690
25183,2034,22729
25183,2035,22800
25183,2036,22862
25183,2037,22938
25183,2038,23005
25183,2039,23037
25183,2040,23091
25183,2041,23108
25183,2042,23116
25200,2005,15283
25200,2006,15498
25200,2007,15722
25200,2008,16009
25200,2009,16370
25200,2010,16769
25200,2011,17236
25200,2012,17722
25200,2013,18260
25200,2014,18818
25200,2015,19491
25200,2016,20225
25200,2017,21038
25200,2018,21974
25200,2019,22536
25200,2020,23198
25200,2021,23670
25200,2022,24094
25200,2023,24521
25200,2024,24963
25200,2025,25389
25200,2026,25806
25200,2027,26186
25200,2028,26581
25200,2029,26931
25200,2030,27311
25200,2031,27644
25200,2032,27976
25200,2033,28313
25200,2034,28602
25200,2035,28907
25200,2036,29208
25200,2037,29512
25200,2038,29818
25200,2039,30093
25200,2040,30354
25200,2041,30601
25200,2042,30867
25214,2005,18586
25214,2006,19170
25214,2007,19806
25214,2008,20529
25214,2009,21324
25214,2010,22193
25214,2011,23130
25214,2012,24146
25214,2013,25283
25214,2014,26474
25214,2015,27786
25214,2016,29221
25214,2017,30816
25214,2018,34864
25214,2019,38327
25214,2020,40458
25214,2021,42076
25214,2022,43488
25214,2023,44875
25214,2024,46260
25214,2025,47586
25214,2026,48798
25214,2027,49956
25214,2028,51087
25214,2029,52158
25214,2030,53210
25214,2031,54215
25214,2032,55157
25214,2033,56074
25214,2034,56953
25214,2035,57788
25214,2036,58600
25214,2037,59350
25214,2038,60058
25214,2039,60739
25214,2040,61385
25214,2041,62004
25214,2042,62577
25224,2005,6034
25224,2006,6029
25224,2007,6087
25224,2008,6131
25224,2009,6211
25224,2010,6296
25224,2011,6380
25224,2012,6493
25224,2013,6630
25224,2014,6761
25224,2015,6931
25224,2016,7129
25224,2017,7349
25224,2018,7560
25224,2019,7696
25224,2020,7901
25224,2021,7979
25224,2022,8053
25224,2023,8153
25224,2024,8234
25224,2025,8325
25224,2026,8367
25224,2027,8439
25224,2028,8496
25224,2029,8542
25224,2030,8575
25224,2031,8612
25224,2032,8628
25224,2033,8642
25224,2034,8656
25224,2035,8626
25224,2036,8618
25224,2037,8614
25224,2038,8606
25224,2039,8585
25224,2040,8551
25224,2041,8536
25224,2042,8480
25245,2005,17039
25245,2006,17202
25245,2007,17423
25245,2008,17702
25245,2009,18039
25245,2010,18427
25245,2011,18884
25245,2012,19351
25245,2013,19919
25245,2014,20551
25245,2015,21212
25245,2016,21968
25245,2017,22832
25245,2018,23833
25245,2019,24378
25245,2020,24986
25245,2021,25420
25245,2022,25825
25245,2023,26203
25245,2024,26618
25245,2025,27003
25245,2026,27387
25245,2027,27721
25245,2028,28063
25245,2029,28385
25245,2030,28716
25245,2031,29014
25245,2032,29290
25245,2033,29576
25245,2034,29848
25245,2035,30118
25245,2036,30402
25245,2037,30686
25245,2038,30967
25245,2039,31211
25245,2040,31458
25245,2041,31686
25245,2042,31890
25258,2005,4913
25258,2006,4807
25258,2007,4742
25258,2008,4670
25258,2009,4627
25258,2010,4614
25258,2011,4589
25258,2012,4573
25258,2013,4555
25258,2014,4558
25258,2015,4561
25258,2016,4590
25258,2017,4592
25258,2018,4635
25258,2019,4666
25258,2020,4734
25258,2021,4733
25258,2022,4734
25258,2023,4736
25258,2024,4710
25258,2025,4735
25258,2026,4719
25258,2027,4693
25258,2028,4671
25258,2029,4624
25258,2030,4607
25258,2031,4573
25258,2032,4524
25258,2033,4484
25258,2034,4442
25258,2035,4375
25258,2036,4337
25258,2037,4280
25258,2038,4225
25258,2039,4161
25258,2040,4114
25258,2041,4029
25258,2042,3993
25260,2005,13909
25260,2006,14201
25260,2007,14526
25260,2008,14911
25260,2009,15364
25260,2010,15799
25260,2011,16363
25260,2012,16954
25260,2013,17600
25260,2014,18325
25260,2015,19076
25260,2016,19963
25260,2017,20874
25260,2018,22208
25260,2019,23038
25260,2020,23761
25260,2021,24545
25260,2022,25217
25260,2023,25863
25260,2024,26497
25260,2025,27092
25260,2026,27654
25260,2027,28173
25260,2028,28681
25260,2029,29175
25260,2030,29662
25260,2031,30123
25260,2032,30559
25260,2033,31009
25260,2034,31424
25260,2035,31824
25260,2036,32064
25260,2037,32248
25260,2038,32469
25260,2039,32659
25260,2040,32882
25260,2041,33104
25260,2042,33291
25269,2005,83290
25269,2006,85417
25269,2007,87849
25269,2008,90568
25269,2009,93650
25269,2010,97080
25269,2011,100825
25269,2012,104924
25269,2013,109381
25269,2014,114218
25269,2015,119469
25269,2016,125326
25269,2017,131825
25269,2018,140539
25269,2019,144447
25269,2020,147834
25269,2021,151663
25269,2022,155121
25269,2023,158434
25269,2024,161874
25269,2025,165243
25269,2026,168471
25269,2027,171769
25269,2028,175112
25269,2029,178557
25269,2030,182107
25269,2031,185741
25269,2032,189453
25269,2033,193246
25269,2034,197099
25269,2035,200968
25269,2036,202386
25269,2037,203791
25269,2038,205204
25269,2039,206601
25269,2040,207984
25269,2041,209341
25269,2042,210682
25279,2005,10175
25279,2006,10133
25279,2007,10136
25279,2008,10141
25279,2009,10220
25279,2010,10292
25279,2011,10406
25279,2012,10534
25279,2013,10677
25279,2014,10852
25279,2015,11072
25279,2016,11325
25279,2017,11633
25279,2018,11952
25279,2019,12059
25279,2020,12196
25279,2021,12273
25279,2022,12299
25279,2023,12320
25279,2024,12340
25279,2025,12359
25279,2026,12363
25279,2027,12367
25279,2028,12369
25279,2029,12337
25279,2030,12316
25279,2031,12295
25279,2032,12263
25279,2033,12211
25279,2034,12176
25279,2035,12120
25279,2036,12080
25279,2037,12048
25279,2038,11991
25279,2039,11928
25279,2040,11882
25279,2041,11824
25279,2042,11744
25281,2005,5518
25281,2006,5468
25281,2007,5411
25281,2008,5360
25281,2009,5381
25281,2010,5377
25281,2011,5364
25281,2012,5371
25281,2013,5415
25281,2014,5440
25281,2015,5490
25281,2016,5550
25281,2017,5651
25281,2018,5755
25281,2019,5734
25281,2020,5776
25281,2021,5756
25281,2022,5711
25281,2023,5666
25281,2024,5631
25281,2025,5597
25281,2026,5534
25281,2027,5480
25281,2028,5418
25281,2029,5347
25281,2030,5273
25281,2031,5214
25281,2032,5153
25281,2033,5065
25281,2034,4992
25281,2035,4901
25281,2036,4843
25281,2037,4747
25281,2038,4669
25281,2039,4590
25281,2040,4493
25281,2041,4424
25281,2042,4327
25286,2005,52598
25286,2006,54222
25286,2007,56050
25286,2008,58069
25286,2009,60336
25286,2010,62788
25286,2011,65524
25286,2012,68485
25286,2013,71685
25286,2014,75153
25286,2015,78910
25286,2016,83139
25286,2017,87727
25286,2018,93357
25286,2019,98143
25286,2020,103181
25286,2021,107297
25286,2022,110962
25286,2023,114641
25286,2024,118457
25286,2025,122260
25286,2026,125880
25286,2027,129570
25286,2028,133295
25286,2029,137108
25286,2030,141018
25286,2031,145007
25286,2032,149095
25286,2033,153256
25286,2034,157507
25286,2035,161870
25286,2036,166309
25286,2037,170865
25286,2038,175500
25286,2039,180244
25286,2040,185041
25286,2041,189965
25286,2042,194980
25288,2005,4411
25288,2006,4351
25288,2007,4358
25288,2008,4358
25288,2009,4362
25288,2010,4380
25288,2011,4411
25288,2012,4429
25288,2013,4488
25288,2014,4530
25288,2015,4614
25288,2016,4674
25288,2017,4770
25288,2018,4841
25288,2019,4877
25288,2020,4960
25288,2021,4991
25288,2022,4958
25288,2023,4973
25288,2024,4961
25288,2025,4948
25288,2026,4926
25288,2027,4918
25288,2028,4896
25288,2029,4851
25288,2030,4823
25288,2031,4764
25288,2032,4736
25288,2033,4676
25288,2034,4639
25288,2035,4565
25288,2036,4486
25288,2037,4432
25288,2038,4374
25288,2039,4302
25288,2040,4218
25288,2041,4156
25288,2042,4075
25290,2005,85634
25290,2006,87516
25290,2007,89689
25290,2008,92180
25290,2009,95017
25290,2010,98226
25290,2011,101733
25290,2012,105592
25290,2013,109808
25290,2014,114409
25290,2015,119409
25290,2016,125010
25290,2017,131214
25290,2018,138503
25290,2019,141657
25290,2020,144867
25290,2021,148056
25290,2022,151041
25290,2023,153894
25290,2024,156943
25290,2025,159944
25290,2026,162844
25290,2027,165707
25290,2028,168552
25290,2029,171403
25290,2030,174231
25290,2031,177059
25290,2032,179873
25290,2033,182687
25290,2034,185444
25290,2035,188195
25290,2036,190910
25290,2037,193583
25290,2038,196202
25290,2039,198777
25290,2040,201291
25290,2041,203732
25290,2042,206124
25293,2005,5466
25293,2006,5329
25293,2007,5171
25293,2008,5121
25293,2009,5019
25293,2010,4872
25293,2011,4833
25293,2012,4750
25293,2013,4652
25293,2014,4591
25293,2015,4549
25293,2016,4502
25293,2017,4432
25293,2018,4436
25293,2019,4441
25293,2020,4495
25293,2021,4512
25293,2022,4530
25293,2023,4523
25293,2024,4548
25293,2025,4545
25293,2026,4538
25293,2027,4532
25293,2028,4525
25293,2029,4514
25293,2030,4499
25293,2031,4498
25293,2032,4485
25293,2033,4452
25293,2034,4439
25293,2035,4404
25293,2036,4384
25293,2037,4378
25293,2038,4336
25293,2039,4324
25293,2040,4285
25293,2041,4235
25293,2042,4229
25295,2005,9339
25295,2006,9674
25295,2007,10036
25295,2008,10432
25295,2009,10877
25295,2010,11362
25295,2011,11866
25295,2012,12426
25295,2013,13033
25295,2014,13679
25295,2015,14393
25295,2016,15147
25295,2017,16012
25295,2018,17062
25295,2019,17757
25295,2020,18441
25295,2021,19070
25295,2022,19678
25295,2023,20237
25295,2024,20800
25295,2025,21332
25295,2026,21830
25295,2027,22319
25295,2028,22776
25295,2029,23200
25295,2030,23615
25295,2031,24011
25295,2032,24363
25295,2033,24714
25295,2034,25024
25295,2035,25314
25295,2036,25635
25295,2037,25938
25295,2038,26202
25295,2039,26449
25295,2040,26622
25295,2041,26793
25295,2042,26936
25297,2005,9234
25297,2006,9066
25297,2007,8876
25297,2008,8757
25297,2009,8645
25297,2010,8542
25297,2011,8491
25297,2012,8418
25297,2013,8368
25297,2014,8321
25297,2015,8336
25297,2016,8296
25297,2017,8334
25297,2018,8401
25297,2019,8471
25297,2020,8558
25297,2021,8591
25297,2022,8588
25297,2023,8593
25297,2024,8619
25297,2025,8618
25297,2026,8615
25297,2027,8613
25297,2028,8602
25297,2029,8593
25297,2030,8568
25297,2031,8537
25297,2032,8525
25297,2033,8492
25297,2034,8447
25297,2035,8404
25297,2036,8383
25297,2037,8350
25297,2038,8319
25297,2039,8243
25297,2040,8223
25297,2041,8161
25297,2042,8096
25299,2005,3215
25299,2006,3193
25299,2007,3184
25299,2008,3128
25299,2009,3099
25299,2010,3056
25299,2011,3039
25299,2012,3022
25299,2013,3033
25299,2014,3036
25299,2015,3044
25299,2016,3042
25299,2017,3108
25299,2018,3086
25299,2019,3108
25299,2020,3157
25299,2021,3174
25299,2022,3172
25299,2023,3191
25299,2024,3193
25299,2025,3188
25299,2026,3206
25299,2027,3184
25299,2028,3190
25299,2029,3178
25299,2030,3173
25299,2031,3159
25299,2032,3144
25299,2033,3122
25299,2034,3119
25299,2035,3086
25299,2036,3063
25299,2037,3055
25299,2038,3016
25299,2039,2991
25299,2040,2976
25299,2041,2941
25299,2042,2930
25307,2005,72565
25307,2006,73193
25307,2007,74056
25307,2008,75181
25307,2009,76561
25307,2010,78215
25307,2011,80052
25307,2012,82148
25307,2013,84490
25307,2014,87063
25307,2015,89887
25307,2016,93072
25307,2017,96694
25307,2018,101024
25307,2019,101575
25307,2020,102135
25307,2021,102742
25307,2022,103138
25307,2023,103443
25307,2024,103831
25307,2025,104137
25307,2026,104326
25307,2027,104501
25307,2028,104666
25307,2029,104761
25307,2030,104872
25307,2031,104928
25307,2032,104994
25307,2033,105021
25307,2034,105003
25307,2035,104961
25307,2036,104887
25307,2037,104778
25307,2038,104632
25307,2039,104441
25307,2040,104195
25307,2041,103932
25307,2042,103607
25312,2005,4774
25312,2006,4841
25312,2007,4961
25312,2008,5046
25312,2009,5204
25312,2010,5349
25312,2011,5506
25312,2012,5650
25312,2013,5856
25312,2014,6061
25312,2015,6280
25312,2016,6535
25312,2017,6846
25312,2018,7132
25312,2019,7239
25312,2020,7380
25312,2021,7444
25312,2022,7480
25312,2023,7567
25312,2024,7614
25312,2025,7660
25312,2026,7689
25312,2027,7720
25312,2028,7748
25312,2029,7768
25312,2030,7783
25312,2031,7776
25312,2032,7782
25312,2033,7780
25312,2034,7763
25312,2035,7763
25312,2036,7753
25312,2037,7702
25312,2038,7709
25312,2039,7660
25312,2040,7650
25312,2041,7606
25312,2042,7580
25317,2005,10786
25317,2006,10778
25317,2007,10802
25317,2008,10869
25317,2009,10964
25317,2010,11101
25317,2011,11256
25317,2012,11429
25317,2013,11639
25317,2014,11860
25317,2015,12139
25317,2016,12447
25317,2017,12819
25317,2018,13246
25317,2019,13543
25317,2020,13847
25317,2021,14108
25317,2022,14313
25317,2023,14515
25317,2024,14716
25317,2025,14913
25317,2026,15106
25317,2027,15264
25317,2028,15449
25317,2029,15615
25317,2030,15775
25317,2031,15928
25317,2032,16067
25317,2033,16221
25317,2034,16343
25317,2035,16468
25317,2036,16629
25317,2037,16780
25317,2038,16895
25317,2039,17018
25317,2040,17149
25317,2041,17261
25317,2042,17375
25320,2005,22729
25320,2006,22874
25320,2007,23071
25320,2008,23371
25320,2009,23741
25320,2010,24156
25320,2011,24679
25320,2012,25263
25320,2013,25889
25320,2014,26589
25320,2015,27370
25320,2016,28274
25320,2017,29273
25320,2018,30521
25320,2019,30678
25320,2020,30839
25320,2021,30883
25320,2022,30860
25320,2023,30808
25320,2024,30787
25320,2025,30732
25320,2026,30669
25320,2027,30573
25320,2028,30455
25320,2029,30339
25320,2030,30212
25320,2031,30047
25320,2032,29883
25320,2033,29708
25320,2034,29512
25320,2035,29294
25320,2036,29086
25320,2037,28864
25320,2038,28602
25320,2039,28358
25320,2040,28074
25320,2041,27793
25320,2042,27516
25322,2005,12089
25322,2006,12114
25322,2007,12149
25322,2008,12261
25322,2009,12410
25322,2010,12557
25322,2011,12766
25322,2012,13006
25322,2013,13278
25322,2014,13602
25322,2015,13938
25322,2016,14313
25322,2017,14799
25322,2018,15304
25322,2019,15717
25322,2020,16190
25322,2021,16546
25322,2022,16855
25322,2023,17196
25322,2024,17529
25322,2025,17869
25322,2026,18176
25322,2027,18484
25322,2028,18798
25322,2029,19087
25322,2030,19372
25322,2031,19641
25322,2032,19923
25322,2033,20205
25322,2034,20473
25322,2035,20736
25322,2036,21009
25322,2037,21287
25322,2038,21551
25322,2039,21816
25322,2040,22069
25322,2041,22312
25322,2042,22544
25324,2005,2422
25324,2006,2360
25324,2007,2382
25324,2008,2394
25324,2009,2373
25324,2010,2416
25324,2011,2458
25324,2012,2483
25324,2013,2518
25324,2014,2516
25324,2015,2570
25324,2016,2654
25324,2017,2762
25324,2018,2849
25324,2019,2898
25324,2020,2968
25324,2021,2984
25324,2022,3043
25324,2023,3092
25324,2024,3118
25324,2025,3153
25324,2026,3195
25324,2027,3223
25324,2028,3267
25324,2029,3301
25324,2030,3317
25324,2031,3364
25324,2032,3379
25324,2033,3404
25324,2034,3421
25324,2035,3444
25324,2036,3473
25324,2037,3490
25324,2038,3496
25324,2039,3521
25324,2040,3530
25324,2041,3552
25324,2042,3551
25326,2005,5099
25326,2006,5111
25326,2007,5125
25326,2008,5141
25326,2009,5180
25326,2010,5254
25326,2011,5347
25326,2012,5425
25326,2013,5524
25326,2014,5645
25326,2015,5763
25326,2016,5925
25326,2017,6074
25326,2018,6305
25326,2019,6338
25326,2020,6409
25326,2021,6417
25326,2022,6426
25326,2023,6410
25326,2024,6391
25326,2025,6379
25326,2026,6357
25326,2027,6343
25326,2028,6311
25326,2029,6289
25326,2030,6257
25326,2031,6214
25326,2032,6175
25326,2033,6145
25326,2034,6070
25326,2035,6027
25326,2036,5982
25326,2037,5947
25326,2038,5886
25326,2039,5835
25326,2040,5793
25326,2041,5722
25326,2042,5653
25328,2005,3708
25328,2006,3701
25328,2007,3710
25328,2008,3733
25328,2009,3691
25328,2010,3805
25328,2011,3834
25328,2012,3845
25328,2013,3893
25328,2014,3953
25328,2015,4076
25328,2016,4224
25328,2017,4287
25328,2018,4422
25328,2019,4518
25328,2020,4679
25328,2021,4791
25328,2022,4865
25328,2023,4970
25328,2024,5062
25328,2025,5132
25328,2026,5227
25328,2027,5299
25328,2028,5411
25328,2029,5466
25328,2030,5550
25328,2031,5611
25328,2032,5678
25328,2033,5745
25328,2034,5795
25328,2035,5854
25328,2036,5912
25328,2037,5965
25328,2038,6009
25328,2039,6060
25328,2040,6089
25328,2041,6146
25328,2042,6180
25335,2005,4658
25335,2006,4654
25335,2007,4730
25335,2008,4742
25335,2009,4842
25335,2010,4953
25335,2011,5064
25335,2012,5175
25335,2013,5297
25335,2014,5449
25335,2015,5593
25335,2016,5793
25335,2017,5969
25335,2018,6199
25335,2019,6353
25335,2020,6543
25335,2021,6659
25335,2022,6769
25335,2023,6872
25335,2024,6989
25335,2025,7066
25335,2026,7142
25335,2027,7204
25335,2028,7280
25335,2029,7333
25335,2030,7377
25335,2031,7395
25335,2032,7440
25335,2033,7455
25335,2034,7471
25335,2035,7476
25335,2036,7470
25335,2037,7490
25335,2038,7477
25335,2039,7466
25335,2040,7452
25335,2041,7427
25335,2042,7397
25339,2005,3209
25339,2006,3160
25339,2007,3151
25339,2008,3117
25339,2009,3107
25339,2010,3143
25339,2011,3130
25339,2012,3144
25339,2013,3176
25339,2014,3170
25339,2015,3234
25339,2016,3286
25339,2017,3356
25339,2018,3380
25339,2019,3423
25339,2020,3465
25339,2021,3483
25339,2022,3489
25339,2023,3493
25339,2024,3512
25339,2025,3520
25339,2026,3517
25339,2027,3497
25339,2028,3479
25339,2029,3484
25339,2030,3477
25339,2031,3463
25339,2032,3445
25339,2033,3427
25339,2034,3386
25339,2035,3395
25339,2036,3368
25339,2037,3357
25339,2038,3325
25339,2039,3306
25339,2040,3254
25339,2041,3232
25339,2042,3198
25368,2005,2565
25368,2006,2483
25368,2007,2432
25368,2008,2416
25368,2009,2378
25368,2010,2306
25368,2011,2319
25368,2012,2299
25368,2013,2257
25368,2014,2255
25368,2015,2241
25368,2016,2319
25368,2017,2294
25368,2018,2287
25368,2019,2249
25368,2020,2259
25368,2021,2243
25368,2022,2207
25368,2023,2191
25368,2024,2169
25368,2025,2135
25368,2026,2115
25368,2027,2083
25368,2028,2053
25368,2029,2046
25368,2030,2006
25368,2031,1977
25368,2032,1950
25368,2033,1885
25368,2034,1869
25368,2035,1848
25368,2036,1821
25368,2037,1777
25368,2038,1735
25368,2039,1719
25368,2040,1663
25368,2041,1614
25368,2042,1593
25372,2005,6273
25372,2006,6139
25372,2007,6091
25372,2008,5985
25372,2009,5908
25372,2010,5850
25372,2011,5797
25372,2012,5752
25372,2013,5726
25372,2014,5717
25372,2015,5734
25372,2016,5737
25372,2017,5751
25372,2018,5755
25372,2019,5667
25372,2020,5623
25372,2021,5495
25372,2022,5362
25372,2023,5229
25372,2024,5105
25372,2025,4976
25372,2026,4854
25372,2027,4702
25372,2028,4558
25372,2029,4418
25372,2030,4308
25372,2031,4160
25372,2032,4031
25372,2033,3908
25372,2034,3757
25372,2035,3628
25372,2036,3494
25372,2037,3383
25372,2038,3241
25372,2039,3134
25372,2040,3009
25372,2041,2904
25372,2042,2779
25377,2005,20443
25377,2006,20730
25377,2007,21049
25377,2008,21473
25377,2009,21941
25377,2010,22525
25377,2011,23139
25377,2012,23812
25377,2013,24582
25377,2014,25396
25377,2015,26308
25377,2016,27322
25377,2017,28462
25377,2018,32815
25377,2019,36418
25377,2020,38181
25377,2021,39377
25377,2022,40400
25377,2023,41416
25377,2024,42445
25377,2025,43453
25377,2026,44374
25377,2027,45267
25377,2028,46137
25377,2029,47003
25377,2030,47846
25377,2031,48681
25377,2032,49489
25377,2033,50268
25377,2034,51056
25377,2035,51819
25377,2036,52538
25377,2037,53264
25377,2038,53958
25377,2039,54636
25377,2040,55308
25377,2041,55942
25377,2042,56594
25386,2005,21930
25386,2006,22262
25386,2007,22661
25386,2008,23142
25386,2009,23690
25386,2010,24333
25386,2011,25039
25386,2012,25798
25386,2013,26693
25386,2014,27632
25386,2015,28657
25386,2016,29823
25386,2017,31113
25386,2018,32707
25386,2019,33492
25386,2020,34331
25386,2021,35034
25386,2022,35655
25386,2023,36266
25386,2024,36901
25386,2025,37508
25386,2026,38076
25386,2027,38640
25386,2028,39219
25386,2029,39767
25386,2030,40315
25386,2031,40862
25386,2032,41393
25386,2033,41928
25386,2034,42449
25386,2035,42952
25386,2036,43539
25386,2037,44101
25386,2038,44640
25386,2039,45182
25386,2040,45703
25386,2041,46184
25386,2042,46678
25394,2005,9881
25394,2006,9707
25394,2007,9543
25394,2008,9455
25394,2009,9339
25394,2010,9265
25394,2011,9255
25394,2012,9205
25394,2013,9182
25394,2014,9190
25394,2015,9210
25394,2016,9251
25394,2017,9343
25394,2018,9458
25394,2019,9529
25394,2020,9629
25394,2021,9665
25394,2022,9686
25394,2023,9687
25394,2024,9706
25394,2025,9708
25394,2026,9725
25394,2027,9702
25394,2028,9680
25394,2029,9664
25394,2030,9649
25394,2031,9616
25394,2032,9574
25394,2033,9545
25394,2034,9512
25394,2035,9479
25394,2036,9456
25394,2037,9400
25394,2038,9361
25394,2039,9314
25394,2040,9284
25394,2041,9198
25394,2042,9158
25398,2005,6155
25398,2006,6064
25398,2007,5968
25398,2008,5893
25398,2009,5833
25398,2010,5821
25398,2011,5797
25398,2012,5758
25398,2013,5749
25398,2014,5725
25398,2015,5704
25398,2016,5813
25398,2017,5799
25398,2018,5863
25398,2019,5913
25398,2020,6004
25398,2021,6030
25398,2022,6036
25398,2023,6032
25398,2024,6051
25398,2025,6073
25398,2026,6060
25398,2027,6043
25398,2028,6040
25398,2029,6054
25398,2030,6019
25398,2031,6010
25398,2032,5946
25398,2033,5909
25398,2034,5872
25398,2035,5839
25398,2036,5803
25398,2037,5739
25398,2038,5678
25398,2039,5635
25398,2040,5585
25398,2041,5519
25398,2042,5470
25402,2005,11878
25402,2006,12020
25402,2007,12207
25402,2008,12431
25402,2009,12687
25402,2010,12979
25402,2011,13301
25402,2012,13668
25402,2013,14076
25402,2014,14517
25402,2015,15022
25402,2016,15561
25402,2017,16198
25402,2018,16916
25402,2019,17322
25402,2020,17788
25402,2021,18111
25402,2022,18380
25402,2023,18642
25402,2024,18891
25402,2025,19137
25402,2026,19326
25402,2027,19488
25402,2028,19657
25402,2029,19785
25402,2030,19912
25402,2031,19999
25402,2032,20069
25402,2033,20116
25402,2034,20172
25402,2035,20183
25402,2036,20199
25402,2037,20230
25402,2038,20206
25402,2039,20194
25402,2040,20167
25402,2041,20105
25402,2042,20036
25407,2005,8385
25407,2006,8311
25407,2007,8367
25407,2008,8406
25407,2009,8448
25407,2010,8525
25407,2011,8640
25407,2012,8768
25407,2013,8921
25407,2014,9091
25407,2015,9272
25407,2016,9471
25407,2017,9724
25407,2018,10011
25407,2019,10153
25407,2020,10345
25407,2021,10444
25407,2022,10502
25407,2023,10547
25407,2024,10629
25407,2025,10670
25407,2026,10704
25407,2027,10744
25407,2028,10769
25407,2029,10780
25407,2030,10791
25407,2031,10793
25407,2032,10825
25407,2033,10761
25407,2034,10756
25407,2035,10734
25407,2036,10701
25407,2037,10693
25407,2038,10655
25407,2039,10616
25407,2040,10541
25407,2041,10504
25407,2042,10438
25426,2005,6557
25426,2006,6407
25426,2007,6342
25426,2008,6237
25426,2009,6171
25426,2010,6126
25426,2011,6048
25426,2012,6026
25426,2013,6023
25426,2014,5978
25426,2015,6003
25426,2016,6009
25426,2017,6061
25426,2018,6086
25426,2019,6132
25426,2020,6219
25426,2021,6239
25426,2022,6243
25426,2023,6250
25426,2024,6273
25426,2025,6280
25426,2026,6285
25426,2027,6273
25426,2028,6271
25426,2029,6236
25426,2030,6228
25426,2031,6197
25426,2032,6185
25426,2033,6159
25426,2034,6122
25426,2035,6081
25426,2036,6033
25426,2037,5981
25426,2038,5941
25426,2039,5917
25426,2040,5881
25426,2041,5812
25426,2042,5751
25430,2005,61175
25430,2006,63309
25430,2007,65687
25430,2008,68277
25430,2009,71165
25430,2010,74332
25430,2011,77772
25430,2012,81469
25430,2013,85489
25430,2014,89848
25430,2015,94567
25430,2016,99781
25430,2017,105545
25430,2018,113204
25430,2019,118034
25430,2020,122381
25430,2021,127066
25430,2022,131321
25430,2023,135299
25430,2024,139289
25430,2025,143090
25430,2026,146635
25430,2027,150055
25430,2028,153397
25430,2029,156627
25430,2030,159805
25430,2031,162898
25430,2032,165899
25430,2033,168784
25430,2034,171543
25430,2035,174198
25430,2036,175456
25430,2037,176699
25430,2038,177981
25430,2039,179220
25430,2040,180487
25430,2041,181706
25430,2042,182904
25436,2005,4125
25436,2006,4057
25436,2007,4001
25436,2008,3947
25436,2009,3895
25436,2010,3849
25436,2011,3797
25436,2012,3730
25436,2013,3733
25436,2014,3708
25436,2015,3708
25436,2016,3683
25436,2017,3709
25436,2018,3707
25436,2019,3705
25436,2020,3689
25436,2021,3660
25436,2022,3600
25436,2023,3551
25436,2024,3502
25436,2025,3471
25436,2026,3420
25436,2027,3350
25436,2028,3306
25436,2029,3264
25436,2030,3203
25436,2031,3133
25436,2032,3065
25436,2033,3011
25436,2034,2951
25436,2035,2891
25436,2036,2822
25436,2037,2753
25436,2038,2703
25436,2039,2657
25436,2040,2571
25436,2041,2506
25436,2042,2458
25438,2005,8868
25438,2006,8682
25438,2007,8504
25438,2008,8419
25438,2009,8286
25438,2010,8208
25438,2011,8073
25438,2012,8039
25438,2013,7979
25438,2014,7931
25438,2015,7939
25438,2016,7921
25438,2017,7928
25438,2018,8011
25438,2019,8126
25438,2020,8259
25438,2021,8342
25438,2022,8397
25438,2023,8449
25438,2024,8472
25438,2025,8517
25438,2026,8581
25438,2027,8570
25438,2028,8593
25438,2029,8593
25438,2030,8604
25438,2031,8623
25438,2032,8621
25438,2033,8603
25438,2034,8598
25438,2035,8583
25438,2036,8567
25438,2037,8553
25438,2038,8540
25438,2039,8510
25438,2040,8472
25438,2041,8440
25438,2042,8423
25473,2005,63784
25473,2006,66765
25473,2007,69971
25473,2008,73451
25473,2009,77296
25473,2010,81462
25473,2011,85939
25473,2012,90773
25473,2013,95973
25473,2014,101605
25473,2015,107674
25473,2016,114348
25473,2017,121719
25473,2018,130255
25473,2019,138336
25473,2020,146907
25473,2021,154200
25473,2022,160773
25473,2023,167198
25473,2024,173675
25473,2025,179940
25473,2026,185735
25473,2027,191345
25473,2028,196846
25473,2029,202203
25473,2030,207437
25473,2031,212520
25473,2032,217468
25473,2033,222266
25473,2034,226910
25473,2035,231401
25473,2036,235720
25473,2037,239865
25473,2038,243888
25473,2039,247723
25473,2040,251387
25473,2041,254893
25473,2042,258239
25483,2005,1943
25483,2006,1924
25483,2007,1938
25483,2008,1911
25483,2009,1942
25483,2010,1951
25483,2011,1984
25483,2012,2001
25483,2013,2056
25483,2014,2111
25483,2015,2176
25483,2016,2145
25483,2017,2280
25483,2018,2328
25483,2019,2380
25483,2020,2389
25483,2021,2407
25483,2022,2426
25483,2023,2436
25483,2024,2462
25483,2025,2482
25483,2026,2492
25483,2027,2509
25483,2028,2517
25483,2029,2526
25483,2030,2518
25483,2031,2519
25483,2032,2533
25483,2033,2537
25483,2034,2538
25483,2035,2522
25483,2036,2516
25483,2037,2514
25483,2038,2509
25483,2039,2500
25483,2040,2508
25483,2041,2481
25483,2042,2484
25486,2005,8914
25486,2006,9064
25486,2007,9203
25486,2008,9404
25486,2009,9633
25486,2010,9882
25486,2011,10166
25486,2012,10471
25486,2013,10816
25486,2014,11186
25486,2015,11602
25486,2016,12043
25486,2017,12557
25486,2018,13175
25486,2019,13434
25486,2020,13761
25486,2021,14007
25486,2022,14221
25486,2023,14430
25486,2024,14659
25486,2025,14872
25486,2026,15058
25486,2027,15236
25486,2028,15435
25486,2029,15626
25486,2030,15790
25486,2031,15956
25486,2032,16110
25486,2033,16290
25486,2034,16439
25486,2035,16598
25486,2036,16742
25486,2037,16923
25486,2038,17073
25486,2039,17256
25486,2040,17379
25486,2041,17514
25486,2042,17644
25488,2005,6787
25488,2006,6931
25488,2007,7091
25488,2008,7314
25488,2009,7530
25488,2010,7758
25488,2011,8069
25488,2012,8340
25488,2013,8669
25488,2014,9025
25488,2015,9379
25488,2016,9802
25488,2017,10248
25488,2018,10828
25488,2019,10872
25488,2020,10940
25488,2021,10950
25488,2022,10975
25488,2023,11008
25488,2024,11030
25488,2025,11080
25488,2026,11069
25488,2027,11099
25488,2028,11097
25488,2029,11087
25488,2030,11095
25488,2031,11085
25488,2032,11050
25488,2033,11041
25488,2034,11008
25488,2035,10974
25488,2036,10912
25488,2037,10869
25488,2038,10817
25488,2039,10767
25488,2040,10685
25488,2041,10593
25488,2042,10520
25489,2005,3396
25489,2006,3370
25489,2007,3344
25489,2008,3338
25489,2009,3319
25489,2010,3333
25489,2011,3295
25489,2012,3323
25489,2013,3357
25489,2014,3404
25489,2015,3479
25489,2016,3532
25489,2017,3556
25489,2018,3572
25489,2019,3580
25489,2020,3634
25489,2021,3651
25489,2022,3656
25489,2023,3662
25489,2024,3674
25489,2025,3672
25489,2026,3669
25489,2027,3661
25489,2028,3682
25489,2029,3677
25489,2030,3659
25489,2031,3626
25489,2032,3606
25489,2033,3591
25489,2034,3571
25489,2035,3554
25489,2036,3520
25489,2037,3494
25489,2038,3456
25489,2039,3434
25489,2040,3395
25489,2041,3353
25489,2042,3319
25491,2005,5286
25491,2006,5272
25491,2007,5246
25491,2008,5234
25491,2009,5267
25491,2010,5288
25491,2011,5377
25491,2012,5385
25491,2013,5472
25491,2014,5566
25491,2015,5628
25491,2016,5770
25491,2017,5905
25491,2018,6053
25491,2019,6008
25491,2020,6001
25491,2021,5926
25491,2022,5820
25491,2023,5752
25491,2024,5654
25491,2025,5578
25491,2026,5499
25491,2027,5385
25491,2028,5278
25491,2029,5183
25491,2030,5097
25491,2031,4991
25491,2032,4876
25491,2033,4771
25491,2034,4675
25491,2035,4560
25491,2036,4449
25491,2037,4360
25491,2038,4255
25491,2039,4144
25491,2040,4051
25491,2041,3943
25491,2042,3843
25506,2005,3835
25506,2006,3807
25506,2007,3792
25506,2008,3729
25506,2009,3749
25506,2010,3764
25506,2011,3767
25506,2012,3832
25506,2013,3887
25506,2014,3917
25506,2015,3954
25506,2016,4007
25506,2017,4126
25506,2018,4222
25506,2019,4281
25506,2020,4355
25506,2021,4392
25506,2022,4440
25506,2023,4463
25506,2024,4505
25506,2025,4528
25506,2026,4565
25506,2027,4596
25506,2028,4627
25506,2029,4655
25506,2030,4664
25506,2031,4686
25506,2032,4707
25506,2033,4709
25506,2034,4721
25506,2035,4707
25506,2036,4730
25506,2037,4735
25506,2038,4728
25506,2039,4706
25506,2040,4718
25506,2041,4701
25506,2042,4687
25513,2005,21138
25513,2006,21008
25513,2007,20958
25513,2008,20963
25513,2009,21049
25513,2010,21194
25513,2011,21405
25513,2012,21645
25513,2013,21923
25513,2014,22265
25513,2015,22657
25513,2016,23140
25513,2017,23660
25513,2018,24385
25513,2019,24608
25513,2020,24816
25513,2021,24916
25513,2022,24975
25513,2023,24965
25513,2024,25018
25513,2025,25021
25513,2026,25012
25513,2027,25003
25513,2028,24966
25513,2029,24923
25513,2030,24896
25513,2031,24830
25513,2032,24756
25513,2033,24699
25513,2034,24625
25513,2035,24533
25513,2036,24497
25513,2037,24436
25513,2038,24361
25513,2039,24282
25513,2040,24195
25513,2041,24077
25513,2042,23978
25518,2005,4733
25518,2006,4621
25518,2007,4536
25518,2008,4448
25518,2009,4373
25518,2010,4315
25518,2011,4267
25518,2012,4209
25518,2013,4207
25518,2014,4216
25518,2015,4232
25518,2016,4187
25518,2017,4120
25518,2018,4164
25518,2019,4108
25518,2020,4104
25518,2021,4043
25518,2022,3970
25518,2023,3914
25518,2024,3853
25518,2025,3786
25518,2026,3718
25518,2027,3618
25518,2028,3562
25518,2029,3472
25518,2030,3390
25518,2031,3333
25518,2032,3234
25518,2033,3163
25518,2034,3071
25518,2035,2964
25518,2036,2904
25518,2037,2820
25518,2038,2737
25518,2039,2661
25518,2040,2579
25518,2041,2491
25518,2042,2416
25524,2005,4114
25524,2006,4119
25524,2007,4104
25524,2008,4111
25524,2009,4160
25524,2010,4241
25524,2011,4254
25524,2012,4306
25524,2013,4381
25524,2014,4457
25524,2015,4532
25524,2016,4715
25524,2017,4826
25524,2018,4980
25524,2019,4996
25524,2020,5004
25524,2021,4996
25524,2022,4973
25524,2023,4954
25524,2024,4941
25524,2025,4908
25524,2026,4883
25524,2027,4852
25524,2028,4815
25524,2029,4772
25524,2030,4744
25524,2031,4691
25524,2032,4668
25524,2033,4588
25524,2034,4556
25524,2035,4500
25524,2036,4459
25524,2037,4392
25524,2038,4344
25524,2039,4263
25524,2040,4216
25524,2041,4142
25524,2042,4092
25530,2005,5553
25530,2006,5684
25530,2007,5752
25530,2008,5914
25530,2009,6052
25530,2010,6181
25530,2011,6400
25530,2012,6594
25530,2013,6835
25530,2014,7062
25530,2015,7303
25530,2016,7586
25530,2017,7939
25530,2018,8317
25530,2019,8465
25530,2020,8601
25530,2021,8677
25530,2022,8737
25530,2023,8775
25530,2024,8841
25530,2025,8881
25530,2026,8909
25530,2027,8930
25530,2028,8948
25530,2029,8951
25530,2030,8968
25530,2031,8973
25530,2032,8973
25530,2033,8974
25530,2034,8959
25530,2035,8947
25530,2036,8948
25530,2037,8925
25530,2038,8900
25530,2039,8837
25530,2040,8840
25530,2041,8798
25530,2042,8772
25535,2005,8217
25535,2006,8170
25535,2007,8133
25535,2008,8084
25535,2009,8105
25535,2010,8133
25535,2011,8185
25535,2012,8238
25535,2013,8336
25535,2014,8408
25535,2015,8543
25535,2016,8691
25535,2017,8841
25535,2018,9108
25535,2019,9185
25535,2020,9266
25535,2021,9298
25535,2022,9334
25535,2023,9337
25535,2024,9386
25535,2025,9394
25535,2026,9417
25535,2027,9407
25535,2028,9424
25535,2029,9427
25535,2030,9415
25535,2031,9413
25535,2032,9396
25535,2033,9362
25535,2034,9349
25535,2035,9314
25535,2036,9277
25535,2037,9239
25535,2038,9192
25535,2039,9113
25535,2040,9077
25535,2041,9016
25535,2042,8931
25572,2005,11636
25572,2006,11705
25572,2007,11794
25572,2008,11924
25572,2009,12105
25572,2010,12322
25572,2011,12567
25572,2012,12859
25572,2013,13162
25572,2014,13522
25572,2015,13896
25572,2016,14320
25572,2017,14827
25572,2018,15453
25572,2019,15548
25572,2020,15634
25572,2021,15697
25572,2022,15727
25572,2023,15732
25572,2024,15771
25572,2025,15799
25572,2026,15796
25572,2027,15798
25572,2028,15796
25572,2029,15770
25572,2030,15745
25572,2031,15751
25572,2032,15724
25572,2033,15683
25572,2034,15648
25572,2035,15597
25572,2036,15553
25572,2037,15476
25572,2038,15438
25572,2039,15378
25572,2040,15287
25572,2041,15216
25572,2042,15119
25580,2005,3286
25580,2006,3222
25580,2007,3198
25580,2008,3157
25580,2009,3119
25580,2010,3119
25580,2011,3108
25580,2012,3139
25580,2013,3117
25580,2014,3182
25580,2015,3203
25580,2016,3227
25580,2017,3283
25580,2018,3321
25580,2019,3403
25580,2020,3469
25580,2021,3516
25580,2022,3570
25580,2023,3597
25580,2024,3652
25580,2025,3686
25580,2026,3731
25580,2027,3772
25580,2028,3809
25580,2029,3849
25580,2030,3887
25580,2031,3894
25580,2032,3925
25580,2033,3961
25580,2034,3983
25580,2035,4000
25580,2036,4009
25580,2037,4017
25580,2038,4055
25580,2039,4061
25580,2040,4068
25580,2041,4061
25580,2042,4089
25592,2005,4626
25592,2006,4554
25592,2007,4509
25592,2008,4476
25592,2009,4439
25592,2010,4426
25592,2011,4419
25592,2012,4523
25592,2013,4444
25592,2014,4489
25592,2015,4523
25592,2016,4571
25592,2017,4597
25592,2018,4669
25592,2019,4738
25592,2020,4831
25592,2021,4860
25592,2022,4884
25592,2023,4906
25592,2024,4922
25592,2025,4939
25592,2026,4957
25592,2027,4959
25592,2028,4967
25592,2029,4965
25592,2030,4957
25592,2031,4935
25592,2032,4926
25592,2033,4885
25592,2034,4847
25592,2035,4816
25592,2036,4785
25592,2037,4750
25592,2038,4710
25592,2039,4660
25592,2040,4618
25592,2041,4560
25592,2042,4518
25594,2005,4789
25594,2006,4748
25594,2007,4704
25594,2008,4666
25594,2009,4658
25594,2010,4647
25594,2011,4666
25594,2012,4690
25594,2013,4711
25594,2014,4745
25594,2015,4810
25594,2016,4892
25594,2017,4940
25594,2018,5030
25594,2019,5080
25594,2020,5145
25594,2021,5174
25594,2022,5177
25594,2023,5179
25594,2024,5182
25594,2025,5201
25594,2026,5191
25594,2027,5202
25594,2028,5169
25594,2029,5171
25594,2030,5165
25594,2031,5130
25594,2032,5113
25594,2033,5087
25594,2034,5065
25594,2035,5036
25594,2036,4998
25594,2037,4961
25594,2038,4924
25594,2039,4884
25594,2040,4848
25594,2041,4816
25594,2042,4755
25596,2005,6865
25596,2006,6704
25596,2007,6615
25596,2008,6517
25596,2009,6391
25596,2010,6376
25596,2011,6274
25596,2012,6227
25596,2013,6200
25596,2014,6233
25596,2015,6262
25596,2016,6216
25596,2017,6220
25596,2018,6242
25596,2019,6184
25596,2020,6167
25596,2021,6077
25596,2022,5981
25596,2023,5874
25596,2024,5777
25596,2025,5675
25596,2026,5561
25596,2027,5476
25596,2028,5356
25596,2029,5226
25596,2030,5121
25596,2031,4994
25596,2032,4869
25596,2033,4731
25596,2034,4615
25596,2035,4499
25596,2036,4351
25596,2037,4236
25596,2038,4121
25596,2039,3977
25596,2040,3866
25596,2041,3749
25596,2042,3613
25599,2005,6726
25599,2006,6738
25599,2007,6712
25599,2008,6753
25599,2009,6815
25599,2010,6891
25599,2011,6992
25599,2012,7106
25599,2013,7224
25599,2014,7357
25599,2015,7511
25599,2016,7677
25599,2017,7890
25599,2018,8196
25599,2019,8289
25599,2020,8396
25599,2021,8461
25599,2022,8520
25599,2023,8557
25599,2024,8624
25599,2025,8666
25599,2026,8689
25599,2027,8725
25599,2028,8779
25599,2029,8783
25599,2030,8813
25599,2031,8828
25599,2032,8827
25599,2033,8842
25599,2034,8846
25599,2035,8843
25599,2036,8827
25599,2037,8816
25599,2038,8800
25599,2039,8788
25599,2040,8750
25599,2041,8718
25599,2042,8701
25612,2005,7965
25612,2006,8169
25612,2007,8353
25612,2008,8586
25612,2009,8860
25612,2010,9150
25612,2011,9488
25612,2012,9867
25612,2013,10223
25612,2014,10669
25612,2015,11104
25612,2016,11621
25612,2017,12204
25612,2018,12874
25612,2019,13317
25612,2020,13765
25612,2021,14153
25612,2022,14508
25612,2023,14851
25612,2024,15191
25612,2025,15535
25612,2026,15834
25612,2027,16120
25612,2028,16375
25612,2029,16638
25612,2030,16864
25612,2031,17062
25612,2032,17266
25612,2033,17432
25612,2034,17593
25612,2035,17705
25612,2036,17845
25612,2037,17918
25612,2038,17987
25612,2039,18066
25612,2040,18120
25612,2041,18145
25612,2042,18142
25645,2005,9463
25645,2006,9489
25645,2007,9530
25645,2008,9616
25645,2009,9718
25645,2010,9834
25645,2011,9976
25645,2012,10156
25645,2013,10355
25645,2014,10573
25645,2015,10828
25645,2016,11109
25645,2017,11428
25645,2018,11751
25645,2019,11853
25645,2020,12061
25645,2021,12136
25645,2022,12134
25645,2023,12184
25645,2024,12208
25645,2025,12207
25645,2026,12209
25645,2027,12208
25645,2028,12165
25645,2029,12169
25645,2030,12100
25645,2031,12033
25645,2032,11962
25645,2033,11869
25645,2034,11782
25645,2035,11662
25645,2036,11553
25645,2037,11436
25645,2038,11312
25645,2039,11159
25645,2040,11031
25645,2041,10903
25645,2042,10756
25649,2005,8795
25649,2006,8638
25649,2007,8514
25649,2008,8424
25649,2009,8368
25649,2010,8286
25649,2011,8258
25649,2012,8252
25649,2013,8235
25649,2014,8226
25649,2015,8264
25649,2016,8310
25649,2017,8364
25649,2018,8473
25649,2019,8554
25649,2020,8607
25649,2021,8644
25649,2022,8651
25649,2023,8685
25649,2024,8709
25649,2025,8729
25649,2026,8732
25649,2027,8749
25649,2028,8743
25649,2029,8753
25649,2030,8730
25649,2031,8740
25649,2032,8720
25649,2033,8699
25649,2034,8674
25649,2035,8644
25649,2036,8598
25649,2037,8564
25649,2038,8529
25649,2039,8488
25649,2040,8436
25649,2041,8384
25649,2042,8316
25653,2005,4899
25653,2006,4832
25653,2007,4760
25653,2008,4706
25653,2009,4656
25653,2010,4635
25653,2011,4600
25653,2012,4650
25653,2013,4634
25653,2014,4667
25653,2015,4704
25653,2016,4721
25653,2017,4752
25653,2018,4802
25653,2019,4828
25653,2020,4893
25653,2021,4888
25653,2022,4855
25653,2023,4825
25653,2024,4839
25653,2025,4824
25653,2026,4790
25653,2027,4769
25653,2028,4761
25653,2029,4704
25653,2030,4654
25653,2031,4619
25653,2032,4569
25653,2033,4511
25653,2034,4452
25653,2035,4389
25653,2036,4333
25653,2037,4271
25653,2038,4217
25653,2039,4149
25653,2040,4078
25653,2041,4003
25653,2042,3954
25658,2005,7579
25658,2006,7646
25658,2007,7756
25658,2008,7888
25658,2009,8064
25658,2010,8242
25658,2011,8462
25658,2012,8700
25658,2013,8932
25658,2014,9234
25658,2015,9514
25658,2016,9878
25658,2017,10260
25658,2018,10730
25658,2019,11056
25658,2020,11418
25658,2021,11716
25658,2022,11992
25658,2023,12263
25658,2024,12563
25658,2025,12843
25658,2026,13130
25658,2027,13399
25658,2028,13661
25658,2029,13926
25658,2030,14198
25658,2031,14458
25658,2032,14715
25658,2033,14980
25658,2034,15231
25658,2035,15484
25658,2036,15749
25658,2037,16001
25658,2038,16262
25658,2039,16539
25658,2040,16769
25658,2041,17030
25658,2042,17277
25662,2005,8118
25662,2006,8019
25662,2007,7918
25662,2008,7848
25662,2009,7804
25662,2010,7752
25662,2011,7734
25662,2012,7773
25662,2013,7768
25662,2014,7805
25662,2015,7853
25662,2016,7942
25662,2017,7988
25662,2018,8180
25662,2019,8242
25662,2020,8317
25662,2021,8340
25662,2022,8378
25662,2023,8380
25662,2024,8423
25662,2025,8415
25662,2026,8443
25662,2027,8454
25662,2028,8443
25662,2029,8437
25662,2030,8448
25662,2031,8420
25662,2032,8421
25662,2033,8400
25662,2034,8366
25662,2035,8350
25662,2036,8310
25662,2037,8271
25662,2038,8242
25662,2039,8189
25662,2040,8134
25662,2041,8099
25662,2042,8019
25718,2005,8613
25718,2006,8638
25718,2007,8665
25718,2008,8702
25718,2009,8795
25718,2010,8880
25718,2011,9044
25718,2012,9159
25718,2013,9358
25718,2014,9553
25718,2015,9772
25718,2016,10037
25718,2017,10326
25718,2018,10653
25718,2019,10787
25718,2020,11018
25718,2021,11120
25718,2022,11216
25718,2023,11267
25718,2024,11389
25718,2025,11447
25718,2026,11493
25718,2027,11550
25718,2028,11598
25718,2029,11636
25718,2030,11656
25718,2031,11671
25718,2032,11674
25718,2033,11662
25718,2034,11652
25718,2035,11621
25718,2036,11615
25718,2037,11592
25718,2038,11558
25718,2039,11492
25718,2040,11467
25718,2041,11412
25718,2042,11360
25736,2005,7807
25736,2006,7914
25736,2007,8054
25736,2008,8199
25736,2009,8394
25736,2010,8617
25736,2011,8854
25736,2012,9120
25736,2013,9414
25736,2014,9726
25736,2015,10073
25736,2016,10470
25736,2017,10876
25736,2018,11380
25736,2019,11628
25736,2020,11929
25736,2021,12167
25736,2022,12340
25736,2023,12522
25736,2024,12723
25736,2025,12897
25736,2026,13074
25736,2027,13239
25736,2028,13371
25736,2029,13532
25736,2030,13660
25736,2031,13804
25736,2032,13932
25736,2033,14032
25736,2034,14144
25736,2035,14251
25736,2036,14343
25736,2037,14449
25736,2038,14524
25736,2039,14620
25736,2040,14701
25736,2041,14771
25736,2042,14824
25740,2005,22101
25740,2006,22466
25740,2007,22909
25740,2008,23437
25740,2009,24000
25740,2010,24694
25740,2011,25455
25740,2012,26289
25740,2013,27198
25740,2014,28192
25740,2015,29276
25740,2016,30477
25740,2017,31838
25740,2018,35219
25740,2019,37338
25740,2020,38454
25740,2021,39008
25740,2022,39361
25740,2023,39697
25740,2024,40013
25740,2025,40324
25740,2026,40496
25740,2027,40661
25740,2028,40787
25740,2029,40905
25740,2030,40975
25740,2031,41057
25740,2032,41127
25740,2033,41179
25740,2034,41185
25740,2035,41170
25740,2036,41152
25740,2037,41129
25740,2038,41104
25740,2039,41057
25740,2040,40999
25740,2041,40919
25740,2042,40856
25743,2005,16601
25743,2006,16687
25743,2007,16808
25743,2008,16964
25743,2009,17207
25743,2010,17470
25743,2011,17810
25743,2012,18150
25743,2013,18558
25743,2014,19037
25743,2015,19532
25743,2016,20110
25743,2017,20787
25743,2018,21628
25743,2019,21853
25743,2020,22084
25743,2021,22224
25743,2022,22290
25743,2023,22358
25743,2024,22445
25743,2025,22520
25743,2026,22561
25743,2027,22597
25743,2028,22619
25743,2029,22621
25743,2030,22598
25743,2031,22600
25743,2032,22550
25743,2033,22518
25743,2034,22441
25743,2035,22386
25743,2036,22299
25743,2037,22199
25743,2038,22087
25743,2039,21981
25743,2040,21849
25743,2041,21666
25743,2042,21536
25745,2005,9164
25745,2006,9249
25745,2007,9373
25745,2008,9527
25745,2009,9688
25745,2010,9903
25745,2011,10141
25745,2012,10424
25745,2013,10738
25745,2014,11060
25745,2015,11434
25745,2016,11814
25745,2017,12260
25745,2018,12847
25745,2019,13129
25745,2020,13412
25745,2021,13670
25745,2022,13880
25745,2023,14074
25745,2024,14289
25745,2025,14487
25745,2026,14680
25745,2027,14867
25745,2028,15044
25745,2029,15220
25745,2030,15404
25745,2031,15583
25745,2032,15758
25745,2033,15936
25745,2034,16110
25745,2035,16277
25745,2036,16470
25745,2037,16678
25745,2038,16853
25745,2039,17046
25745,2040,17214
25745,2041,17390
25745,2042,17535
25754,2005,340626
25754,2006,354472
25754,2007,369592
25754,2008,386131
25754,2009,404309
25754,2010,424252
25754,2011,445740
25754,2012,469029
25754,2013,494162
25754,2014,521345
25754,2015,550626
25754,2016,583007
25754,2017,618820
25754,2018,659218
25754,2019,692774
25754,2020,729462
25754,2021,760132
25754,2022,787512
25754,2023,814670
25754,2024,842579
25754,2025,870077
25754,2026,895878
25754,2027,921652
25754,2028,947495
25754,2029,973437
25754,2030,999500
25754,2031,1025668
25754,2032,1051965
25754,2033,1078301
25754,2034,1104675
25754,2035,1131018
25754,2036,1157324
25754,2037,1183565
25754,2038,1209661
25754,2039,1235622
25754,2040,1261388
25754,2041,1286892
25754,2042,1312126
25758,2005,15329
25758,2006,15746
25758,2007,16183
25758,2008,16684
25758,2009,17274
25758,2010,17927
25758,2011,18617
25758,2012,19385
25758,2013,20198
25758,2014,21090
25758,2015,22067
25758,2016,23146
25758,2017,24360
25758,2018,27249
25758,2019,29252
25758,2020,30355
25758,2021,31102
25758,2022,31729
25758,2023,32323
25758,2024,32937
25758,2025,33511
25758,2026,34015
25758,2027,34490
25758,2028,34980
25758,2029,35420
25758,2030,35880
25758,2031,36323
25758,2032,36760
25758,2033,37178
25758,2034,37588
25758,2035,38023
25758,2036,38415
25758,2037,38809
25758,2038,39187
25758,2039,39557
25758,2040,39924
25758,2041,40300
25758,2042,40642
25769,2005,13724
25769,2006,13631
25769,2007,13586
25769,2008,13590
25769,2009,13628
25769,2010,13710
25769,2011,13839
25769,2012,13971
25769,2013,14145
25769,2014,14351
25769,2015,14595
25769,2016,14889
25769,2017,15231
25769,2018,15657
25769,2019,16048
25769,2020,16461
25769,2021,16797
25769,2022,17116
25769,2023,17411
25769,2024,17703
25769,2025,17999
25769,2026,18259
25769,2027,18573
25769,2028,18836
25769,2029,19085
25769,2030,19351
25769,2031,19603
25769,2032,19864
25769,2033,20126
25769,2034,20350
25769,2035,20601
25769,2036,20878
25769,2037,21135
25769,2038,21379
25769,2039,21631
25769,2040,21862
25769,2041,22091
25769,2042,22333
25772,2005,11790
25772,2006,11931
25772,2007,12105
25772,2008,12331
25772,2009,12619
25772,2010,12924
25772,2011,13279
25772,2012,13654
25772,2013,14076
25772,2014,14529
25772,2015,15039
25772,2016,15594
25772,2017,16250
25772,2018,16997
25772,2019,17399
25772,2020,17860
25772,2021,18214
25772,2022,18521
25772,2023,18840
25772,2024,19171
25772,2025,19477
25772,2026,19762
25772,2027,20054
25772,2028,20328
25772,2029,20604
25772,2030,20877
25772,2031,21148
25772,2032,21398
25772,2033,21632
25772,2034,21891
25772,2035,22111
25772,2036,22383
25772,2037,22628
25772,2038,22887
25772,2039,23131
25772,2040,23346
25772,2041,23574
25772,2042,23785
25777,2005,4493
25777,2006,4476
25777,2007,4471
25777,2008,4459
25777,2009,4497
25777,2010,4510
25777,2011,4549
25777,2012,4604
25777,2013,4711
25777,2014,4731
25777,2015,4827
25777,2016,4899
25777,2017,5061
25777,2018,5167
25777,2019,5244
25777,2020,5369
25777,2021,5392
25777,2022,5431
25777,2023,5494
25777,2024,5529
25777,2025,5550
25777,2026,5592
25777,2027,5614
25777,2028,5641
25777,2029,5658
25777,2030,5676
25777,2031,5667
25777,2032,5677
25777,2033,5698
25777,2034,5692
25777,2035,5681
25777,2036,5664
25777,2037,5673
25777,2038,5657
25777,2039,5651
25777,2040,5640
25777,2041,5625
25777,2042,5617
25779,2005,5429
25779,2006,5447
25779,2007,5437
25779,2008,5441
25779,2009,5481
25779,2010,5507
25779,2011,5576
25779,2012,5681
25779,2013,5746
25779,2014,5851
25779,2015,5981
25779,2016,6114
25779,2017,6200
25779,2018,6435
25779,2019,6469
25779,2020,6538
25779,2021,6567
25779,2022,6586
25779,2023,6582
25779,2024,6595
25779,2025,6595
25779,2026,6601
25779,2027,6580
25779,2028,6592
25779,2029,6574
25779,2030,6561
25779,2031,6543
25779,2032,6508
25779,2033,6478
25779,2034,6456
25779,2035,6417
25779,2036,6390
25779,2037,6343
25779,2038,6324
25779,2039,6295
25779,2040,6233
25779,2041,6188
25779,2042,6149
25781,2005,4186
25781,2006,4260
25781,2007,4327
25781,2008,4414
25781,2009,4481
25781,2010,4560
25781,2011,4675
25781,2012,4792
25781,2013,4939
25781,2014,5066
25781,2015,5243
25781,2016,5422
25781,2017,5638
25781,2018,5847
25781,2019,6013
25781,2020,6210
25781,2021,6362
25781,2022,6482
25781,2023,6616
25781,2024,6727
25781,2025,6869
25781,2026,7004
25781,2027,7155
25781,2028,7246
25781,2029,7356
25781,2030,7479
25781,2031,7584
25781,2032,7696
25781,2033,7800
25781,2034,7907
25781,2035,7994
25781,2036,8097
25781,2037,8200
25781,2038,8289
25781,2039,8394
25781,2040,8479
25781,2041,8551
25781,2042,8641
25785,2005,13827
25785,2006,14118
25785,2007,14452
25785,2008,14846
25785,2009,15249
25785,2010,15751
25785,2011,16305
25785,2012,16835
25785,2013,17442
25785,2014,18117
25785,2015,18867
25785,2016,19672
25785,2017,20541
25785,2018,21566
25785,2019,21850
25785,2020,22248
25785,2021,22431
25785,2022,22616
25785,2023,22727
25785,2024,22884
25785,2025,23025
25785,2026,23125
25785,2027,23207
25785,2028,23281
25785,2029,23331
25785,2030,23365
25785,2031,23384
25785,2032,23385
25785,2033,23362
25785,2034,23328
25785,2035,23292
25785,2036,23260
25785,2037,23205
25785,2038,23160
25785,2039,23080
25785,2040,22986
25785,2041,22896
25785,2042,22797
25793,2005,6384
25793,2006,6349
25793,2007,6416
25793,2008,6452
25793,2009,6508
25793,2010,6638
25793,2011,6721
25793,2012,6848
25793,2013,6994
25793,2014,7151
25793,2015,7356
25793,2016,7529
25793,2017,7776
25793,2018,8005
25793,2019,8122
25793,2020,8300
25793,2021,8371
25793,2022,8442
25793,2023,8491
25793,2024,8560
25793,2025,8602
25793,2026,8658
25793,2027,8687
25793,2028,8716
25793,2029,8729
25793,2030,8743
25793,2031,8749
25793,2032,8756
25793,2033,8724
25793,2034,8728
25793,2035,8690
25793,2036,8660
25793,2037,8635
25793,2038,8600
25793,2039,8561
25793,2040,8520
25793,2041,8452
25793,2042,8408
25797,2005,7149
25797,2006,7168
25797,2007,7219
25797,2008,7340
25797,2009,7463
25797,2010,7601
25797,2011,7791
25797,2012,7949
25797,2013,8157
25797,2014,8349
25797,2015,8583
25797,2016,8848
25797,2017,9135
25797,2018,9473
25797,2019,9770
25797,2020,10129
25797,2021,10384
25797,2022,10616
25797,2023,10838
25797,2024,11062
25797,2025,11316
25797,2026,11534
25797,2027,11770
25797,2028,11962
25797,2029,12171
25797,2030,12364
25797,2031,12532
25797,2032,12694
25797,2033,12839
25797,2034,12970
25797,2035,13101
25797,2036,13244
25797,2037,13342
25797,2038,13451
25797,2039,13545
25797,2040,13637
25797,2041,13726
25797,2042,13798
25799,2005,14155
25799,2006,14405
25799,2007,14734
25799,2008,15102
25799,2009,15535
25799,2010,15994
25799,2011,16519
25799,2012,17097
25799,2013,17714
25799,2014,18375
25799,2015,19111
25799,2016,19931
25799,2017,20825
25799,2018,21857
25799,2019,22391
25799,2020,23002
25799,2021,23443
25799,2022,23825
25799,2023,24235
25799,2024,24623
25799,2025,25014
25799,2026,25385
25799,2027,25747
25799,2028,26080
25799,2029,26414
25799,2030,26739
25799,2031,27056
25799,2032,27367
25799,2033,27655
25799,2034,27951
25799,2035,28222
25799,2036,28526
25799,2037,28836
25799,2038,29098
25799,2039,29381
25799,2040,29619
25799,2041,29901
25799,2042,30098
25805,2005,3883
25805,2006,3846
25805,2007,3817
25805,2008,3801
25805,2009,3799
25805,2010,3828
25805,2011,3835
25805,2012,3947
25805,2013,3991
25805,2014,4005
25805,2015,4123
25805,2016,4126
25805,2017,4213
25805,2018,4354
25805,2019,4377
25805,2020,4390
25805,2021,4358
25805,2022,4326
25805,2023,4301
25805,2024,4276
25805,2025,4265
25805,2026,4222
25805,2027,4204
25805,2028,4181
25805,2029,4135
25805,2030,4099
25805,2031,4058
25805,2032,4017
25805,2033,3956
25805,2034,3929
25805,2035,3862
25805,2036,3798
25805,2037,3761
25805,2038,3710
25805,2039,3643
25805,2040,3574
25805,2041,3526
25805,2042,3450
25807,2005,3016
25807,2006,2977
25807,2007,2944
25807,2008,2999
25807,2009,2989
25807,2010,2921
25807,2011,2900
25807,2012,2958
25807,2013,2994
25807,2014,3104
25807,2015,3086
25807,2016,3020
25807,2017,3110
25807,2018,3132
25807,2019,3176
25807,2020,3251
25807,2021,3270
25807,2022,3307
25807,2023,3323
25807,2024,3346
25807,2025,3376
25807,2026,3384
25807,2027,3401
25807,2028,3410
25807,2029,3422
25807,2030,3440
25807,2031,3442
25807,2032,3441
25807,2033,3422
25807,2034,3401
25807,2035,3417
25807,2036,3401
25807,2037,3373
25807,2038,3356
25807,2039,3356
25807,2040,3335
25807,2041,3300
25807,2042,3276
25815,2005,13713
25815,2006,13638
25815,2007,13592
25815,2008,13604
25815,2009,13649
25815,2010,13715
25815,2011,13830
25815,2012,14020
25815,2013,14167
25815,2014,14390
25815,2015,14639
25815,2016,14939
25815,2017,15291
25815,2018,15737
25815,2019,15830
25815,2020,15923
25815,2021,15961
25815,2022,16001
25815,2023,16028
25815,2024,16059
25815,2025,16083
25815,2026,16083
25815,2027,16079
25815,2028,16097
25815,2029,16069
25815,2030,16074
25815,2031,16038
25815,2032,16017
25815,2033,16002
25815,2034,15956
25815,2035,15921
25815,2036,15839
25815,2037,15777
25815,2038,15711
25815,2039,15638
25815,2040,15550
25815,2041,15472
25815,2042,15377
25817,2005,21863
25817,2006,22662
25817,2007,23543
25817,2008,24507
25817,2009,25549
25817,2010,26690
25817,2011,27929
25817,2012,29250
25817,2013,30678
25817,2014,32179
25817,2015,33841
25817,2016,35666
25817,2017,37633
25817,2018,39860
25817,2019,41456
25817,2020,43200
25817,2021,44622
25817,2022,45898
25817,2023,47128
25817,2024,48367
25817,2025,49532
25817,2026,50587
25817,2027,51596
25817,2028,52530
25817,2029,53384
25817,2030,54172
25817,2031,54887
25817,2032,55527
25817,2033,56124
25817,2034,56604
25817,2035,57038
25817,2036,57474
25817,2037,57859
25817,2038,58178
25817,2039,58413
25817,2040,58609
25817,2041,58694
25817,2042,58755
25823,2005,4495
25823,2006,4361
25823,2007,4291
25823,2008,4238
25823,2009,4195
25823,2010,4148
25823,2011,4111
25823,2012,4125
25823,2013,4106
25823,2014,4083
25823,2015,4076
25823,2016,4091
25823,2017,4077
25823,2018,4101
25823,2019,4104
25823,2020,4122
25823,2021,4106
25823,2022,4060
25823,2023,4036
25823,2024,3994
25823,2025,3972
25823,2026,3935
25823,2027,3878
25823,2028,3838
25823,2029,3780
25823,2030,3749
25823,2031,3693
25823,2032,3622
25823,2033,3577
25823,2034,3506
25823,2035,3443
25823,2036,3381
25823,2037,3326
25823,2038,3264
25823,2039,3186
25823,2040,3133
25823,2041,3051
25823,2042,3001
25839,2005,8947
25839,2006,8734
25839,2007,8552
25839,2008,8406
25839,2009,8258
25839,2010,8153
25839,2011,8048
25839,2012,7997
25839,2013,7924
25839,2014,7809
25839,2015,7724
25839,2016,7717
25839,2017,7722
25839,2018,7668
25839,2019,7714
25839,2020,7838
25839,2021,7838
25839,2022,7880
25839,2023,7884
25839,2024,7889
25839,2025,7897
25839,2026,7908
25839,2027,7900
25839,2028,7878
25839,2029,7858
25839,2030,7840
25839,2031,7808
25839,2032,7779
25839,2033,7714
25839,2034,7673
25839,2035,7614
25839,2036,7556
25839,2037,7470
25839,2038,7427
25839,2039,7370
25839,2040,7287
25839,2041,7231
25839,2042,7139
25841,2005,6333
25841,2006,6296
25841,2007,6209
25841,2008,6184
25841,2009,6170
25841,2010,6176
25841,2011,6212
25841,2012,6243
25841,2013,6248
25841,2014,6308
25841,2015,6365
25841,2016,6490
25841,2017,6594
25841,2018,6681
25841,2019,6734
25841,2020,6840
25841,2021,6865
25841,2022,6896
25841,2023,6886
25841,2024,6923
25841,2025,6934
25841,2026,6923
25841,2027,6941
25841,2028,6889
25841,2029,6903
25841,2030,6851
25841,2031,6812
25841,2032,6775
25841,2033,6731
25841,2034,6682
25841,2035,6655
25841,2036,6578
25841,2037,6530
25841,2038,6458
25841,2039,6398
25841,2040,6308
25841,2041,6261
25841,2042,6175
25843,2005,27553
25843,2006,28048
25843,2007,28640
25843,2008,29330
25843,2009,30125
25843,2010,31018
25843,2011,32026
25843,2012,33109
25843,2013,34300
25843,2014,35634
25843,2015,37051
25843,2016,38638
25843,2017,40431
25843,2018,42737
25843,2019,43616
25843,2020,44453
25843,2021,45287
25843,2022,45977
25843,2023,46613
25843,2024,47305
25843,2025,47985
25843,2026,48587
25843,2027,49195
25843,2028,49817
25843,2029,50427
25843,2030,51067
25843,2031,51700
25843,2032,52359
25843,2033,53001
25843,2034,53641
25843,2035,54288
25843,2036,55080
25843,2037,55849
25843,2038,56593
25843,2039,57320
25843,2040,58049
25843,2041,58747
25843,2042,59413
25845,2005,5996
25845,2006,5977
25845,2007,5970
25845,2008,5987
25845,2009,5994
25845,2010,6042
25845,2011,6103
25845,2012,6149
25845,2013,6223
25845,2014,6345
25845,2015,6458
25845,2016,6579
25845,2017,6700
25845,2018,6939
25845,2019,6927
25845,2020,6924
25845,2021,6899
25845,2022,6843
25845,2023,6779
25845,2024,6730
25845,2025,6670
25845,2026,6630
25845,2027,6570
25845,2028,6492
25845,2029,6411
25845,2030,6337
25845,2031,6266
25845,2032,6187
25845,2033,6106
25845,2034,6038
25845,2035,5958
25845,2036,5877
25845,2037,5820
25845,2038,5743
25845,2039,5667
25845,2040,5585
25845,2041,5515
25845,2042,5427
25851,2005,3986
25851,2006,3946
25851,2007,3896
25851,2008,3888
25851,2009,3891
25851,2010,3885
25851,2011,3910
25851,2012,3924
25851,2013,3962
25851,2014,3987
25851,2015,3989
25851,2016,4101
25851,2017,4155
25851,2018,4257
25851,2019,4264
25851,2020,4304
25851,2021,4331
25851,2022,4335
25851,2023,4323
25851,2024,4342
25851,2025,4345
25851,2026,4344
25851,2027,4357
25851,2028,4337
25851,2029,4319
25851,2030,4309
25851,2031,4323
25851,2032,4293
25851,2033,4296
25851,2034,4278
25851,2035,4271
25851,2036,4252
25851,2037,4256
25851,2038,4251
25851,2039,4237
25851,2040,4220
25851,2041,4195
25851,2042,4179
25862,2005,7149
25862,2006,7019
25862,2007,6927
25862,2008,6835
25862,2009,6757
25862,2010,6717
25862,2011,6706
25862,2012,6664
25862,2013,6698
25862,2014,6666
25862,2015,6643
25862,2016,6670
25862,2017,6737
25862,2018,6803
25862,2019,6802
25862,2020,6873
25862,2021,6846
25862,2022,6793
25862,2023,6750
25862,2024,6708
25862,2025,6696
25862,2026,6648
25862,2027,6568
25862,2028,6530
25862,2029,6464
25862,2030,6367
25862,2031,6293
25862,2032,6212
25862,2033,6136
25862,2034,6023
25862,2035,5925
25862,2036,5853
25862,2037,5732
25862,2038,5634
25862,2039,5538
25862,2040,5446
25862,2041,5338
25862,2042,5240
25867,2005,3496
25867,2006,3515
25867,2007,3504
25867,2008,3534
25867,2009,3561
25867,2010,3601
25867,2011,3668
25867,2012,3717
25867,2013,3801
25867,2014,3882
25867,2015,3939
25867,2016,4054
25867,2017,4198
25867,2018,4309
25867,2019,4387
25867,2020,4457
25867,2021,4503
25867,2022,4537
25867,2023,4572
25867,2024,4624
25867,2025,4643
25867,2026,4676
25867,2027,4708
25867,2028,4720
25867,2029,4726
25867,2030,4760
25867,2031,4752
25867,2032,4754
25867,2033,4746
25867,2034,4773
25867,2035,4760
25867,2036,4773
25867,2037,4759
25867,2038,4770
25867,2039,4750
25867,2040,4742
25867,2041,4729
25867,2042,4735
25871,2005,1857
25871,2006,1813
25871,2007,1757
25871,2008,1721
25871,2009,1707
25871,2010,1688
25871,2011,1694
25871,2012,1681
25871,2013,1673
25871,2014,1747
25871,2015,1721
25871,2016,1728
25871,2017,1721
25871,2018,1758
25871,2019,1752
25871,2020,1734
25871,2021,1719
25871,2022,1688
25871,2023,1663
25871,2024,1645
25871,2025,1629
25871,2026,1605
25871,2027,1569
25871,2028,1559
25871,2029,1530
25871,2030,1501
25871,2031,1469
25871,2032,1432
25871,2033,1408
25871,2034,1384
25871,2035,1351
25871,2036,1332
25871,2037,1300
25871,2038,1285
25871,2039,1253
25871,2040,1220
25871,2041,1201
25871,2042,1161
25873,2005,13934
25873,2006,13930
25873,2007,13977
25873,2008,14058
25873,2009,14189
25873,2010,14372
25873,2011,14563
25873,2012,14816
25873,2013,15086
25873,2014,15376
25873,2015,15725
25873,2016,16115
25873,2017,16589
25873,2018,17120
25873,2019,17358
25873,2020,17648
25873,2021,17800
25873,2022,17923
25873,2023,18016
25873,2024,18129
25873,2025,18231
25873,2026,18305
25873,2027,18376
25873,2028,18413
25873,2029,18485
25873,2030,18510
25873,2031,18514
25873,2032,18530
25873,2033,18542
25873,2034,18520
25873,2035,18499
25873,2036,18504
25873,2037,18498
25873,2038,18463
25873,2039,18423
25873,2040,18385
25873,2041,18318
25873,2042,18258
25875,2005,20177
25875,2006,20282
25875,2007,20449
25875,2008,20685
25875,2009,20985
25875,2010,21366
25875,2011,21790
25875,2012,22300
25875,2013,22820
25875,2014,23432
25875,2015,24132
25875,2016,24903
25875,2017,25770
25875,2018,26957
25875,2019,27386
25875,2020,27847
25875,2021,28242
25875,2022,28539
25875,2023,28823
25875,2024,29130
25875,2025,29421
25875,2026,29687
25875,2027,29914
25875,2028,30156
25875,2029,30394
25875,2030,30625
25875,2031,30876
25875,2032,31127
25875,2033,31355
25875,2034,31598
25875,2035,31809
25875,2036,32082
25875,2037,32374
25875,2038,32638
25875,2039,32870
25875,2040,33124
25875,2041,33349
25875,2042,33554
25878,2005,12603
25878,2006,12452
25878,2007,12347
25878,2008,12275
25878,2009,12254
25878,2010,12249
25878,2011,12255
25878,2012,12323
25878,2013,12363
25878,2014,12467
25878,2015,12583
25878,2016,12746
25878,2017,12935
25878,2018,13244
25878,2019,13310
25878,2020,13444
25878,2021,13471
25878,2022,13484
25878,2023,13468
25878,2024,13500
25878,2025,13513
25878,2026,13496
25878,2027,13497
25878,2028,13476
25878,2029,13420
25878,2030,13397
25878,2031,13333
25878,2032,13279
25878,2033,13231
25878,2034,13147
25878,2035,13067
25878,2036,12994
25878,2037,12886
25878,2038,12777
25878,2039,12671
25878,2040,12573
25878,2041,12450
25878,2042,12346
25885,2005,13642
25885,2006,13347
25885,2007,13105
25885,2008,12923
25885,2009,12748
25885,2010,12588
25885,2011,12465
25885,2012,12396
25885,2013,12293
25885,2014,12238
25885,2015,12217
25885,2016,12203
25885,2017,12219
25885,2018,12236
25885,2019,12110
25885,2020,12040
25885,2021,11840
25885,2022,11621
25885,2023,11413
25885,2024,11191
25885,2025,10996
25885,2026,10779
25885,2027,10550
25885,2028,10315
25885,2029,10058
25885,2030,9835
25885,2031,9595
25885,2032,9350
25885,2033,9103
25885,2034,8861
25885,2035,8631
25885,2036,8390
25885,2037,8152
25885,2038,7934
25885,2039,7713
25885,2040,7476
25885,2041,7246
25885,2042,7013
25898,2005,3750
25898,2006,3738
25898,2007,3762
25898,2008,3758
25898,2009,3821
25898,2010,3878
25898,2011,3938
25898,2012,4004
25898,2013,4077
25898,2014,4145
25898,2015,4248
25898,2016,4364
25898,2017,4501
25898,2018,4635
25898,2019,4659
25898,2020,4707
25898,2021,4716
25898,2022,4703
25898,2023,4692
25898,2024,4679
25898,2025,4655
25898,2026,4649
25898,2027,4622
25898,2028,4582
25898,2029,4558
25898,2030,4513
25898,2031,4487
25898,2032,4447
25898,2033,4420
25898,2034,4358
25898,2035,4320
25898,2036,4277
25898,2037,4234
25898,2038,4178
25898,2039,4121
25898,2040,4073
25898,2041,4025
25898,2042,3959
25899,2005,81471
25899,2006,83211
25899,2007,85242
25899,2008,87563
25899,2009,90203
25899,2010,93191
25899,2011,96489
25899,2012,100054
25899,2013,103968
25899,2014,108243
25899,2015,112862
25899,2016,118023
25899,2017,123742
25899,2018,134624
25899,2019,142731
25899,2020,148591
25899,2021,152817
25899,2022,156365
25899,2023,159790
25899,2024,163372
25899,2025,166810
25899,2026,169869
25899,2027,172899
25899,2028,175872
25899,2029,178833
25899,2030,181778
25899,2031,184670
25899,2032,187564
25899,2033,190458
25899,2034,193330
25899,2035,196170
25899,2036,199025
25899,2037,201854
25899,2038,204691
25899,2039,207519
25899,2040,210343
25899,2041,213158
25899,2042,215971
27001,2005,108343
27001,2006,110490
27001,2007,112573
27001,2008,114540
27001,2009,116471
27001,2010,118339
27001,2011,119989
27001,2012,121657
27001,2013,123177
27001,2014,124568
27001,2015,125909
27001,2016,127119
27001,2017,128214
27001,2018,129217
27001,2019,131208
27001,2020,133199
27001,2021,134979
27001,2022,136696
27001,2023,138336
27001,2024,140076
27001,2025,141778
27001,2026,143332
27001,2027,144859
27001,2028,146289
27001,2029,147642
27001,2030,148906
27001,2031,150090
27001,2032,151189
27001,2033,152212
27001,2034,153198
27001,2035,154082
27001,2036,154929
27001,2037,155699
27001,2038,156440
27001,2039,157136
27001,2040,157822
27001,2041,158445
27001,2042,159063
27006,2005,11095
27006,2006,11373
27006,2007,11628
27006,2008,11879
27006,2009,12135
27006,2010,12400
27006,2011,12586
27006,2012,12848
27006,2013,13044
27006,2014,13261
27006,2015,13442
27006,2016,13663
27006,2017,13840
27006,2018,13988
27006,2019,14371
27006,2020,14793
27006,2021,15086
27006,2022,15373
27006,2023,15650
27006,2024,15963
27006,2025,16200
27006,2026,16455
27006,2027,16651
27006,2028,16859
27006,2029,17040
27006,2030,17229
27006,2031,17386
27006,2032,17496
27006,2033,17640
27006,2034,17743
27006,2035,17847
27006,2036,17934
27006,2037,17998
27006,2038,18065
27006,2039,18116
27006,2040,18148
27006,2041,18176
27006,2042,18180
27025,2005,18300
27025,2006,19061
27025,2007,19836
27025,2008,20578
27025,2009,21352
27025,2010,22069
27025,2011,22806
27025,2012,23519
27025,2013,24210
27025,2014,24921
27025,2015,25613
27025,2016,26277
27025,2017,26942
27025,2018,27594
27025,2019,27837
27025,2020,28066
27025,2021,28301
27025,2022,28497
27025,2023,28707
27025,2024,28940
27025,2025,29176
27025,2026,29358
27025,2027,29550
27025,2028,29722
27025,2029,29900
27025,2030,30076
27025,2031,30236
27025,2032,30386
27025,2033,30532
27025,2034,30664
27025,2035,30787
27025,2036,30902
27025,2037,31009
27025,2038,31107
27025,2039,31191
27025,2040,31279
27025,2041,31358
27025,2042,31433
27050,2005,4707
27050,2006,4825
27050,2007,4950
27050,2008,5048
27050,2009,5164
27050,2010,5258
27050,2011,5419
27050,2012,5562
27050,2013,5694
27050,2014,5798
27050,2015,5911
27050,2016,5953
27050,2017,6008
27050,2018,6075
27050,2019,6125
27050,2020,6170
27050,2021,6249
27050,2022,6298
27050,2023,6356
27050,2024,6409
27050,2025,6464
27050,2026,6532
27050,2027,6567
27050,2028,6631
27050,2029,6662
27050,2030,6705
27050,2031,6750
27050,2032,6790
27050,2033,6806
27050,2034,6844
27050,2035,6878
27050,2036,6908
27050,2037,6928
27050,2038,6955
27050,2039,6965
27050,2040,7003
27050,2041,7019
27050,2042,7050
27073,2005,8674
27073,2006,8895
27073,2007,9103
27073,2008,9304
27073,2009,9509
27073,2010,9687
27073,2011,9900
27073,2012,10067
27073,2013,10194
27073,2014,10357
27073,2015,10541
27073,2016,10693
27073,2017,10850
27073,2018,11024
27073,2019,11257
27073,2020,11498
27073,2021,11758
27073,2022,11977
27073,2023,12213
27073,2024,12471
27073,2025,12701
27073,2026,12936
27073,2027,13170
27073,2028,13416
27073,2029,13639
27073,2030,13889
27073,2031,14097
27073,2032,14330
27073,2033,14558
27073,2034,14776
27073,2035,14993
27073,2036,15234
27073,2037,15435
27073,2038,15667
27073,2039,15888
27073,2040,16105
27073,2041,16332
27073,2042,16554
27075,2005,7967
27075,2006,8163
27075,2007,8335
27075,2008,8527
27075,2009,8758
27075,2010,8963
27075,2011,9067
27075,2012,9298
27075,2013,9501
27075,2014,9642
27075,2015,9796
27075,2016,9962
27075,2017,10077
27075,2018,10119
27075,2019,10245
27075,2020,10349
27075,2021,10463
27075,2022,10564
27075,2023,10654
27075,2024,10756
27075,2025,10867
27075,2026,10943
27075,2027,11026
27075,2028,11083
27075,2029,11167
27075,2030,11256
27075,2031,11311
27075,2032,11356
27075,2033,11390
27075,2034,11447
27075,2035,11489
27075,2036,11525
27075,2037,11558
27075,2038,11585
27075,2039,11618
27075,2040,11631
27075,2041,11657
27075,2042,11656
27077,2005,19814
27077,2006,20661
27077,2007,21465
27077,2008,22336
27077,2009,23159
27077,2010,23986
27077,2011,24769
27077,2012,25565
27077,2013,26339
27077,2014,27096
27077,2015,27862
27077,2016,28603
27077,2017,29297
27077,2018,29955
27077,2019,30849
27077,2020,31743
27077,2021,32492
27077,2022,33146
27077,2023,33684
27077,2024,34197
27077,2025,34655
27077,2026,35053
27077,2027,35411
27077,2028,35738
27077,2029,36009
27077,2030,36255
27077,2031,36513
27077,2032,36728
27077,2033,36921
27077,2034,37109
27077,2035,37282
27077,2036,37416
27077,2037,37567
27077,2038,37683
27077,2039,37803
27077,2040,37918
27077,2041,38033
27077,2042,38101
27099,2005,8723
27099,2006,9020
27099,2007,9299
27099,2008,9581
27099,2009,9845
27099,2010,10121
27099,2011,10407
27099,2012,10641
27099,2013,10899
27099,2014,11130
27099,2015,11366
27099,2016,11650
27099,2017,11849
27099,2018,12079
27099,2019,12238
27099,2020,12414
27099,2021,12586
27099,2022,12724
27099,2023,12876
27099,2024,13019
27099,2025,13159
27099,2026,13290
27099,2027,13393
27099,2028,13539
27099,2029,13652
27099,2030,13735
27099,2031,13855
27099,2032,13940
27099,2033,14026
27099,2034,14115
27099,2035,14201
27099,2036,14264
27099,2037,14345
27099,2038,14401
27099,2039,14469
27099,2040,14524
27099,2041,14580
27099,2042,14638
27135,2005,5510
27135,2006,5597
27135,2007,5650
27135,2008,5714
27135,2009,5768
27135,2010,5813
27135,2011,5883
27135,2012,5938
27135,2013,5985
27135,2014,6031
27135,2015,6075
27135,2016,6046
27135,2017,6089
27135,2018,6128
27135,2019,6176
27135,2020,6229
27135,2021,6290
27135,2022,6364
27135,2023,6411
27135,2024,6486
27135,2025,6535
27135,2026,6585
27135,2027,6628
27135,2028,6693
27135,2029,6711
27135,2030,6768
27135,2031,6807
27135,2032,6848
27135,2033,6893
27135,2034,6908
27135,2035,6942
27135,2036,6977
27135,2037,6989
27135,2038,7027
27135,2039,7050
27135,2040,7065
27135,2041,7074
27135,2042,7096
27150,2005,6153
27150,2006,7073
27150,2007,7999
27150,2008,8926
27150,2009,9851
27150,2010,10791
27150,2011,11726
27150,2012,12714
27150,2013,13661
27150,2014,14646
27150,2015,15585
27150,2016,16509
27150,2017,17524
27150,2018,18431
27150,2019,19111
27150,2020,19790
27150,2021,20280
27150,2022,20660
27150,2023,20965
27150,2024,21234
27150,2025,21470
27150,2026,21673
27150,2027,21842
27150,2028,22013
27150,2029,22145
27150,2030,22293
27150,2031,22420
27150,2032,22535
27150,2033,22653
27150,2034,22744
27150,2035,22839
27150,2036,22930
27150,2037,23011
27150,2038,23086
27150,2039,23154
27150,2040,23210
27150,2041,23270
27150,2042,23327
27160,2005,7147
27160,2006,7099
27160,2007,6989
27160,2008,6882
27160,2009,6799
27160,2010,6704
27160,2011,6595
27160,2012,6482
27160,2013,6376
27160,2014,6281
27160,2015,6121
27160,2016,5966
27160,2017,5729
27160,2018,5630
27160,2019,5700
27160,2020,5760
27160,2021,5800
27160,2022,5860
27160,2023,5911
27160,2024,5986
27160,2025,6038
27160,2026,6063
27160,2027,6125
27160,2028,6177
27160,2029,6221
27160,2030,6258
27160,2031,6315
27160,2032,6338
27160,2033,6365
27160,2034,6411
27160,2035,6423
27160,2036,6450
27160,2037,6478
27160,2038,6508
27160,2039,6533
27160,2040,6541
27160,2041,6560
27160,2042,6587
27205,2005,10382
27205,2006,10608
27205,2007,10833
27205,2008,11056
27205,2009,11257
27205,2010,11470
27205,2011,11643
27205,2012,11830
27205,2013,12042
27205,2014,12182
27205,2015,12348
27205,2016,12447
27205,2017,12582
27205,2018,12657
27205,2019,12684
27205,2020,12706
27205,2021,12707
27205,2022,12677
27205,2023,12668
27205,2024,12664
27205,2025,12644
27205,2026,12620
27205,2027,12585
27205,2028,12541
27205,2029,12485
27205,2030,12447
27205,2031,12368
27205,2032,12308
27205,2033,12229
27205,2034,12142
27205,2035,12053
27205,2036,11964
27205,2037,11867
27205,2038,11755
27205,2039,11666
27205,2040,11567
27205,2041,11449
27205,2042,11350
27245,2005,6545
27245,2006,6691
27245,2007,6844
27245,2008,6973
27245,2009,7119
27245,2010,7276
27245,2011,7419
27245,2012,7529
27245,2013,7619
27245,2014,7759
27245,2015,7833
27245,2016,7972
27245,2017,8106
27245,2018,8198
27245,2019,8263
27245,2020,8333
27245,2021,8401
27245,2022,8486
27245,2023,8553
27245,2024,8622
27245,2025,8704
27245,2026,8768
27245,2027,8832
27245,2028,8886
27245,2029,8936
27245,2030,8987
27245,2031,9051
27245,2032,9088
27245,2033,9146
27245,2034,9193
27245,2035,9237
27245,2036,9266
27245,2037,9296
27245,2038,9313
27245,2039,9350
27245,2040,9364
27245,2041,9384
27245,2042,9413
27250,2005,11046
27250,2006,11857
27250,2007,12713
27250,2008,13529
27250,2009,14338
27250,2010,15180
27250,2011,16031
27250,2012,16851
27250,2013,17651
27250,2014,18484
27250,2015,19270
27250,2016,20080
27250,2017,20899
27250,2018,21675
27250,2019,22466
27250,2020,23230
27250,2021,24019
27250,2022,24783
27250,2023,25517
27250,2024,26236
27250,2025,26940
27250,2026,27635
27250,2027,28293
27250,2028,28932
27250,2029,29548
27250,2030,30139
27250,2031,30744
27250,2032,31278
27250,2033,31802
27250,2034,32306
27250,2035,32773
27250,2036,33223
27250,2037,33660
27250,2038,34073
27250,2039,34454
27250,2040,34792
27250,2041,35164
27250,2042,35465
27361,2005,33211
27361,2006,33274
27361,2007,33297
27361,2008,33256
27361,2009,33200
27361,2010,33093
27361,2011,32927
27361,2012,32723
27361,2013,32509
27361,2014,32235
27361,2015,31901
27361,2016,31577
27361,2017,31215
27361,2018,30742
27361,2019,31505
27361,2020,32270
27361,2021,32987
27361,2022,33746
27361,2023,34462
27361,2024,35215
27361,2025,35971
27361,2026,36717
27361,2027,37434
27361,2028,38155
27361,2029,38894
27361,2030,39583
27361,2031,40284
27361,2032,40965
27361,2033,41645
27361,2034,42320
27361,2035,42981
27361,2036,43617
27361,2037,44269
27361,2038,44928
27361,2039,45540
27361,2040,46182
27361,2041,46828
27361,2042,47458
27372,2005,4551
27372,2006,4765
27372,2007,4896
27372,2008,5085
27372,2009,5246
27372,2010,5405
27372,2011,5595
27372,2012,5753
27372,2013,5938
27372,2014,6063
27372,2015,6219
27372,2016,6382
27372,2017,6536
27372,2018,6682
27372,2019,6960
27372,2020,7231
27372,2021,7506
27372,2022,7754
27372,2023,8017
27372,2024,8260
27372,2025,8541
27372,2026,8761
27372,2027,9009
27372,2028,9254
27372,2029,9455
27372,2030,9670
27372,2031,9871
27372,2032,10057
27372,2033,10262
27372,2034,10433
27372,2035,10592
27372,2036,10755
27372,2037,10896
27372,2038,11054
27372,2039,11183
27372,2040,11306
27372,2041,11446
27372,2042,11540
27413,2005,9205
27413,2006,9301
27413,2007,9403
27413,2008,9474
27413,2009,9544
27413,2010,9590
27413,2011,9669
27413,2012,9707
27413,2013,9727
27413,2014,9770
27413,2015,9823
27413,2016,9835
27413,2017,9782
27413,2018,9782
27413,2019,9879
27413,2020,9974
27413,2021,10075
27413,2022,10141
27413,2023,10241
27413,2024,10316
27413,2025,10407
27413,2026,10485
27413,2027,10572
27413,2028,10641
27413,2029,10722
27413,2030,10776
27413,2031,10826
27413,2032,10885
27413,2033,10942
27413,2034,10986
27413,2035,11032
27413,2036,11068
27413,2037,11119
27413,2038,11158
27413,2039,11183
27413,2040,11226
27413,2041,11255
27413,2042,11274
27425,2005,3894
27425,2006,4437
27425,2007,4915
27425,2008,5441
27425,2009,5935
27425,2010,6463
27425,2011,6988
27425,2012,7530
27425,2013,8073
27425,2014,8607
27425,2015,9088
27425,2016,9651
27425,2017,10214
27425,2018,10671
27425,2019,10761
27425,2020,10838
27425,2021,10925
27425,2022,11015
27425,2023,11079
27425,2024,11179
27425,2025,11265
27425,2026,11341
27425,2027,11408
27425,2028,11467
27425,2029,11544
27425,2030,11606
27425,2031,11668
27425,2032,11720
27425,2033,11788
27425,2034,11848
27425,2035,11878
27425,2036,11924
27425,2037,11989
27425,2038,12018
27425,2039,12049
27425,2040,12076
27425,2041,12127
27425,2042,12147
27430,2005,11530
27430,2006,11881
27430,2007,12189
27430,2008,12496
27430,2009,12789
27430,2010,13104
27430,2011,13423
27430,2012,13686
27430,2013,13953
27430,2014,14208
27430,2015,14387
27430,2016,14616
27430,2017,14916
27430,2018,15108
27430,2019,15441
27430,2020,15753
27430,2021,16059
27430,2022,16375
27430,2023,16684
27430,2024,17004
27430,2025,17301
27430,2026,17617
27430,2027,17926
27430,2028,18235
27430,2029,18521
27430,2030,18822
27430,2031,19116
27430,2032,19408
27430,2033,19694
27430,2034,19989
27430,2035,20280
27430,2036,20571
27430,2037,20862
27430,2038,21132
27430,2039,21408
27430,2040,21699
27430,2041,21977
27430,2042,22236
27450,2005,9080
27450,2006,9212
27450,2007,9365
27450,2008,9500
27450,2009,9698
27450,2010,9795
27450,2011,9919
27450,2012,10001
27450,2013,10122
27450,2014,10192
27450,2015,10272
27450,2016,10390
27450,2017,10500
27450,2018,10582
27450,2019,10662
27450,2020,10758
27450,2021,10845
27450,2022,10958
27450,2023,11023
27450,2024,11112
27450,2025,11225
27450,2026,11296
27450,2027,11374
27450,2028,11457
27450,2029,11537
27450,2030,11598
27450,2031,11664
27450,2032,11721
27450,2033,11775
27450,2034,11813
27450,2035,11857
27450,2036,11919
27450,2037,11958
27450,2038,12010
27450,2039,12042
27450,2040,12076
27450,2041,12125
27450,2042,12132
27491,2005,7518
27491,2006,7673
27491,2007,7851
27491,2008,8006
27491,2009,8118
27491,2010,8250
27491,2011,8433
27491,2012,8507
27491,2013,8644
27491,2014,8716
27491,2015,8894
27491,2016,9020
27491,2017,9053
27491,2018,9164
27491,2019,9281
27491,2020,9400
27491,2021,9492
27491,2022,9632
27491,2023,9717
27491,2024,9825
27491,2025,9914
27491,2026,10016
27491,2027,10100
27491,2028,10188
27491,2029,10272
27491,2030,10324
27491,2031,10397
27491,2032,10460
27491,2033,10524
27491,2034,10582
27491,2035,10632
27491,2036,10702
27491,2037,10728
27491,2038,10761
27491,2039,10820
27491,2040,10839
27491,2041,10862
27491,2042,10902
27493,2018,0
27493,2019,0
27493,2020,0
27493,2021,0
27493,2022,0
27493,2023,0
27493,2024,29812
27493,2025,30214
27493,2026,30508
27493,2027,30832
27493,2028,31080
27493,2029,31314
27493,2030,31525
27493,2031,31709
27493,2032,31888
27493,2033,32039
27493,2034,32211
27493,2035,32322
27493,2036,32871
27493,2037,32901
27493,2038,32922
27493,2039,32897
27493,2040,32873
27493,2041,32824
27493,2042,32772
27495,2005,10296
27495,2006,10782
27495,2007,11260
27495,2008,11724
27495,2009,12178
27495,2010,12653
27495,2011,13103
27495,2012,13548
27495,2013,14017
27495,2014,14461
27495,2015,14871
27495,2016,15294
27495,2017,15816
27495,2018,16203
27495,2019,16733
27495,2020,17244
27495,2021,17657
27495,2022,17993
27495,2023,18287
27495,2024,18555
27495,2025,18766
27495,2026,18970
27495,2027,19139
27495,2028,19286
27495,2029,19430
27495,2030,19552
27495,2031,19689
27495,2032,19796
27495,2033,19888
27495,2034,19979
27495,2035,20061
27495,2036,20160
27495,2037,20219
27495,2038,20288
27495,2039,20343
27495,2040,20393
27495,2041,20437
27495,2042,20498
27580,2005,8305
27580,2006,8157
27580,2007,7990
27580,2008,7822
27580,2009,7614
27580,2010,7412
27580,2011,7220
27580,2012,6954
27580,2013,6689
27580,2014,6511
27580,2015,6255
27580,2016,6006
27580,2017,5708
27580,2018,5478
27580,2019,5516
27580,2020,5577
27580,2021,5615
27580,2022,5650
27580,2023,5706
27580,2024,5747
27580,2025,5807
27580,2026,5848
27580,2027,5902
27580,2028,5931
27580,2029,5972
27580,2030,5981
27580,2031,6020
27580,2032,6059
27580,2033,6091
27580,2034,6130
27580,2035,6131
27580,2036,6169
27580,2037,6184
27580,2038,6214
27580,2039,6245
27580,2040,6255
27580,2041,6273
27580,2042,6289
27600,2005,3055
27600,2006,3405
27600,2007,3825
27600,2008,4215
27600,2009,4602
27600,2010,4994
27600,2011,5469
27600,2012,5843
27600,2013,6257
27600,2014,6653
27600,2015,7048
27600,2016,7443
27600,2017,7869
27600,2018,8215
27600,2019,8262
27600,2020,8306
27600,2021,8352
27600,2022,8381
27600,2023,8401
27600,2024,8434
27600,2025,8446
27600,2026,8477
27600,2027,8478
27600,2028,8467
27600,2029,8499
27600,2030,8495
27600,2031,8491
27600,2032,8479
27600,2033,8471
27600,2034,8465
27600,2035,8449
27600,2036,8418
27600,2037,8399
27600,2038,8380
27600,2039,8358
27600,2040,8319
27600,2041,8288
27600,2042,8275
27615,2005,27966
27615,2006,29939
27615,2007,31919
27615,2008,33924
27615,2009,35937
27615,2010,37932
27615,2011,39917
27615,2012,41901
27615,2013,43866
27615,2014,45846
27615,2015,47786
27615,2016,49710
27615,2017,51564
27615,2018,53441
27615,2019,55472
27615,2020,57468
27615,2021,58540
27615,2022,59387
27615,2023,60070
27615,2024,30082
27615,2025,30268
27615,2026,30386
27615,2027,30460
27615,2028,30530
27615,2029,30612
27615,2030,30644
27615,2031,30661
27615,2032,30662
27615,2033,30662
27615,2034,30623
27615,2035,30587
27615,2036,30074
27615,2037,30075
27615,2038,30034
27615,2039,30027
27615,2040,30001
27615,2041,29972
27615,2042,29921
27660,2005,4958
27660,2006,4982
27660,2007,5004
27660,2008,5041
27660,2009,5067
27660,2010,5102
27660,2011,5064
27660,2012,5107
27660,2013,5114
27660,2014,5101
27660,2015,5115
27660,2016,5139
27660,2017,5109
27660,2018,5116
27660,2019,5115
27660,2020,5145
27660,2021,5137
27660,2022,5160
27660,2023,5149
27660,2024,5164
27660,2025,5130
27660,2026,5136
27660,2027,5143
27660,2028,5107
27660,2029,5102
27660,2030,5110
27660,2031,5090
27660,2032,5073
27660,2033,5066
27660,2034,5032
27660,2035,5004
27660,2036,4993
27660,2037,4961
27660,2038,4915
27660,2039,4899
27660,2040,4873
27660,2041,4848
27660,2042,4793
27745,2005,2474
27745,2006,2497
27745,2007,2593
27745,2008,2656
27745,2009,2716
27745,2010,2738
27745,2011,2820
27745,2012,2881
27745,2013,2944
27745,2014,3009
27745,2015,3065
27745,2016,3094
27745,2017,3158
27745,2018,3177
27745,2019,3199
27745,2020,3218
27745,2021,3253
27745,2022,3275
27745,2023,3307
27745,2024,3325
27745,2025,3341
27745,2026,3378
27745,2027,3400
27745,2028,3425
27745,2029,3464
27745,2030,3474
27745,2031,3475
27745,2032,3501
27745,2033,3528
27745,2034,3543
27745,2035,3561
27745,2036,3577
27745,2037,3586
27745,2038,3606
27745,2039,3604
27745,2040,3611
27745,2041,3621
27745,2042,3630
27787,2005,14081
27787,2006,14447
27787,2007,14798
27787,2008,15181
27787,2009,15519
27787,2010,15818
27787,2011,16120
27787,2012,16451
27787,2013,16734
27787,2014,16975
27787,2015,17310
27787,2016,17536
27787,2017,17836
27787,2018,18012
27787,2019,18206
27787,2020,18395
27787,2021,18610
27787,2022,18780
27787,2023,18945
27787,2024,19134
27787,2025,19308
27787,2026,19486
27787,2027,19632
27787,2028,19793
27787,2029,19919
27787,2030,20053
27787,2031,20175
27787,2032,20296
27787,2033,20409
27787,2034,20492
27787,2035,20589
27787,2036,20669
27787,2037,20745
27787,2038,20818
27787,2039,20881
27787,2040,20943
27787,2041,21006
27787,2042,21074
27800,2005,10659
27800,2006,10849
27800,2007,11094
27800,2008,11296
27800,2009,11467
27800,2010,11661
27800,2011,11836
27800,2012,12017
27800,2013,12146
27800,2014,12276
27800,2015,12415
27800,2016,12605
27800,2017,12737
27800,2018,12854
27800,2019,12913
27800,2020,12980
27800,2021,12912
27800,2022,12826
27800,2023,12717
27800,2024,12703
27800,2025,12599
27800,2026,12481
27800,2027,12334
27800,2028,12207
27800,2029,12059
27800,2030,11894
27800,2031,11727
27800,2032,11551
27800,2033,11388
27800,2034,11191
27800,2035,10997
27800,2036,10808
27800,2037,10631
27800,2038,10422
27800,2039,10236
27800,2040,10026
27800,2041,9820
27800,2042,9624
27810,2005,7520
27810,2006,7469
27810,2007,7461
27810,2008,7444
27810,2009,7399
27810,2010,7386
27810,2011,7344
27810,2012,7281
27810,2013,7213
27810,2014,7167
27810,2015,7119
27810,2016,6996
27810,2017,6869
27810,2018,6810
27810,2019,6885
27810,2020,6950
27810,2021,7006
27810,2022,7080
27810,2023,7136
27810,2024,7202
27810,2025,7272
27810,2026,7322
27810,2027,7370
27810,2028,7437
27810,2029,7478
27810,2030,7520
27810,2031,7569
27810,2032,7606
27810,2033,7648
27810,2034,7662
27810,2035,7729
27810,2036,7739
27810,2037,7791
27810,2038,7791
27810,2039,7835
27810,2040,7846
27810,2041,7879
27810,2042,7886
41001,2005,307365
41001,2006,311129
41001,2007,314910
41001,2008,318661
41001,2009,322439
41001,2010,326219
41001,2011,330022
41001,2012,333717
41001,2013,337452
41001,2014,341232
41001,2015,345066
41001,2016,349048
41001,2017,352999
41001,2018,357376
41001,2019,364508
41001,2020,371690
41001,2021,378215
41001,2022,384329
41001,2023,390199
41001,2024,396442
41001,2025,402479
41001,2026,408218
41001,2027,413804
41001,2028,419210
41001,2029,424400
41001,2030,429434
41001,2031,434245
41001,2032,438854
41001,2033,443241
41001,2034,447423
41001,2035,451392
41001,2036,455145
41001,2037,458707
41001,2038,462059
41001,2039,465229
41001,2040,468182
41001,2041,470942
41001,2042,473535
41006,2005,20548
41006,2006,20856
41006,2007,21177
41006,2008,21497
41006,2009,21835
41006,2010,22130
41006,2011,22458
41006,2012,22789
41006,2013,23092
41006,2014,23393
41006,2015,23733
41006,2016,24076
41006,2017,24430
41006,2018,24777
41006,2019,24993
41006,2020,25228
41006,2021,25435
41006,2022,25619
41006,2023,25768
41006,2024,25976
41006,2025,26133
41006,2026,26282
41006,2027,26429
41006,2028,26552
41006,2029,26672
41006,2030,26771
41006,2031,26871
41006,2032,26967
41006,2033,27051
41006,2034,27112
41006,2035,27170
41006,2036,27231
41006,2037,27278
41006,2038,27298
41006,2039,27345
41006,2040,27357
41006,2041,27364
41006,2042,27364
41013,2005,7868
41013,2006,7907
41013,2007,7978
41013,2008,8066
41013,2009,8175
41013,2010,8234
41013,2011,8292
41013,2012,8409
41013,2013,8459
41013,2014,8486
41013,2015,8556
41013,2016,8621
41013,2017,8701
41013,2018,8804
41013,2019,8897
41013,2020,8992
41013,2021,9095
41013,2022,9147
41013,2023,9209
41013,2024,9282
41013,2025,9337
41013,2026,9401
41013,2027,9442
41013,2028,9496
41013,2029,9547
41013,2030,9585
41013,2031,9606
41013,2032,9617
41013,2033,9647
41013,2034,9680
41013,2035,9677
41013,2036,9692
41013,2037,9702
41013,2038,9700
41013,2039,9681
41013,2040,9688
41013,2041,9666
41013,2042,9633
41016,2005,13670
41016,2006,13862
41016,2007,14042
41016,2008,14230
41016,2009,14426
41016,2010,14591
41016,2011,14775
41016,2012,14982
41016,2013,15198
41016,2014,15398
41016,2015,15627
41016,2016,15872
41016,2017,15953
41016,2018,16168
41016,2019,16346
41016,2020,16556
41016,2021,16723
41016,2022,16886
41016,2023,17039
41016,2024,17200
41016,2025,17368
41016,2026,17510
41016,2027,17644
41016,2028,17781
41016,2029,17888
41016,2030,18020
41016,2031,18138
41016,2032,18235
41016,2033,18317
41016,2034,18397
41016,2035,18455
41016,2036,18514
41016,2037,18587
41016,2038,18613
41016,2039,18685
41016,2040,18716
41016,2041,18736
41016,2042,18756
41020,2005,21028
41020,2006,21132
41020,2007,21271
41020,2008,21365
41020,2009,21451
41020,2010,21579
41020,2011,21677
41020,2012,21788
41020,2013,21929
41020,2014,22002
41020,2015,22131
41020,2016,22205
41020,2017,22353
41020,2018,22495
41020,2019,22560
41020,2020,22658
41020,2021,22718
41020,2022,22735
41020,2023,22728
41020,2024,22769
41020,2025,22780
41020,2026,22750
41020,2027,22710
41020,2028,22668
41020,2029,22607
41020,2030,22548
41020,2031,22455
41020,2032,22378
41020,2033,22274
41020,2034,22166
41020,2035,22035
41020,2036,21926
41020,2037,21786
41020,2038,21640
41020,2039,21481
41020,2040,21353
41020,2041,21186
41020,2042,21020
41026,2005,3663
41026,2006,3726
41026,2007,3788
41026,2008,3793
41026,2009,3857
41026,2010,3950
41026,2011,3940
41026,2012,3940
41026,2013,3988
41026,2014,4046
41026,2015,4098
41026,2016,4152
41026,2017,4212
41026,2018,4272
41026,2019,4358
41026,2020,4423
41026,2021,4502
41026,2022,4578
41026,2023,4649
41026,2024,4710
41026,2025,4760
41026,2026,4825
41026,2027,4897
41026,2028,4931
41026,2029,4985
41026,2030,5020
41026,2031,5051
41026,2032,5100
41026,2033,5136
41026,2034,5175
41026,2035,5212
41026,2036,5237
41026,2037,5259
41026,2038,5277
41026,2039,5297
41026,2040,5339
41026,2041,5337
41026,2042,5359
41078,2005,8237
41078,2006,8244
41078,2007,8265
41078,2008,8244
41078,2009,8253
41078,2010,8278
41078,2011,8267
41078,2012,8277
41078,2013,8279
41078,2014,8273
41078,2015,8272
41078,2016,8267
41078,2017,8303
41078,2018,8345
41078,2019,8330
41078,2020,8346
41078,2021,8331
41078,2022,8289
41078,2023,8246
41078,2024,8221
41078,2025,8183
41078,2026,8137
41078,2027,8092
41078,2028,8062
41078,2029,8005
41078,2030,7940
41078,2031,7888
41078,2032,7812
41078,2033,7762
41078,2034,7668
41078,2035,7599
41078,2036,7519
41078,2037,7447
41078,2038,7368
41078,2039,7288
41078,2040,7195
41078,2041,7130
41078,2042,7061
41132,2005,29210
41132,2006,29370
41132,2007,29484
41132,2008,29612
41132,2009,29761
41132,2010,29899
41132,2011,30037
41132,2012,30158
41132,2013,30255
41132,2014,30413
41132,2015,30573
41132,2016,30772
41132,2017,30926
41132,2018,31080
41132,2019,31278
41132,2020,31493
41132,2021,31608
41132,2022,31720
41132,2023,31782
41132,2024,31873
41132,2025,31929
41132,2026,31970
41132,2027,31998
41132,2028,31991
41132,2029,31971
41132,2030,31947
41132,2031,31878
41132,2032,31811
41132,2033,31724
41132,2034,31614
41132,2035,31506
41132,2036,31369
41132,2037,31213
41132,2038,31043
41132,2039,30890
41132,2040,30690
41132,2041,30473
41132,2042,30259
41206,2005,8351
41206,2006,8263
41206,2007,8140
41206,2008,8039
41206,2009,7986
41206,2010,7890
41206,2011,7804
41206,2012,7699
41206,2013,7640
41206,2014,7561
41206,2015,7525
41206,2016,7427
41206,2017,7362
41206,2018,7276
41206,2019,7354
41206,2020,7409
41206,2021,7468
41206,2022,7538
41206,2023,7593
41206,2024,7666
41206,2025,7705
41206,2026,7761
41206,2027,7797
41206,2028,7852
41206,2029,7885
41206,2030,7924
41206,2031,7964
41206,2032,7984
41206,2033,8013
41206,2034,8049
41206,2035,8068
41206,2036,8087
41206,2037,8091
41206,2038,8115
41206,2039,8116
41206,2040,8118
41206,2041,8125
41206,2042,8123
41244,2005,3647
41244,2006,3673
41244,2007,3743
41244,2008,3737
41244,2009,3786
41244,2010,3849
41244,2011,3870
41244,2012,3937
41244,2013,3988
41244,2014,4014
41244,2015,4034
41244,2016,4086
41244,2017,4150
41244,2018,4223
41244,2019,4294
41244,2020,4375
41244,2021,4459
41244,2022,4546
41244,2023,4619
41244,2024,4683
41244,2025,4766
41244,2026,4821
41244,2027,4865
41244,2028,4924
41244,2029,4986
41244,2030,5015
41244,2031,5072
41244,2032,5109
41244,2033,5143
41244,2034,5184
41244,2035,5227
41244,2036,5255
41244,2037,5287
41244,2038,5311
41244,2039,5328
41244,2040,5347
41244,2041,5370
41244,2042,5389
41298,2005,60676
41298,2006,61572
41298,2007,62437
41298,2008,63330
41298,2009,64204
41298,2010,65096
41298,2011,65965
41298,2012,66861
41298,2013,67731
41298,2014,68655
41298,2015,69534
41298,2016,70487
41298,2017,71433
41298,2018,72381
41298,2019,73131
41298,2020,73890
41298,2021,74532
41298,2022,75065
41298,2023,75551
41298,2024,76079
41298,2025,76558
41298,2026,76970
41298,2027,77342
41298,2028,77661
41298,2029,77950
41298,2030,78215
41298,2031,78419
41298,2032,78573
41298,2033,78722
41298,2034,78799
41298,2035,78881
41298,2036,78896
41298,2037,78897
41298,2038,78861
41298,2039,78807
41298,2040,78715
41298,2041,78598
41298,2042,78437
41306,2005,23011
41306,2006,23113
41306,2007,23234
41306,2008,23339
41306,2009,23489
41306,2010,23577
41306,2011,23696
41306,2012,23839
41306,2013,23938
41306,2014,24078
41306,2015,24221
41306,2016,24276
41306,2017,24383
41306,2018,24567
41306,2019,24490
41306,2020,24390
41306,2021,24277
41306,2022,24111
41306,2023,23919
41306,2024,23760
41306,2025,23562
41306,2026,23353
41306,2027,23161
41306,2028,22933
41306,2029,22705
41306,2030,22455
41306,2031,22205
41306,2032,21955
41306,2033,21673
41306,2034,21407
41306,2035,21134
41306,2036,20851
41306,2037,20572
41306,2038,20284
41306,2039,19989
41306,2040,19692
41306,2041,19398
41306,2042,19103
41319,2005,15193
41319,2006,15397
41319,2007,15626
41319,2008,15831
41319,2009,15992
41319,2010,16209
41319,2011,16465
41319,2012,16679
41319,2013,16855
41319,2014,17049
41319,2015,17191
41319,2016,17381
41319,2017,17620
41319,2018,17884
41319,2019,18026
41319,2020,18142
41319,2021,18268
41319,2022,18346
41319,2023,18423
41319,2024,18490
41319,2025,18554
41319,2026,18602
41319,2027,18638
41319,2028,18672
41319,2029,18683
41319,2030,18714
41319,2031,18704
41319,2032,18713
41319,2033,18695
41319,2034,18658
41319,2035,18632
41319,2036,18588
41319,2037,18574
41319,2038,18516
41319,2039,18468
41319,2040,18425
41319,2041,18343
41319,2042,18284
41349,2005,6648
41349,2006,6668
41349,2007,6735
41349,2008,6794
41349,2009,6841
41349,2010,6880
41349,2011,6947
41349,2012,7010
41349,2013,7063
41349,2014,7093
41349,2015,7085
41349,2016,7116
41349,2017,7201
41349,2018,7300
41349,2019,7411
41349,2020,7539
41349,2021,7664
41349,2022,7761
41349,2023,7878
41349,2024,7995
41349,2025,8082
41349,2026,8175
41349,2027,8280
41349,2028,8370
41349,2029,8448
41349,2030,8537
41349,2031,8616
41349,2032,8702
41349,2033,8773
41349,2034,8836
41349,2035,8897
41349,2036,8945
41349,2037,9002
41349,2038,9076
41349,2039,9123
41349,2040,9181
41349,2041,9205
41349,2042,9232
41357,2005,8271
41357,2006,8346
41357,2007,8416
41357,2008,8499
41357,2009,8546
41357,2010,8613
41357,2011,8676
41357,2012,8718
41357,2013,8781
41357,2014,8880
41357,2015,8976
41357,2016,9085
41357,2017,9175
41357,2018,9260
41357,2019,9331
41357,2020,9436
41357,2021,9514
41357,2022,9577
41357,2023,9639
41357,2024,9715
41357,2025,9791
41357,2026,9857
41357,2027,9894
41357,2028,9967
41357,2029,10014
41357,2030,10043
41357,2031,10106
41357,2032,10121
41357,2033,10173
41357,2034,10203
41357,2035,10205
41357,2036,10232
41357,2037,10262
41357,2038,10294
41357,2039,10289
41357,2040,10301
41357,2041,10323
41357,2042,10338
41359,2005,21115
41359,2006,21442
41359,2007,21759
41359,2008,22064
41359,2009,22341
41359,2010,22643
41359,2011,22956
41359,2012,23251
41359,2013,23582
41359,2014,23910
41359,2015,24194
41359,2016,24496
41359,2017,24811
41359,2018,25183
41359,2019,25437
41359,2020,25703
41359,2021,25938
41359,2022,26151
41359,2023,26316
41359,2024,26521
41359,2025,26685
41359,2026,26820
41359,2027,26973
41359,2028,27095
41359,2029,27207
41359,2030,27313
41359,2031,27407
41359,2032,27473
41359,2033,27544
41359,2034,27597
41359,2035,27664
41359,2036,27699
41359,2037,27725
41359,2038,27739
41359,2039,27750
41359,2040,27736
41359,2041,27754
41359,2042,27742
41378,2005,10519
41378,2006,10725
41378,2007,10908
41378,2008,11082
41378,2009,11249
41378,2010,11442
41378,2011,11619
41378,2012,11776
41378,2013,11942
41378,2014,12073
41378,2015,12223
41378,2016,12443
41378,2017,12707
41378,2018,12865
41378,2019,13047
41378,2020,13245
41378,2021,13432
41378,2022,13568
41378,2023,13727
41378,2024,13876
41378,2025,14021
41378,2026,14169
41378,2027,14298
41378,2028,14426
41378,2029,14534
41378,2030,14648
41378,2031,14757
41378,2032,14855
41378,2033,14951
41378,2034,15042
41378,2035,15124
41378,2036,15201
41378,2037,15273
41378,2038,15343
41378,2039,15398
41378,2040,15460
41378,2041,15514
41378,2042,15552
41396,2005,50997
41396,2006,51720
41396,2007,52483
41396,2008,53242
41396,2009,54037
41396,2010,54803
41396,2011,55532
41396,2012,56298
41396,2013,57062
41396,2014,57838
41396,2015,58617
41396,2016,59377
41396,2017,60232
41396,2018,61029
41396,2019,62181
41396,2020,63357
41396,2021,64475
41396,2022,65502
41396,2023,66481
41396,2024,67536
41396,2025,68544
41396,2026,69514
41396,2027,70457
41396,2028,71378
41396,2029,72249
41396,2030,73100
41396,2031,73936
41396,2032,74757
41396,2033,75531
41396,2034,76310
41396,2035,77045
41396,2036,77758
41396,2037,78450
41396,2038,79118
41396,2039,79754
41396,2040,80381
41396,2041,80985
41396,2042,81567
41483,2005,5675
41483,2006,5728
41483,2007,5804
41483,2008,5835
41483,2009,5877
41483,2010,5917
41483,2011,6020
41483,2012,6052
41483,2013,6106
41483,2014,6171
41483,2015,6251
41483,2016,6318
41483,2017,6393
41483,2018,6469
41483,2019,6563
41483,2020,6662
41483,2021,6749
41483,2022,6828
41483,2023,6899
41483,2024,7007
41483,2025,7050
41483,2026,7143
41483,2027,7199
41483,2028,7277
41483,2029,7307
41483,2030,7382
41483,2031,7433
41483,2032,7492
41483,2033,7550
41483,2034,7574
41483,2035,7630
41483,2036,7646
41483,2037,7700
41483,2038,7740
41483,2039,7769
41483,2040,7788
41483,2041,7815
41483,2042,7837
41503,2005,9671
41503,2006,9854
41503,2007,9984
41503,2008,10149
41503,2009,10289
41503,2010,10426
41503,2011,10557
41503,2012,10688
41503,2013,10817
41503,2014,10994
41503,2015,11153
41503,2016,11310
41503,2017,11467
41503,2018,11620
41503,2019,11750
41503,2020,11881
41503,2021,12004
41503,2022,12094
41503,2023,12188
41503,2024,12309
41503,2025,12403
41503,2026,12490
41503,2027,12545
41503,2028,12633
41503,2029,12692
41503,2030,12744
41503,2031,12788
41503,2032,12849
41503,2033,12880
41503,2034,12933
41503,2035,12963
41503,2036,13006
41503,2037,13017
41503,2038,13040
41503,2039,13057
41503,2040,13070
41503,2041,13089
41503,2042,13096
41518,2005,5667
41518,2006,5715
41518,2007,5785
41518,2008,5853
41518,2009,5904
41518,2010,5966
41518,2011,6066
41518,2012,6134
41518,2013,6200
41518,2014,6297
41518,2015,6366
41518,2016,6427
41518,2017,6480
41518,2018,6571
41518,2019,6751
41518,2020,6935
41518,2021,7094
41518,2022,7245
41518,2023,7395
41518,2024,7546
41518,2025,7718
41518,2026,7856
41518,2027,8039
41518,2028,8185
41518,2029,8332
41518,2030,8470
41518,2031,8626
41518,2032,8782
41518,2033,8923
41518,2034,9058
41518,2035,9199
41518,2036,9343
41518,2037,9487
41518,2038,9621
41518,2039,9763
41518,2040,9905
41518,2041,10022
41518,2042,10161
41524,2005,22320
41524,2006,22626
41524,2007,22893
41524,2008,23199
41524,2009,23508
41524,2010,23822
41524,2011,24135
41524,2012,24396
41524,2013,24774
41524,2014,25062
41524,2015,25345
41524,2016,25645
41524,2017,25946
41524,2018,26280
41524,2019,26395
41524,2020,26522
41524,2021,26597
41524,2022,26635
41524,2023,26638
41524,2024,26677
41524,2025,26694
41524,2026,26662
41524,2027,26650
41524,2028,26614
41524,2029,26544
41524,2030,26476
41524,2031,26402
41524,2032,26293
41524,2033,26201
41524,2034,26077
41524,2035,25973
41524,2036,25821
41524,2037,25653
41524,2038,25513
41524,2039,25350
41524,2040,25172
41524,2041,25000
41524,2042,24811
41530,2005,9042
41530,2006,9236
41530,2007,9405
41530,2008,9564
41530,2009,9691
41530,2010,9860
41530,2011,10004
41530,2012,10175
41530,2013,10310
41530,2014,10453
41530,2015,10642
41530,2016,10803
41530,2017,11027
41530,2018,11159
41530,2019,11294
41530,2020,11420
41530,2021,11527
41530,2022,11646
41530,2023,11738
41530,2024,11821
41530,2025,11920
41530,2026,12014
41530,2027,12096
41530,2028,12161
41530,2029,12238
41530,2030,12300
41530,2031,12361
41530,2032,12416
41530,2033,12468
41530,2034,12507
41530,2035,12544
41530,2036,12580
41530,2037,12635
41530,2038,12660
41530,2039,12678
41530,2040,12701
41530,2041,12728
41530,2042,12747
41548,2005,12362
41548,2006,12468
41548,2007,12576
41548,2008,12691
41548,2009,12792
41548,2010,12889
41548,2011,12986
41548,2012,13097
41548,2013,13155
41548,2014,13260
41548,2015,13362
41548,2016,13511
41548,2017,13647
41548,2018,13784
41548,2019,13957
41548,2020,14113
41548,2021,14261
41548,2022,14385
41548,2023,14516
41548,2024,14641
41548,2025,14761
41548,2026,14869
41548,2027,14974
41548,2028,15052
41548,2029,15136
41548,2030,15220
41548,2031,15292
41548,2032,15341
41548,2033,15404
41548,2034,15467
41548,2035,15498
41548,2036,15536
41548,2037,15576
41548,2038,15592
41548,2039,15633
41548,2040,15648
41548,2041,15661
41548,2042,15675
41551,2005,97084
41551,2006,99157
41551,2007,101217
41551,2008,103301
41551,2009,105379
41551,2010,107467
41551,2011,109564
41551,2012,111616
41551,2013,113663
41551,2014,115759
41551,2015,117876
41551,2016,120010
41551,2017,122182
41551,2018,124359
41551,2019,127235
41551,2020,130115
41551,2021,132886
41551,2022,135517
41551,2023,138056
41551,2024,140776
41551,2025,143407
41551,2026,145949
41551,2027,148445
41551,2028,150916
41551,2029,153333
41551,2030,155718
41551,2031,158039
41551,2032,160328
41551,2033,162564
41551,2034,164746
41551,2035,166875
41551,2036,168970
41551,2037,171010
41551,2038,172998
41551,2039,174922
41551,2040,176831
41551,2041,178690
41551,2042,180504
41615,2005,19341
41615,2006,19718
41615,2007,20092
41615,2008,20465
41615,2009,20862
41615,2010,21237
41615,2011,21629
41615,2012,22033
41615,2013,22376
41615,2014,22741
41615,2015,23143
41615,2016,23537
41615,2017,23932
41615,2018,24305
41615,2019,25034
41615,2020,25769
41615,2021,26464
41615,2022,27104
41615,2023,27738
41615,2024,28367
41615,2025,28966
41615,2026,29544
41615,2027,30094
41615,2028,30606
41615,2029,31114
41615,2030,31582
41615,2031,32027
41615,2032,32448
41615,2033,32840
41615,2034,33205
41615,2035,33557
41615,2036,33880
41615,2037,34166
41615,2038,34459
41615,2039,34718
41615,2040,34949
41615,2041,35155
41615,2042,35339
41660,2005,9185
41660,2006,9254
41660,2007,9366
41660,2008,9480
41660,2009,9565
41660,2010,9643
41660,2011,9720
41660,2012,9828
41660,2013,9917
41660,2014,9996
41660,2015,10136
41660,2016,10269
41660,2017,10353
41660,2018,10450
41660,2019,10499
41660,2020,10581
41660,2021,10648
41660,2022,10689
41660,2023,10721
41660,2024,10768
41660,2025,10798
41660,2026,10813
41660,2027,10837
41660,2028,10842
41660,2029,10861
41660,2030,10853
41660,2031,10854
41660,2032,10867
41660,2033,10851
41660,2034,10827
41660,2035,10813
41660,2036,10786
41660,2037,10763
41660,2038,10732
41660,2039,10705
41660,2040,10661
41660,2041,10623
41660,2042,10589
41668,2005,28335
41668,2006,28686
41668,2007,29018
41668,2008,29371
41668,2009,29735
41668,2010,30097
41668,2011,30441
41668,2012,30820
41668,2013,31136
41668,2014,31514
41668,2015,31917
41668,2016,32333
41668,2017,32585
41668,2018,33027
41668,2019,33500
41668,2020,33988
41668,2021,34430
41668,2022,34832
41668,2023,35223
41668,2024,35620
41668,2025,36013
41668,2026,36348
41668,2027,36676
41668,2028,37001
41668,2029,37306
41668,2030,37577
41668,2031,37853
41668,2032,38113
41668,2033,38364
41668,2034,38581
41668,2035,38808
41668,2036,39015
41668,2037,39190
41668,2038,39378
41668,2039,39523
41668,2040,39680
41668,2041,39826
41668,2042,39949
41676,2005,9625
41676,2006,9697
41676,2007,9790
41676,2008,9834
41676,2009,9869
41676,2010,9918
41676,2011,9977
41676,2012,10015
41676,2013,10076
41676,2014,10118
41676,2015,10175
41676,2016,10283
41676,2017,10344
41676,2018,10409
41676,2019,10486
41676,2020,10539
41676,2021,10615
41676,2022,10652
41676,2023,10680
41676,2024,10740
41676,2025,10786
41676,2026,10798
41676,2027,10822
41676,2028,10812
41676,2029,10832
41676,2030,10863
41676,2031,10853
41676,2032,10837
41676,2033,10838
41676,2034,10819
41676,2035,10810
41676,2036,10785
41676,2037,10754
41676,2038,10738
41676,2039,10687
41676,2040,10652
41676,2041,10615
41676,2042,10580
41770,2005,16457
41770,2006,16834
41770,2007,17239
41770,2008,17650
41770,2009,18035
41770,2010,18474
41770,2011,18895
41770,2012,19325
41770,2013,19732
41770,2014,20130
41770,2015,20500
41770,2016,20950
41770,2017,21386
41770,2018,21851
41770,2019,22525
41770,2020,23201
41770,2021,23831
41770,2022,24460
41770,2023,25011
41770,2024,25611
41770,2025,26160
41770,2026,26697
41770,2027,27184
41770,2028,27652
41770,2029,28123
41770,2030,28547
41770,2031,28965
41770,2032,29343
41770,2033,29694
41770,2034,30046
41770,2035,30352
41770,2036,30640
41770,2037,30938
41770,2038,31171
41770,2039,31407
41770,2040,31633
41770,2041,31814
41770,2042,32000
41791,2005,15225
41791,2006,15382
41791,2007,15521
41791,2008,15685
41791,2009,15869
41791,2010,15982
41791,2011,16206
41791,2012,16397
41791,2013,16552
41791,2014,16710
41791,2015,16876
41791,2016,17015
41791,2017,17243
41791,2018,17442
41791,2019,17665
41791,2020,17890
41791,2021,18110
41791,2022,18299
41791,2023,18481
41791,2024,18649
41791,2025,18837
41791,2026,19002
41791,2027,19154
41791,2028,19285
41791,2029,19428
41791,2030,19560
41791,2031,19651
41791,2032,19773
41791,2033,19870
41791,2034,19965
41791,2035,20042
41791,2036,20131
41791,2037,20219
41791,2038,20264
41791,2039,20335
41791,2040,20381
41791,2041,20435
41791,2042,20481
41797,2005,9304
41797,2006,9426
41797,2007,9529
41797,2008,9602
41797,2009,9694
41797,2010,9820
41797,2011,9935
41797,2012,10105
41797,2013,10201
41797,2014,10295
41797,2015,10364
41797,2016,10457
41797,2017,10534
41797,2018,10696
41797,2019,10947
41797,2020,11175
41797,2021,11389
41797,2022,11613
41797,2023,11821
41797,2024,12047
41797,2025,12262
41797,2026,12440
41797,2027,12669
41797,2028,12867
41797,2029,13061
41797,2030,13249
41797,2031,13438
41797,2032,13616
41797,2033,13792
41797,2034,13980
41797,2035,14157
41797,2036,14329
41797,2037,14481
41797,2038,14657
41797,2039,14790
41797,2040,14948
41797,2041,15098
41797,2042,15241
41799,2005,11497
41799,2006,11542
41799,2007,11562
41799,2008,11582
41799,2009,11595
41799,2010,11622
41799,2011,11627
41799,2012,11630
41799,2013,11652
41799,2014,11691
41799,2015,11680
41799,2016,11780
41799,2017,11805
41799,2018,11802
41799,2019,11936
41799,2020,12041
41799,2021,12161
41799,2022,12273
41799,2023,12371
41799,2024,12495
41799,2025,12561
41799,2026,12653
41799,2027,12739
41799,2028,12828
41799,2029,12903
41799,2030,12954
41799,2031,13049
41799,2032,13096
41799,2033,13135
41799,2034,13198
41799,2035,13237
41799,2036,13283
41799,2037,13308
41799,2038,13328
41799,2039,13360
41799,2040,13363
41799,2041,13383
41799,2042,13384
41801,2005,7489
41801,2006,7612
41801,2007,7582
41801,2008,7622
41801,2009,7660
41801,2010,7730
41801,2011,7785
41801,2012,7847
41801,2013,7905
41801,2014,7887
41801,2015,7936
41801,2016,7958
41801,2017,7968
41801,2018,8043
41801,2019,8103
41801,2020,8132
41801,2021,8160
41801,2022,8203
41801,2023,8223
41801,2024,8237
41801,2025,8265
41801,2026,8277
41801,2027,8266
41801,2028,8259
41801,2029,8262
41801,2030,8245
41801,2031,8236
41801,2032,8221
41801,2033,8184
41801,2034,8169
41801,2035,8139
41801,2036,8116
41801,2037,8085
41801,2038,8036
41801,2039,7993
41801,2040,7947
41801,2041,7886
41801,2042,7845
41807,2005,19396
41807,2006,19564
41807,2007,19751
41807,2008,19957
41807,2009,20080
41807,2010,20279
41807,2011,20474
41807,2012,20628
41807,2013,20838
41807,2014,21026
41807,2015,21180
41807,2016,21307
41807,2017,21563
41807,2018,21790
41807,2019,22069
41807,2020,22338
41807,2021,22591
41807,2022,22830
41807,2023,23015
41807,2024,23228
41807,2025,23418
41807,2026,23619
41807,2027,23773
41807,2028,23920
41807,2029,24079
41807,2030,24213
41807,2031,24313
41807,2032,24451
41807,2033,24526
41807,2034,24618
41807,2035,24694
41807,2036,24757
41807,2037,24813
41807,2038,24870
41807,2039,24902
41807,2040,24943
41807,2041,24989
41807,2042,24989
41872,2005,7157
41872,2006,7170
41872,2007,7188
41872,2008,7175
41872,2009,7173
41872,2010,7155
41872,2011,7143
41872,2012,7129
41872,2013,7196
41872,2014,7244
41872,2015,7284
41872,2016,7244
41872,2017,7211
41872,2018,7282
41872,2019,7316
41872,2020,7362
41872,2021,7393
41872,2022,7421
41872,2023,7427
41872,2024,7418
41872,2025,7435
41872,2026,7464
41872,2027,7449
41872,2028,7452
41872,2029,7444
41872,2030,7430
41872,2031,7410
41872,2032,7392
41872,2033,7374
41872,2034,7358
41872,2035,7329
41872,2036,7304
41872,2037,7261
41872,2038,7245
41872,2039,7212
41872,2040,7154
41872,2041,7129
41872,2042,7082
41885,2005,6914
41885,2006,6962
41885,2007,7027
41885,2008,7088
41885,2009,7130
41885,2010,7186
41885,2011,7256
41885,2012,7341
41885,2013,7412
41885,2014,7473
41885,2015,7563
41885,2016,7572
41885,2017,7637
41885,2018,7740
41885,2019,7789
41885,2020,7860
41885,2021,7918
41885,2022,7949
41885,2023,7975
41885,2024,8003
41885,2025,8037
41885,2026,8074
41885,2027,8078
41885,2028,8113
41885,2029,8108
41885,2030,8120
41885,2031,8125
41885,2032,8098
41885,2033,8112
41885,2034,8092
41885,2035,8076
41885,2036,8033
41885,2037,8011
41885,2038,7983
41885,2039,7963
41885,2040,7925
41885,2041,7886
41885,2042,7845
44001,2005,137204
44001,2006,138725
44001,2007,140977
44001,2008,143929
44001,2009,147265
44001,2010,150847
44001,2011,154539
44001,2012,158325
44001,2013,162196
44001,2014,166070
44001,2015,170031
44001,2016,174676
44001,2017,180175
44001,2018,188019
44001,2019,193478
44001,2020,199802
44001,2021,203266
44001,2022,205451
44001,2023,207427
44001,2024,209292
44001,2025,210871
44001,2026,211811
44001,2027,212589
44001,2028,213219
44001,2029,213702
44001,2030,214081
44001,2031,214308
44001,2032,214470
44001,2033,214512
44001,2034,214448
44001,2035,214272
44001,2036,214039
44001,2037,213699
44001,2038,213249
44001,2039,212760
44001,2040,212171
44001,2041,211497
44001,2042,210762
44035,2005,19517
44035,2006,20172
44035,2007,20815
44035,2008,21432
44035,2009,22085
44035,2010,22725
44035,2011,23388
44035,2012,24060
44035,2013,24733
44035,2014,25409
44035,2015,26065
44035,2016,26874
44035,2017,27799
44035,2018,29154
44035,2019,30566
44035,2020,32120
44035,2021,33229
44035,2022,34143
44035,2023,35050
44035,2024,35960
44035,2025,36852
44035,2026,37644
44035,2027,38403
44035,2028,39153
44035,2029,39916
44035,2030,40645
44035,2031,41385
44035,2032,42105
44035,2033,42813
44035,2034,43556
44035,2035,44236
44035,2036,44952
44035,2037,45622
44035,2038,46329
44035,2039,47002
44035,2040,47661
44035,2041,48357
44035,2042,48994
44078,2005,25203
44078,2006,25920
44078,2007,26619
44078,2008,27346
44078,2009,28076
44078,2010,28804
44078,2011,29519
44078,2012,30225
44078,2013,30949
44078,2014,31697
44078,2015,32390
44078,2016,33275
44078,2017,34255
44078,2018,35753
44078,2019,37327
44078,2020,39096
44078,2021,40229
44078,2022,41127
44078,2023,41974
44078,2024,42798
44078,2025,43576
44078,2026,44229
44078,2027,44857
44078,2028,45444
44078,2029,46014
44078,2030,46543
44078,2031,47067
44078,2032,47556
44078,2033,48013
44078,2034,48470
44078,2035,48899
44078,2036,49303
44078,2037,49693
44078,2038,50055
44078,2039,50411
44078,2040,50737
44078,2041,51044
44078,2042,51332
44090,2005,23028
44090,2006,24611
44090,2007,26007
44090,2008,27155
44090,2009,28247
44090,2010,29247
44090,2011,30198
44090,2012,31127
44090,2013,32021
44090,2014,32942
44090,2015,33829
44090,2016,34856
44090,2017,36037
44090,2018,37745
44090,2019,40063
44090,2020,42609
44090,2021,44323
44090,2022,45794
44090,2023,47219
44090,2024,48596
44090,2025,49910
44090,2026,51070
44090,2027,52190
44090,2028,53248
44090,2029,54263
44090,2030,55252
44090,2031,56221
44090,2032,57112
44090,2033,57987
44090,2034,58815
44090,2035,59610
44090,2036,60366
44090,2037,61087
44090,2038,61777
44090,2039,62408
44090,2040,63066
44090,2041,63639
44090,2042,64186
44098,2005,11397
44098,2006,11530
44098,2007,11633
44098,2008,11702
44098,2009,11789
44098,2010,11867
44098,2011,11925
44098,2012,11993
44098,2013,12059
44098,2014,12141
44098,2015,12298
44098,2016,12413
44098,2017,12643
44098,2018,13002
44098,2019,13394
44098,2020,13828
44098,2021,14025
44098,2022,14135
44098,2023,14217
44098,2024,14277
44098,2025,14353
44098,2026,14375
44098,2027,14386
44098,2028,14372
44098,2029,14361
44098,2030,14338
44098,2031,14303
44098,2032,14290
44098,2033,14249
44098,2034,14200
44098,2035,14154
44098,2036,14096
44098,2037,14026
44098,2038,13960
44098,2039,13881
44098,2040,13820
44098,2041,13743
44098,2042,13653
44110,2005,6697
44110,2006,6533
44110,2007,6488
44110,2008,6444
44110,2009,6443
44110,2010,6473
44110,2011,6517
44110,2012,6562
44110,2013,6639
44110,2014,6675
44110,2015,6782
44110,2016,6889
44110,2017,6990
44110,2018,7170
44110,2019,7317
44110,2020,7459
44110,2021,7531
44110,2022,7535
44110,2023,7552
44110,2024,7527
44110,2025,7508
44110,2026,7469
44110,2027,7433
44110,2028,7393
44110,2029,7348
44110,2030,7301
44110,2031,7228
44110,2032,7158
44110,2033,7095
44110,2034,7034
44110,2035,6961
44110,2036,6899
44110,2037,6823
44110,2038,6756
44110,2039,6659
44110,2040,6580
44110,2041,6489
44110,2042,6406
44279,2005,33838
44279,2006,33618
44279,2007,33753
44279,2008,34116
44279,2009,34658
44279,2010,35313
44279,2011,36023
44279,2012,36734
44279,2013,37505
44279,2014,38238
44279,2015,39079
44279,2016,39987
44279,2017,41100
44279,2018,42774
44279,2019,44952
44279,2020,47321
44279,2021,49182
44279,2022,50738
44279,2023,52263
44279,2024,53775
44279,2025,55201
44279,2026,56479
44279,2027,57721
44279,2028,58909
44279,2029,60036
44279,2030,61133
44279,2031,62187
44279,2032,63221
44279,2033,64210
44279,2034,65126
44279,2035,66027
44279,2036,66895
44279,2037,67723
44279,2038,68513
44279,2039,69238
44279,2040,69971
44279,2041,70639
44279,2042,71281
44378,2005,15105
44378,2006,15353
44378,2007,15616
44378,2008,15892
44378,2009,16216
44378,2010,16540
44378,2011,16845
44378,2012,17200
44378,2013,17555
44378,2014,17898
44378,2015,18294
44378,2016,18713
44378,2017,19259
44378,2018,20057
44378,2019,20776
44378,2020,21632
44378,2021,22147
44378,2022,22534
44378,2023,22889
44378,2024,23232
44378,2025,23554
44378,2026,23834
44378,2027,24069
44378,2028,24289
44378,2029,24518
44378,2030,24702
44378,2031,24901
44378,2032,25089
44378,2033,25257
44378,2034,25423
44378,2035,25564
44378,2036,25713
44378,2037,25831
44378,2038,25970
44378,2039,26064
44378,2040,26173
44378,2041,26258
44378,2042,26346
44420,2005,2728
44420,2006,2745
44420,2007,2761
44420,2008,2825
44420,2009,2877
44420,2010,2928
44420,2011,2982
44420,2012,3004
44420,2013,3070
44420,2014,3118
44420,2015,3193
44420,2016,3263
44420,2017,3355
44420,2018,3501
44420,2019,3631
44420,2020,3789
44420,2021,3893
44420,2022,3969
44420,2023,4059
44420,2024,4149
44420,2025,4230
44420,2026,4285
44420,2027,4336
44420,2028,4416
44420,2029,4473
44420,2030,4515
44420,2031,4582
44420,2032,4626
44420,2033,4660
44420,2034,4715
44420,2035,4776
44420,2036,4807
44420,2037,4863
44420,2038,4884
44420,2039,4934
44420,2040,4982
44420,2041,5012
44420,2042,5045
44430,2005,125992
44430,2006,127518
44430,2007,129655
44430,2008,132319
44430,2009,135324
44430,2010,138504
44430,2011,141759
44430,2012,145050
44430,2013,148351
44430,2014,151637
44430,2015,155013
44430,2016,159010
44430,2017,163731
44430,2018,170582
44430,2019,178565
44430,2020,187372
44430,2021,193605
44430,2022,198785
44430,2023,203879
44430,2024,208965
44430,2025,213830
44430,2026,218184
44430,2027,222420
44430,2028,226582
44430,2029,230675
44430,2030,234707
44430,2031,238690
44430,2032,242639
44430,2033,246511
44430,2034,250354
44430,2035,254125
44430,2036,257860
44430,2037,261532
44430,2038,265162
44430,2039,268712
44430,2040,272242
44430,2041,275717
44430,2042,279152
44560,2005,56484
44560,2006,59582
44560,2007,62094
44560,2008,64267
44560,2009,66181
44560,2010,67916
44560,2011,69557
44560,2012,71131
44560,2013,72704
44560,2014,74223
44560,2015,75761
44560,2016,77625
44560,2017,79819
44560,2018,83065
44560,2019,86496
44560,2020,90309
44560,2021,92316
44560,2022,93765
44560,2023,95144
44560,2024,96422
44560,2025,97580
44560,2026,98481
44560,2027,99299
44560,2028,100051
44560,2029,100770
44560,2030,101435
44560,2031,102062
44560,2032,102637
44560,2033,103180
44560,2034,103697
44560,2035,104180
44560,2036,104626
44560,2037,105049
44560,2038,105428
44560,2039,105768
44560,2040,106098
44560,2041,106395
44560,2042,106671
44650,2005,41147
44650,2006,41043
44650,2007,41075
44650,2008,41295
44650,2009,41562
44650,2010,41910
44650,2011,42288
44650,2012,42685
44650,2013,43113
44650,2014,43569
44650,2015,44015
44650,2016,44662
44650,2017,45483
44650,2018,46949
44650,2019,49190
44650,2020,51632
44650,2021,53413
44650,2022,54912
44650,2023,56381
44650,2024,57850
44650,2025,59279
44650,2026,60551
44650,2027,61802
44650,2028,63042
44650,2029,64255
44650,2030,65471
44650,2031,66663
44650,2032,67851
44650,2033,69003
44650,2034,70176
44650,2035,71313
44650,2036,72430
44650,2037,73564
44650,2038,74662
44650,2039,75754
44650,2040,76841
44650,2041,77917
44650,2042,78961
44847,2005,111677
44847,2006,118214
44847,2007,123425
44847,2008,127751
44847,2009,131471
44847,2010,134825
44847,2011,137911
44847,2012,140878
44847,2013,143784
44847,2014,146629
44847,2015,149529
44847,2016,153027
44847,2017,157199
44847,2018,163463
44847,2019,171943
44847,2020,181260
44847,2021,186976
44847,2022,191629
44847,2023,196169
44847,2024,200665
44847,2025,204947
44847,2026,208712
44847,2027,212348
44847,2028,215890
44847,2029,219396
44847,2030,222830
44847,2031,226247
44847,2032,229613
44847,2033,232936
44847,2034,236234
44847,2035,239490
44847,2036,242707
44847,2037,245883
44847,2038,249046
44847,2039,252178
44847,2040,255261
44847,2041,258322
44847,2042,261337
44855,2005,11065
44855,2006,10808
44855,2007,10696
44855,2008,10559
44855,2009,10506
44855,2010,10489
44855,2011,10470
44855,2012,10456
44855,2013,10467
44855,2014,10515
44855,2015,10526
44855,2016,10648
44855,2017,10736
44855,2018,10974
44855,2019,11080
44855,2020,11230
44855,2021,11339
44855,2022,11416
44855,2023,11534
44855,2024,11700
44855,2025,11868
44855,2026,12002
44855,2027,12140
44855,2028,12264
44855,2029,12388
44855,2030,12500
44855,2031,12641
44855,2032,12757
44855,2033,12895
44855,2034,12972
44855,2035,13068
44855,2036,13186
44855,2037,13274
44855,2038,13377
44855,2039,13449
44855,2040,13540
44855,2041,13632
44855,2042,13692
44874,2005,24636
44874,2006,24198
44874,2007,24024
44874,2008,24061
44874,2009,24243
44874,2010,24525
44874,2011,24822
44874,2012,25144
44874,2013,25470
44874,2014,25857
44874,2015,26287
44874,2016,26782
44874,2017,27431
44874,2018,28344
44874,2019,29284
44874,2020,30370
44874,2021,31099
44874,2022,31647
44874,2023,32157
44874,2024,32651
44874,2025,33120
44874,2026,33492
44874,2027,33820
44874,2028,34145
44874,2029,34455
44874,2030,34737
44874,2031,34994
44874,2032,35249
44874,2033,35474
44874,2034,35689
44874,2035,35883
44874,2036,36068
44874,2037,36249
44874,2038,36392
44874,2039,36524
44874,2040,36644
44874,2041,36744
44874,2042,36853
47001,2005,394687
47001,2006,402708
47001,2007,410646
47001,2008,418511
47001,2009,426275
47001,2010,433916
47001,2011,441291
47001,2012,448452
47001,2013,455526
47001,2014,462394
47001,2015,469272
47001,2016,477190
47001,2017,486246
47001,2018,499188
47001,2019,515745
47001,2020,534879
47001,2021,547542
47001,2022,556937
47001,2023,565844
47001,2024,574486
47001,2025,582394
47001,2026,588662
47001,2027,594421
47001,2028,599778
47001,2029,604778
47001,2030,609461
47001,2031,613835
47001,2032,617895
47001,2033,621667
47001,2034,625130
47001,2035,628324
47001,2036,631219
47001,2037,633878
47001,2038,636241
47001,2039,638385
47001,2040,640269
47001,2041,641922
47001,2042,643372
47030,2005,12052
47030,2006,12308
47030,2007,12560
47030,2008,12803
47030,2009,13056
47030,2010,13314
47030,2011,13581
47030,2012,13852
47030,2013,14074
47030,2014,14277
47030,2015,14508
47030,2016,14752
47030,2017,15049
47030,2018,15524
47030,2019,16190
47030,2020,16913
47030,2021,17419
47030,2022,17825
47030,2023,18218
47030,2024,18615
47030,2025,18979
47030,2026,19293
47030,2027,19608
47030,2028,19881
47030,2029,20170
47030,2030,20450
47030,2031,20719
47030,2032,20991
47030,2033,21244
47030,2034,21481
47030,2035,21736
47030,2036,21962
47030,2037,22199
47030,2038,22426
47030,2039,22646
47030,2040,22834
47030,2041,23050
47030,2042,23257
47053,2005,32619
47053,2006,33157
47053,2007,33691
47053,2008,34235
47053,2009,34763
47053,2010,35285
47053,2011,35771
47053,2012,36266
47053,2013,36741
47053,2014,37205
47053,2015,37659
47053,2016,38193
47053,2017,38877
47053,2018,39855
47053,2019,41046
47053,2020,42443
47053,2021,43160
47053,2022,43624
47053,2023,44032
47053,2024,44403
47053,2025,44719
47053,2026,44885
47053,2027,45018
47053,2028,45127
47053,2029,45213
47053,2030,45242
47053,2031,45274
47053,2032,45283
47053,2033,45249
47053,2034,45210
47053,2035,45157
47053,2036,45066
47053,2037,44971
47053,2038,44876
47053,2039,44747
47053,2040,44594
47053,2041,44449
47053,2042,44288
47058,2005,27337
47058,2006,27569
47058,2007,27798
47058,2008,28049
47058,2009,28247
47058,2010,28439
47058,2011,28668
47058,2012,28816
47058,2013,28989
47058,2014,29126
47058,2015,29254
47058,2016,29417
47058,2017,29712
47058,2018,30215
47058,2019,30774
47058,2020,31459
47058,2021,31660
47058,2022,31652
47058,2023,31599
47058,2024,31525
47058,2025,31412
47058,2026,31190
47058,2027,30949
47058,2028,30686
47058,2029,30386
47058,2030,30114
47058,2031,29801
47058,2032,29491
47058,2033,29160
47058,2034,28805
47058,2035,28470
47058,2036,28109
47058,2037,27745
47058,2038,27386
47058,2039,26979
47058,2040,26626
47058,2041,26257
47058,2042,25871
47161,2005,8405
47161,2006,8513
47161,2007,8579
47161,2008,8701
47161,2009,8825
47161,2010,8910
47161,2011,9004
47161,2012,9073
47161,2013,9178
47161,2014,9296
47161,2015,9428
47161,2016,9547
47161,2017,9710
47161,2018,9886
47161,2019,10201
47161,2020,10538
47161,2021,10767
47161,2022,10980
47161,2023,11175
47161,2024,11374
47161,2025,11570
47161,2026,11734
47161,2027,11891
47161,2028,12051
47161,2029,12209
47161,2030,12362
47161,2031,12508
47161,2032,12660
47161,2033,12792
47161,2034,12917
47161,2035,13075
47161,2036,13208
47161,2037,13334
47161,2038,13470
47161,2039,13600
47161,2040,13720
47161,2041,13843
47161,2042,13958
47170,2005,15720
47170,2006,16168
47170,2007,16631
47170,2008,17078
47170,2009,17521
47170,2010,17971
47170,2011,18427
47170,2012,18854
47170,2013,19310
47170,2014,19737
47170,2015,20127
47170,2016,20602
47170,2017,21151
47170,2018,21860
47170,2019,22661
47170,2020,23542
47170,2021,24224
47170,2022,24814
47170,2023,25369
47170,2024,25934
47170,2025,26484
47170,2026,26975
47170,2027,27456
47170,2028,27898
47170,2029,28326
47170,2030,28759
47170,2031,29185
47170,2032,29583
47170,2033,29965
47170,2034,30352
47170,2035,30732
47170,2036,31075
47170,2037,31411
47170,2038,31745
47170,2039,32047
47170,2040,32371
47170,2041,32662
47170,2042,32944
47189,2005,111663
47189,2006,112382
47189,2007,113116
47189,2008,113785
47189,2009,114429
47189,2010,115015
47189,2011,115521
47189,2012,115954
47189,2013,116349
47189,2014,116604
47189,2015,116934
47189,2016,117496
47189,2017,118322
47189,2018,120075
47189,2019,123851
47189,2020,128288
47189,2021,131114
47189,2022,133145
47189,2023,135013
47189,2024,136851
47189,2025,138516
47189,2026,139759
47189,2027,140903
47189,2028,141949
47189,2029,142893
47189,2030,143759
47189,2031,144549
47189,2032,145272
47189,2033,145922
47189,2034,146476
47189,2035,147003
47189,2036,147453
47189,2037,147804
47189,2038,148135
47189,2039,148391
47189,2040,148587
47189,2041,148742
47189,2042,148820
47205,2005,9202
47205,2006,9296
47205,2007,9428
47205,2008,9490
47205,2009,9616
47205,2010,9694
47205,2011,9728
47205,2012,9796
47205,2013,9874
47205,2014,9961
47205,2015,10045
47205,2016,10168
47205,2017,10276
47205,2018,10517
47205,2019,10691
47205,2020,10904
47205,2021,11019
47205,2022,11093
47205,2023,11111
47205,2024,11170
47205,2025,11208
47205,2026,11198
47205,2027,11214
47205,2028,11212
47205,2029,11194
47205,2030,11189
47205,2031,11183
47205,2032,11172
47205,2033,11132
47205,2034,11117
47205,2035,11096
47205,2036,11067
47205,2037,11031
47205,2038,11009
47205,2039,10969
47205,2040,10939
47205,2041,10898
47205,2042,10860
47245,2005,54393
47245,2006,55209
47245,2007,56008
47245,2008,56817
47245,2009,57635
47245,2010,58409
47245,2011,59184
47245,2012,59921
47245,2013,60652
47245,2014,61370
47245,2015,62069
47245,2016,62912
47245,2017,63918
47245,2018,65476
47245,2019,67736
47245,2020,70337
47245,2021,71890
47245,2022,72997
47245,2023,74044
47245,2024,75024
47245,2025,75903
47245,2026,76577
47245,2027,77183
47245,2028,77736
47245,2029,78245
47245,2030,78699
47245,2031,79122
47245,2032,79499
47245,2033,79860
47245,2034,80163
47245,2035,80441
47245,2036,80709
47245,2037,80927
47245,2038,81130
47245,2039,81269
47245,2040,81418
47245,2041,81534
47245,2042,81622
47258,2005,16864
47258,2006,17237
47258,2007,17633
47258,2008,18069
47258,2009,18460
47258,2010,18863
47258,2011,19277
47258,2012,19673
47258,2013,20034
47258,2014,20472
47258,2015,20906
47258,2016,21318
47258,2017,21823
47258,2018,22536
47258,2019,23289
47258,2020,24117
47258,2021,24720
47258,2022,25237
47258,2023,25696
47258,2024,26170
47258,2025,26580
47258,2026,26974
47258,2027,27319
47258,2028,27660
47258,2029,27990
47258,2030,28308
47258,2031,28617
47258,2032,28911
47258,2033,29186
47258,2034,29495
47258,2035,29754
47258,2036,30020
47258,2037,30295
47258,2038,30550
47258,2039,30800
47258,2040,31025
47258,2041,31250
47258,2042,31462
47268,2005,16503
47268,2006,16735
47268,2007,16994
47268,2008,17239
47268,2009,17485
47268,2010,17716
47268,2011,17925
47268,2012,18132
47268,2013,18381
47268,2014,18547
47268,2015,18732
47268,2016,18953
47268,2017,19264
47268,2018,19695
47268,2019,20133
47268,2020,20696
47268,2021,20950
47268,2022,21078
47268,2023,21186
47268,2024,21274
47268,2025,21323
47268,2026,21315
47268,2027,21285
47268,2028,21245
47268,2029,21157
47268,2030,21101
47268,2031,21016
47268,2032,20929
47268,2033,20811
47268,2034,20711
47268,2035,20574
47268,2036,20453
47268,2037,20305
47268,2038,20166
47268,2039,20007
47268,2040,19853
47268,2041,19683
47268,2042,19515
47288,2005,54990
47288,2006,55839
47288,2007,56697
47288,2008,57537
47288,2009,58383
47288,2010,59205
47288,2011,59997
47288,2012,60758
47288,2013,61519
47288,2014,62222
47288,2015,62947
47288,2016,63819
47288,2017,64852
47288,2018,66427
47288,2019,68506
47288,2020,70897
47288,2021,72410
47288,2022,73447
47288,2023,74427
47288,2024,75360
47288,2025,76213
47288,2026,76845
47288,2027,77379
47288,2028,77870
47288,2029,78314
47288,2030,78734
47288,2031,79090
47288,2032,79400
47288,2033,79690
47288,2034,79926
47288,2035,80128
47288,2036,80303
47288,2037,80414
47288,2038,80542
47288,2039,80603
47288,2040,80643
47288,2041,80646
47288,2042,80633
47318,2005,22736
47318,2006,23045
47318,2007,23314
47318,2008,23568
47318,2009,23853
47318,2010,24126
47318,2011,24401
47318,2012,24686
47318,2013,24861
47318,2014,25140
47318,2015,25404
47318,2016,25689
47318,2017,26054
47318,2018,26613
47318,2019,27303
47318,2020,28150
47318,2021,28427
47318,2022,28547
47318,2023,28615
47318,2024,28668
47318,2025,28658
47318,2026,28581
47318,2027,28464
47318,2028,28340
47318,2029,28185
47318,2030,28015
47318,2031,27843
47318,2032,27682
47318,2033,27484
47318,2034,27288
47318,2035,27064
47318,2036,26837
47318,2037,26633
47318,2038,26376
47318,2039,26159
47318,2040,25911
47318,2041,25660
47318,2042,25388
47460,2005,13402
47460,2006,13845
47460,2007,14301
47460,2008,14748
47460,2009,15211
47460,2010,15676
47460,2011,16118
47460,2012,16592
47460,2013,17012
47460,2014,17485
47460,2015,17917
47460,2016,18414
47460,2017,18932
47460,2018,19657
47460,2019,20274
47460,2020,20960
47460,2021,21472
47460,2022,21872
47460,2023,22265
47460,2024,22650
47460,2025,23036
47460,2026,23393
47460,2027,23714
47460,2028,24022
47460,2029,24327
47460,2030,24633
47460,2031,24924
47460,2032,25233
47460,2033,25528
47460,2034,25827
47460,2035,26132
47460,2036,26419
47460,2037,26705
47460,2038,26984
47460,2039,27259
47460,2040,27533
47460,2041,27815
47460,2042,28082
47541,2005,7351
47541,2006,7484
47541,2007,7624
47541,2008,7780
47541,2009,7876
47541,2010,7986
47541,2011,8122
47541,2012,8249
47541,2013,8388
47541,2014,8498
47541,2015,8650
47541,2016,8817
47541,2017,8946
47541,2018,9196
47541,2019,9422
47541,2020,9692
47541,2021,9856
47541,2022,10004
47541,2023,10125
47541,2024,10248
47541,2025,10329
47541,2026,10436
47541,2027,10505
47541,2028,10546
47541,2029,10628
47541,2030,10682
47541,2031,10745
47541,2032,10809
47541,2033,10868
47541,2034,10920
47541,2035,10982
47541,2036,11025
47541,2037,11086
47541,2038,11153
47541,2039,11205
47541,2040,11229
47541,2041,11301
47541,2042,11338
47545,2005,11447
47545,2006,11475
47545,2007,11535
47545,2008,11611
47545,2009,11657
47545,2010,11685
47545,2011,11723
47545,2012,11748
47545,2013,11722
47545,2014,11793
47545,2015,11815
47545,2016,11862
47545,2017,11917
47545,2018,12103
47545,2019,12533
47545,2020,13053
47545,2021,13368
47545,2022,13595
47545,2023,13813
47545,2024,14019
47545,2025,14229
47545,2026,14387
47545,2027,14533
47545,2028,14682
47545,2029,14819
47545,2030,14936
47545,2031,15053
47545,2032,15182
47545,2033,15282
47545,2034,15389
47545,2035,15487
47545,2036,15589
47545,2037,15659
47545,2038,15758
47545,2039,15835
47545,2040,15908
47545,2041,15984
47545,2042,16055
47551,2005,31127
47551,2006,31575
47551,2007,32038
47551,2008,32520
47551,2009,32921
47551,2010,33384
47551,2011,33777
47551,2012,34210
47551,2013,34644
47551,2014,34994
47551,2015,35379
47551,2016,35881
47551,2017,36437
47551,2018,37339
47551,2019,38080
47551,2020,38942
47551,2021,39447
47551,2022,39794
47551,2023,40092
47551,2024,40406
47551,2025,40669
47551,2026,40843
47551,2027,40983
47551,2028,41111
47551,2029,41233
47551,2030,41288
47551,2031,41372
47551,2032,41417
47551,2033,41460
47551,2034,41475
47551,2035,41485
47551,2036,41492
47551,2037,41464
47551,2038,41456
47551,2039,41401
47551,2040,41346
47551,2041,41260
47551,2042,41205
47555,2005,49588
47555,2006,50468
47555,2007,51377
47555,2008,52259
47555,2009,53131
47555,2010,54008
47555,2011,54860
47555,2012,55706
47555,2013,56515
47555,2014,57335
47555,2015,58101
47555,2016,59051
47555,2017,60142
47555,2018,61773
47555,2019,63914
47555,2020,66270
47555,2021,68096
47555,2022,69680
47555,2023,71190
47555,2024,72742
47555,2025,74242
47555,2026,75598
47555,2027,76927
47555,2028,78205
47555,2029,79458
47555,2030,80675
47555,2031,81834
47555,2032,82977
47555,2033,84071
47555,2034,85135
47555,2035,86146
47555,2036,87121
47555,2037,88081
47555,2038,88989
47555,2039,89879
47555,2040,90735
47555,2041,91545
47555,2042,92339
47570,2005,21464
47570,2006,22045
47570,2007,22630
47570,2008,23220
47570,2009,23856
47570,2010,24449
47570,2011,25054
47570,2012,25677
47570,2013,26265
47570,2014,26828
47570,2015,27391
47570,2016,28064
47570,2017,28816
47570,2018,29823
47570,2019,30925
47570,2020,32179
47570,2021,32872
47570,2022,33328
47570,2023,33750
47570,2024,34162
47570,2025,34516
47570,2026,34782
47570,2027,35003
47570,2028,35224
47570,2029,35389
47570,2030,35575
47570,2031,35724
47570,2032,35845
47570,2033,35987
47570,2034,36097
47570,2035,36198
47570,2036,36262
47570,2037,36329
47570,2038,36391
47570,2039,36454
47570,2040,36475
47570,2041,36522
47570,2042,36528
47605,2005,10438
47605,2006,10569
47605,2007,10641
47605,2008,10712
47605,2009,10791
47605,2010,10840
47605,2011,10925
47605,2012,10986
47605,2013,10980
47605,2014,11057
47605,2015,11130
47605,2016,11185
47605,2017,11237
47605,2018,11451
47605,2019,11863
47605,2020,12302
47605,2021,12661
47605,2022,12950
47605,2023,13238
47605,2024,13533
47605,2025,13808
47605,2026,14068
47605,2027,14297
47605,2028,14523
47605,2029,14758
47605,2030,14972
47605,2031,15181
47605,2032,15405
47605,2033,15598
47605,2034,15802
47605,2035,15989
47605,2036,16164
47605,2037,16330
47605,2038,16501
47605,2039,16664
47605,2040,16841
47605,2041,16955
47605,2042,17111
47660,2005,12148
47660,2006,12392
47660,2007,12634
47660,2008,12899
47660,2009,13174
47660,2010,13450
47660,2011,13674
47660,2012,13904
47660,2013,14147
47660,2014,14400
47660,2015,14650
47660,2016,14908
47660,2017,15231
47660,2018,15643
47660,2019,15933
47660,2020,16267
47660,2021,16430
47660,2022,16548
47660,2023,16608
47660,2024,16704
47660,2025,16760
47660,2026,16783
47660,2027,16782
47660,2028,16793
47660,2029,16790
47660,2030,16784
47660,2031,16778
47660,2032,16774
47660,2033,16765
47660,2034,16739
47660,2035,16712
47660,2036,16712
47660,2037,16663
47660,2038,16648
47660,2039,16603
47660,2040,16589
47660,2041,16549
47660,2042,16498
47675,2005,9097
47675,2006,9235
47675,2007,9350
47675,2008,9450
47675,2009,9533
47675,2010,9675
47675,2011,9807
47675,2012,9915
47675,2013,9969
47675,2014,10104
47675,2015,10248
47675,2016,10377
47675,2017,10511
47675,2018,10734
47675,2019,11100
47675,2020,11513
47675,2021,11817
47675,2022,12113
47675,2023,12346
47675,2024,12611
47675,2025,12861
47675,2026,13105
47675,2027,13310
47675,2028,13524
47675,2029,13732
47675,2030,13932
47675,2031,14117
47675,2032,14319
47675,2033,14486
47675,2034,14669
47675,2035,14817
47675,2036,14992
47675,2037,15137
47675,2038,15286
47675,2039,15435
47675,2040,15579
47675,2041,15714
47675,2042,15855
47692,2005,15494
47692,2006,15786
47692,2007,16082
47692,2008,16369
47692,2009,16654
47692,2010,16951
47692,2011,17259
47692,2012,17537
47692,2013,17793
47692,2014,18056
47692,2015,18311
47692,2016,18651
47692,2017,19003
47692,2018,19529
47692,2019,20139
47692,2020,20902
47692,2021,21248
47692,2022,21466
47692,2023,21652
47692,2024,21808
47692,2025,21943
47692,2026,22033
47692,2027,22078
47692,2028,22120
47692,2029,22127
47692,2030,22132
47692,2031,22145
47692,2032,22121
47692,2033,22108
47692,2034,22086
47692,2035,22058
47692,2036,22000
47692,2037,21967
47692,2038,21907
47692,2039,21844
47692,2040,21785
47692,2041,21692
47692,2042,21623
47703,2005,8770
47703,2006,8966
47703,2007,9138
47703,2008,9322
47703,2009,9530
47703,2010,9752
47703,2011,9934
47703,2012,10148
47703,2013,10362
47703,2014,10569
47703,2015,10793
47703,2016,11031
47703,2017,11306
47703,2018,11692
47703,2019,12219
47703,2020,12836
47703,2021,13184
47703,2022,13473
47703,2023,13708
47703,2024,13973
47703,2025,14204
47703,2026,14415
47703,2027,14588
47703,2028,14780
47703,2029,14967
47703,2030,15132
47703,2031,15286
47703,2032,15455
47703,2033,15603
47703,2034,15763
47703,2035,15890
47703,2036,16050
47703,2037,16183
47703,2038,16323
47703,2039,16444
47703,2040,16570
47703,2041,16726
47703,2042,16847
47707,2005,32503
47707,2006,32083
47707,2007,31667
47707,2008,31190
47707,2009,30741
47707,2010,30216
47707,2011,29657
47707,2012,29079
47707,2013,28500
47707,2014,27813
47707,2015,27060
47707,2016,26441
47707,2017,25857
47707,2018,25425
47707,2019,26061
47707,2020,26747
47707,2021,27195
47707,2022,27535
47707,2023,27860
47707,2024,28187
47707,2025,28471
47707,2026,28702
47707,2027,28937
47707,2028,29145
47707,2029,29333
47707,2030,29507
47707,2031,29683
47707,2032,29856
47707,2033,29993
47707,2034,30140
47707,2035,30279
47707,2036,30403
47707,2037,30509
47707,2038,30609
47707,2039,30714
47707,2040,30797
47707,2041,30870
47707,2042,30939
47720,2005,10973
47720,2006,10930
47720,2007,10895
47720,2008,10861
47720,2009,10841
47720,2010,10817
47720,2011,10753
47720,2012,10714
47720,2013,10637
47720,2014,10590
47720,2015,10599
47720,2016,10521
47720,2017,10509
47720,2018,10575
47720,2019,10736
47720,2020,10892
47720,2021,10959
47720,2022,11002
47720,2023,11012
47720,2024,11045
47720,2025,11028
47720,2026,11017
47720,2027,10984
47720,2028,10972
47720,2029,10921
47720,2030,10885
47720,2031,10825
47720,2032,10771
47720,2033,10722
47720,2034,10675
47720,2035,10593
47720,2036,10540
47720,2037,10473
47720,2038,10386
47720,2039,10316
47720,2040,10228
47720,2041,10153
47720,2042,10083
47745,2005,21720
47745,2006,22095
47745,2007,22493
47745,2008,22897
47745,2009,23288
47745,2010,23672
47745,2011,24067
47745,2012,24415
47745,2013,24873
47745,2014,25108
47745,2015,25460
47745,2016,25891
47745,2017,26423
47745,2018,27130
47745,2019,27593
47745,2020,28145
47745,2021,28454
47745,2022,28600
47745,2023,28736
47745,2024,28889
47745,2025,28971
47745,2026,29009
47745,2027,29041
47745,2028,29038
47745,2029,29019
47745,2030,28998
47745,2031,28974
47745,2032,28915
47745,2033,28883
47745,2034,28802
47745,2035,28743
47745,2036,28677
47745,2037,28602
47745,2038,28497
47745,2039,28396
47745,2040,28296
47745,2041,28194
47745,2042,28071
47798,2005,12025
47798,2006,12105
47798,2007,12185
47798,2008,12293
47798,2009,12361
47798,2010,12452
47798,2011,12531
47798,2012,12574
47798,2013,12637
47798,2014,12729
47798,2015,12797
47798,2016,12892
47798,2017,13032
47798,2018,13233
47798,2019,13504
47798,2020,13830
47798,2021,14007
47798,2022,14120
47798,2023,14254
47798,2024,14340
47798,2025,14447
47798,2026,14511
47798,2027,14547
47798,2028,14607
47798,2029,14639
47798,2030,14666
47798,2031,14706
47798,2032,14707
47798,2033,14727
47798,2034,14754
47798,2035,14759
47798,2036,14773
47798,2037,14787
47798,2038,14782
47798,2039,14762
47798,2040,14766
47798,2041,14760
47798,2042,14742
47960,2005,8317
47960,2006,8440
47960,2007,8571
47960,2008,8675
47960,2009,8802
47960,2010,8910
47960,2011,8975
47960,2012,9077
47960,2013,9190
47960,2014,9291
47960,2015,9383
47960,2016,9514
47960,2017,9663
47960,2018,9916
47960,2019,10161
47960,2020,10444
47960,2021,10652
47960,2022,10774
47960,2023,10922
47960,2024,11061
47960,2025,11186
47960,2026,11284
47960,2027,11395
47960,2028,11492
47960,2029,11560
47960,2030,11655
47960,2031,11743
47960,2032,11818
47960,2033,11905
47960,2034,11985
47960,2035,12041
47960,2036,12142
47960,2037,12206
47960,2038,12287
47960,2039,12317
47960,2040,12404
47960,2041,12483
47960,2042,12531
47980,2005,44716
47980,2006,46378
47980,2007,48041
47980,2008,49734
47980,2009,51471
47980,2010,53214
47980,2011,54966
47980,2012,56655
47980,2013,58421
47980,2014,60210
47980,2015,62011
47980,2016,63906
47980,2017,66043
47980,2018,68711
47980,2019,71479
47980,2020,74555
47980,2021,76103
47980,2022,77164
47980,2023,78127
47980,2024,79037
47980,2025,79848
47980,2026,80394
47980,2027,80909
47980,2028,81350
47980,2029,81765
47980,2030,82140
47980,2031,82470
47980,2032,82781
47980,2033,83050
47980,2034,83328
47980,2035,83548
47980,2036,83735
47980,2037,83923
47980,2038,84075
47980,2039,84210
47980,2040,84308
47980,2041,84381
47980,2042,84446
50001,2005,398309
50001,2006,410314
50001,2007,421747
50001,2008,432864
50001,2009,443635
50001,2010,454178
50001,2011,464527
50001,2012,474503
50001,2013,484216
50001,2014,493721
50001,2015,503042
50001,2016,512462
50001,2017,521700
50001,2018,531285
50001,2019,542056
50001,2020,554012
50001,2021,561992
50001,2022,567986
50001,2023,573473
50001,2024,579176
50001,2025,584389
50001,2026,588645
50001,2027,592656
50001,2028,596468
50001,2029,600093
50001,2030,603587
50001,2031,606950
50001,2032,610189
50001,2033,613311
50001,2034,616324
50001,2035,619244
50001,2036,622068
50001,2037,624800
50001,2038,627478
50001,2039,630050
50001,2040,632579
50001,2041,635029
50001,2042,637426
50006,2005,63217
50006,2006,65336
50006,2007,67387
50006,2008,69419
50006,2009,71399
50006,2010,73370
50006,2011,75305
50006,2012,77187
50006,2013,79035
50006,2014,80841
50006,2015,82619
50006,2016,84461
50006,2017,86156
50006,2018,88028
50006,2019,90779
50006,2020,93760
50006,2021,96064
50006,2022,98080
50006,2023,100048
50006,2024,102025
50006,2025,103943
50006,2026,105704
50006,2027,107425
50006,2028,109108
50006,2029,110727
50006,2030,112336
50006,2031,113921
50006,2032,115439
50006,2033,116949
50006,2034,118410
50006,2035,119832
50006,2036,121220
50006,2037,122587
50006,2038,123892
50006,2039,125174
50006,2040,126403
50006,2041,127596
50006,2042,128755
50110,2005,4203
50110,2006,4392
50110,2007,4616
50110,2008,4766
50110,2009,4954
50110,2010,5112
50110,2011,5284
50110,2012,5458
50110,2013,5650
50110,2014,5832
50110,2015,5945
50110,2016,6071
50110,2017,6264
50110,2018,6439
50110,2019,6690
50110,2020,6956
50110,2021,7197
50110,2022,7384
50110,2023,7559
50110,2024,7750
50110,2025,7922
50110,2026,8063
50110,2027,8195
50110,2028,8341
50110,2029,8447
50110,2030,8562
50110,2031,8681
50110,2032,8772
50110,2033,8859
50110,2034,8925
50110,2035,9022
50110,2036,9057
50110,2037,9129
50110,2038,9167
50110,2039,9209
50110,2040,9235
50110,2041,9261
50110,2042,9270
50124,2005,4307
50124,2006,4448
50124,2007,4567
50124,2008,4729
50124,2009,4847
50124,2010,5020
50124,2011,5137
50124,2012,5209
50124,2013,5344
50124,2014,5531
50124,2015,5718
50124,2016,5830
50124,2017,5949
50124,2018,6055
50124,2019,6229
50124,2020,6404
50124,2021,6543
50124,2022,6656
50124,2023,6756
50124,2024,6865
50124,2025,6963
50124,2026,7031
50124,2027,7090
50124,2028,7156
50124,2029,7232
50124,2030,7277
50124,2031,7344
50124,2032,7382
50124,2033,7412
50124,2034,7426
50124,2035,7479
50124,2036,7481
50124,2037,7509
50124,2038,7505
50124,2039,7531
50124,2040,7518
50124,2041,7512
50124,2042,7528
50150,2005,9554
50150,2006,9904
50150,2007,10267
50150,2008,10634
50150,2009,11011
50150,2010,11438
50150,2011,11746
50150,2012,12171
50150,2013,12480
50150,2014,12887
50150,2015,13262
50150,2016,13548
50150,2017,13928
50150,2018,14305
50150,2019,14878
50150,2020,15461
50150,2021,15972
50150,2022,16409
50150,2023,16831
50150,2024,17240
50150,2025,17622
50150,2026,17986
50150,2027,18317
50150,2028,18627
50150,2029,18903
50150,2030,19155
50150,2031,19415
50150,2032,19645
50150,2033,19865
50150,2034,20048
50150,2035,20238
50150,2036,20390
50150,2037,20529
50150,2038,20637
50150,2039,20748
50150,2040,20851
50150,2041,20922
50150,2042,20982
50223,2005,5453
50223,2006,5601
50223,2007,5736
50223,2008,5824
50223,2009,5969
50223,2010,6105
50223,2011,6255
50223,2012,6403
50223,2013,6544
50223,2014,6612
50223,2015,6652
50223,2016,6751
50223,2017,6859
50223,2018,6968
50223,2019,7073
50223,2020,7223
50223,2021,7285
50223,2022,7337
50223,2023,7367
50223,2024,7436
50223,2025,7455
50223,2026,7467
50223,2027,7505
50223,2028,7511
50223,2029,7513
50223,2030,7513
50223,2031,7530
50223,2032,7529
50223,2033,7524
50223,2034,7513
50223,2035,7496
50223,2036,7483
50223,2037,7464
50223,2038,7437
50223,2039,7422
50223,2040,7398
50223,2041,7366
50223,2042,7316
50226,2005,17570
50226,2006,18001
50226,2007,18444
50226,2008,18872
50226,2009,19307
50226,2010,19721
50226,2011,20141
50226,2012,20540
50226,2013,20936
50226,2014,21381
50226,2015,21682
50226,2016,22111
50226,2017,22501
50226,2018,22814
50226,2019,23254
50226,2020,23717
50226,2021,24002
50226,2022,24198
50226,2023,24360
50226,2024,24556
50226,2025,24710
50226,2026,24830
50226,2027,24912
50226,2028,25002
50226,2029,25064
50226,2030,25109
50226,2031,25153
50226,2032,25198
50226,2033,25220
50226,2034,25205
50226,2035,25212
50226,2036,25199
50226,2037,25174
50226,2038,25145
50226,2039,25088
50226,2040,25040
50226,2041,24973
50226,2042,24894
50245,2005,2001
50245,2006,1995
50245,2007,1956
50245,2008,1959
50245,2009,1939
50245,2010,1936
50245,2011,1937
50245,2012,1940
50245,2013,1926
50245,2014,1902
50245,2015,1852
50245,2016,1801
50245,2017,1768
50245,2018,1775
50245,2019,1794
50245,2020,1837
50245,2021,1848
50245,2022,1865
50245,2023,1890
50245,2024,1896
50245,2025,1909
50245,2026,1924
50245,2027,1928
50245,2028,1938
50245,2029,1934
50245,2030,1919
50245,2031,1913
50245,2032,1907
50245,2033,1899
50245,2034,1911
50245,2035,1900
50245,2036,1905
50245,2037,1924
50245,2038,1901
50245,2039,1900
50245,2040,1902
50245,2041,1901
50245,2042,1897
50251,2005,8027
50251,2006,7986
50251,2007,8039
50251,2008,8037
50251,2009,8038
50251,2010,8045
50251,2011,8058
50251,2012,8039
50251,2013,8014
50251,2014,7979
50251,2015,7978
50251,2016,7994
50251,2017,7994
50251,2018,7983
50251,2019,8090
50251,2020,8239
50251,2021,8314
50251,2022,8383
50251,2023,8421
50251,2024,8473
50251,2025,8517
50251,2026,8542
50251,2027,8570
50251,2028,8581
50251,2029,8587
50251,2030,8623
50251,2031,8610
50251,2032,8616
50251,2033,8615
50251,2034,8633
50251,2035,8611
50251,2036,8617
50251,2037,8590
50251,2038,8580
50251,2039,8548
50251,2040,8534
50251,2041,8510
50251,2042,8487
50270,2005,3106
50270,2006,3171
50270,2007,3231
50270,2008,3271
50270,2009,3372
50270,2010,3425
50270,2011,3460
50270,2012,3513
50270,2013,3588
50270,2014,3688
50270,2015,3761
50270,2016,3803
50270,2017,3829
50270,2018,3889
50270,2019,3948
50270,2020,4022
50270,2021,4057
50270,2022,4092
50270,2023,4114
50270,2024,4122
50270,2025,4145
50270,2026,4163
50270,2027,4188
50270,2028,4184
50270,2029,4204
50270,2030,4204
50270,2031,4201
50270,2032,4201
50270,2033,4208
50270,2034,4194
50270,2035,4190
50270,2036,4185
50270,2037,4177
50270,2038,4178
50270,2039,4176
50270,2040,4168
50270,2041,4141
50270,2042,4137
50287,2005,8676
50287,2006,8973
50287,2007,9259
50287,2008,9523
50287,2009,9803
50287,2010,10090
50287,2011,10333
50287,2012,10595
50287,2013,10857
50287,2014,11134
50287,2015,11421
50287,2016,11677
50287,2017,11916
50287,2018,12120
50287,2019,12313
50287,2020,12517
50287,2021,12629
50287,2022,12723
50287,2023,12796
50287,2024,12853
50287,2025,12922
50287,2026,12962
50287,2027,12986
50287,2028,13010
50287,2029,13040
50287,2030,13050
50287,2031,13055
50287,2032,13055
50287,2033,13043
50287,2034,13040
50287,2035,13011
50287,2036,13015
50287,2037,12986
50287,2038,12942
50287,2039,12916
50287,2040,12870
50287,2041,12828
50287,2042,12773
50313,2005,53762
50313,2006,55118
50313,2007,56420
50313,2008,57695
50313,2009,58928
50313,2010,60123
50313,2011,61327
50313,2012,62484
50313,2013,63543
50313,2014,64615
50313,2015,65696
50313,2016,66715
50313,2017,67735
50313,2018,68874
50313,2019,70111
50313,2020,71488
50313,2021,72338
50313,2022,72913
50313,2023,73401
50313,2024,73899
50313,2025,74331
50313,2026,74614
50313,2027,74855
50313,2028,75056
50313,2029,75200
50313,2030,75311
50313,2031,75371
50313,2032,75445
50313,2033,75427
50313,2034,75405
50313,2035,75333
50313,2036,75241
50313,2037,75102
50313,2038,74964
50313,2039,74762
50313,2040,74527
50313,2041,74269
50313,2042,73964
50318,2005,11509
50318,2006,11729
50318,2007,11944
50318,2008,12173
50318,2009,12392
50318,2010,12596
50318,2011,12813
50318,2012,13019
50318,2013,13138
50318,2014,13365
50318,2015,13638
50318,2016,13815
50318,2017,13853
50318,2018,14123
50318,2019,14538
50318,2020,14985
50318,2021,15321
50318,2022,15631
50318,2023,15920
50318,2024,16202
50318,2025,16492
50318,2026,16747
50318,2027,16998
50318,2028,17234
50318,2029,17460
50318,2030,17711
50318,2031,17920
50318,2032,18122
50318,2033,18358
50318,2034,18554
50318,2035,18742
50318,2036,18934
50318,2037,19118
50318,2038,19295
50318,2039,19476
50318,2040,19638
50318,2041,19819
50318,2042,19963
50325,2005,6690
50325,2006,6695
50325,2007,6745
50325,2008,6784
50325,2009,6811
50325,2010,6817
50325,2011,6879
50325,2012,6906
50325,2013,6905
50325,2014,6916
50325,2015,6976
50325,2016,6990
50325,2017,6986
50325,2018,7011
50325,2019,7068
50325,2020,7127
50325,2021,7180
50325,2022,7203
50325,2023,7250
50325,2024,7280
50325,2025,7301
50325,2026,7339
50325,2027,7354
50325,2028,7361
50325,2029,7380
50325,2030,7401
50325,2031,7435
50325,2032,7439
50325,2033,7456
50325,2034,7459
50325,2035,7464
50325,2036,7463
50325,2037,7485
50325,2038,7496
50325,2039,7479
50325,2040,7500
50325,2041,7487
50325,2042,7511
50330,2005,10470
50330,2006,10533
50330,2007,10601
50330,2008,10678
50330,2009,10735
50330,2010,10765
50330,2011,10853
50330,2012,10911
50330,2013,10952
50330,2014,10993
50330,2015,10993
50330,2016,11021
50330,2017,11113
50330,2018,11161
50330,2019,11301
50330,2020,11443
50330,2021,11547
50330,2022,11634
50330,2023,11721
50330,2024,11781
50330,2025,11873
50330,2026,11939
50330,2027,11996
50330,2028,12040
50330,2029,12084
50330,2030,12135
50330,2031,12167
50330,2032,12196
50330,2033,12241
50330,2034,12281
50330,2035,12305
50330,2036,12338
50330,2037,12345
50330,2038,12381
50330,2039,12393
50330,2040,12416
50330,2041,12442
50330,2042,12445
50350,2005,17134
50350,2006,17847
50350,2007,18579
50350,2008,19311
50350,2009,20077
50350,2010,20850
50350,2011,21610
50350,2012,22380
50350,2013,23152
50350,2014,23879
50350,2015,24605
50350,2016,25335
50350,2017,26129
50350,2018,26862
50350,2019,27438
50350,2020,28035
50350,2021,28445
50350,2022,28809
50350,2023,29175
50350,2024,29571
50350,2025,29924
50350,2026,30255
50350,2027,30602
50350,2028,30941
50350,2029,31263
50350,2030,31600
50350,2031,31925
50350,2032,32259
50350,2033,32585
50350,2034,32898
50350,2035,33237
50350,2036,33532
50350,2037,33864
50350,2038,34202
50350,2039,34547
50350,2040,34849
50350,2041,35196
50350,2042,35530
50370,2005,7840
50370,2006,7946
50370,2007,8043
50370,2008,8174
50370,2009,8290
50370,2010,8400
50370,2011,8530
50370,2012,8639
50370,2013,8760
50370,2014,8854
50370,2015,8953
50370,2016,9050
50370,2017,9176
50370,2018,9273
50370,2019,9386
50370,2020,9489
50370,2021,9548
50370,2022,9581
50370,2023,9642
50370,2024,9695
50370,2025,9736
50370,2026,9770
50370,2027,9804
50370,2028,9824
50370,2029,9867
50370,2030,9907
50370,2031,9937
50370,2032,9964
50370,2033,9987
50370,2034,10013
50370,2035,10033
50370,2036,10037
50370,2037,10080
50370,2038,10095
50370,2039,10113
50370,2040,10132
50370,2041,10142
50370,2042,10165
50400,2005,10316
50400,2006,10365
50400,2007,10480
50400,2008,10603
50400,2009,10695
50400,2010,10793
50400,2011,10878
50400,2012,10971
50400,2013,11084
50400,2014,11114
50400,2015,11140
50400,2016,11235
50400,2017,11389
50400,2018,11461
50400,2019,11631
50400,2020,11835
50400,2021,11945
50400,2022,12031
50400,2023,12100
50400,2024,12161
50400,2025,12229
50400,2026,12281
50400,2027,12315
50400,2028,12338
50400,2029,12350
50400,2030,12380
50400,2031,12382
50400,2032,12383
50400,2033,12378
50400,2034,12369
50400,2035,12365
50400,2036,12353
50400,2037,12336
50400,2038,12308
50400,2039,12284
50400,2040,12257
50400,2041,12186
50400,2042,12158
50450,2005,7669
50450,2006,7703
50450,2007,7775
50450,2008,7847
50450,2009,7898
50450,2010,7947
50450,2011,8054
50450,2012,8091
50450,2013,8126
50450,2014,8161
50450,2015,8225
50450,2016,8289
50450,2017,8362
50450,2018,8379
50450,2019,8459
50450,2020,8539
50450,2021,8591
50450,2022,8608
50450,2023,8650
50450,2024,8692
50450,2025,8729
50450,2026,8742
50450,2027,8780
50450,2028,8817
50450,2029,8824
50450,2030,8828
50450,2031,8843
50450,2032,8866
50450,2033,8865
50450,2034,8860
50450,2035,8878
50450,2036,8886
50450,2037,8884
50450,2038,8870
50450,2039,8882
50450,2040,8882
50450,2041,8879
50450,2042,8898
50568,2005,26626
50568,2006,27795
50568,2007,28972
50568,2008,30134
50568,2009,31310
50568,2010,32491
50568,2011,33643
50568,2012,34807
50568,2013,35937
50568,2014,37091
50568,2015,38144
50568,2016,39240
50568,2017,40428
50568,2018,41515
50568,2019,43661
50568,2020,45902
50568,2021,47835
50568,2022,49603
50568,2023,51325
50568,2024,53006
50568,2025,54636
50568,2026,56124
50568,2027,57574
50568,2028,58892
50568,2029,60203
50568,2030,61404
50568,2031,62533
50568,2032,63599
50568,2033,64612
50568,2034,65525
50568,2035,66352
50568,2036,67121
50568,2037,67802
50568,2038,68430
50568,2039,68970
50568,2040,69458
50568,2041,69865
50568,2042,70198
50573,2005,24883
50573,2006,25347
50573,2007,25797
50573,2008,26270
50573,2009,26725
50573,2010,27174
50573,2011,27614
50573,2012,28028
50573,2013,28447
50573,2014,28833
50573,2015,29251
50573,2016,29617
50573,2017,30016
50573,2018,30405
50573,2019,30853
50573,2020,31379
50573,2021,31673
50573,2022,31860
50573,2023,32019
50573,2024,32222
50573,2025,32366
50573,2026,32474
50573,2027,32540
50573,2028,32605
50573,2029,32665
50573,2030,32686
50573,2031,32710
50573,2032,32708
50573,2033,32687
50573,2034,32661
50573,2035,32627
50573,2036,32563
50573,2037,32504
50573,2038,32407
50573,2039,32322
50573,2040,32214
50573,2041,32107
50573,2042,31967
50577,2005,8838
50577,2006,8952
50577,2007,9086
50577,2008,9224
50577,2009,9372
50577,2010,9517
50577,2011,9624
50577,2012,9732
50577,2013,9833
50577,2014,9913
50577,2015,10008
50577,2016,10161
50577,2017,10360
50577,2018,10429
50577,2019,10505
50577,2020,10591
50577,2021,10635
50577,2022,10654
50577,2023,10682
50577,2024,10704
50577,2025,10723
50577,2026,10715
50577,2027,10724
50577,2028,10722
50577,2029,10726
50577,2030,10697
50577,2031,10679
50577,2032,10672
50577,2033,10648
50577,2034,10624
50577,2035,10590
50577,2036,10574
50577,2037,10529
50577,2038,10513
50577,2039,10466
50577,2040,10457
50577,2041,10420
50577,2042,10381
50590,2005,12482
50590,2006,12542
50590,2007,12597
50590,2008,12684
50590,2009,12744
50590,2010,12808
50590,2011,12854
50590,2012,12878
50590,2013,12982
50590,2014,13014
50590,2015,13015
50590,2016,13020
50590,2017,13033
50590,2018,13079
50590,2019,13145
50590,2020,13265
50590,2021,13330
50590,2022,13383
50590,2023,13435
50590,2024,13492
50590,2025,13545
50590,2026,13574
50590,2027,13582
50590,2028,13612
50590,2029,13630
50590,2030,13656
50590,2031,13653
50590,2032,13644
50590,2033,13643
50590,2034,13659
50590,2035,13642
50590,2036,13629
50590,2037,13616
50590,2038,13587
50590,2039,13593
50590,2040,13561
50590,2041,13531
50590,2042,13512
50606,2005,14034
50606,2006,14397
50606,2007,14757
50606,2008,15094
50606,2009,15454
50606,2010,15769
50606,2011,16091
50606,2012,16442
50606,2013,16739
50606,2014,16958
50606,2015,17331
50606,2016,17648
50606,2017,17895
50606,2018,18285
50606,2019,18855
50606,2020,19507
50606,2021,19986
50606,2022,20404
50606,2023,20804
50606,2024,21173
50606,2025,21525
50606,2026,21850
50606,2027,22105
50606,2028,22363
50606,2029,22599
50606,2030,22835
50606,2031,23040
50606,2032,23195
50606,2033,23370
50606,2034,23500
50606,2035,23625
50606,2036,23717
50606,2037,23789
50606,2038,23861
50606,2039,23936
50606,2040,23955
50606,2041,23956
50606,2042,23968
50680,2005,8516
50680,2006,8829
50680,2007,9133
50680,2008,9420
50680,2009,9699
50680,2010,10022
50680,2011,10289
50680,2012,10635
50680,2013,10992
50680,2014,11266
50680,2015,11539
50680,2016,11802
50680,2017,12064
50680,2018,12294
50680,2019,12714
50680,2020,13184
50680,2021,13551
50680,2022,13850
50680,2023,14145
50680,2024,14424
50680,2025,14694
50680,2026,14929
50680,2027,15141
50680,2028,15342
50680,2029,15558
50680,2030,15712
50680,2031,15862
50680,2032,16022
50680,2033,16161
50680,2034,16280
50680,2035,16379
50680,2036,16455
50680,2037,16544
50680,2038,16607
50680,2039,16662
50680,2040,16689
50680,2041,16743
50680,2042,16756
50683,2005,8235
50683,2006,8304
50683,2007,8394
50683,2008,8474
50683,2009,8565
50683,2010,8636
50683,2011,8734
50683,2012,8784
50683,2013,8816
50683,2014,8862
50683,2015,8975
50683,2016,9049
50683,2017,9111
50683,2018,9116
50683,2019,9195
50683,2020,9267
50683,2021,9339
50683,2022,9373
50683,2023,9407
50683,2024,9444
50683,2025,9469
50683,2026,9514
50683,2027,9514
50683,2028,9543
50683,2029,9553
50683,2030,9550
50683,2031,9556
50683,2032,9545
50683,2033,9550
50683,2034,9555
50683,2035,9545
50683,2036,9539
50683,2037,9535
50683,2038,9519
50683,2039,9507
50683,2040,9482
50683,2041,9451
50683,2042,9452
50686,2005,1356
50686,2006,1342
50686,2007,1345
50686,2008,1332
50686,2009,1344
50686,2010,1369
50686,2011,1366
50686,2012,1358
50686,2013,1413
50686,2014,1378
50686,2015,1348
50686,2016,1324
50686,2017,1310
50686,2018,1297
50686,2019,1342
50686,2020,1351
50686,2021,1358
50686,2022,1370
50686,2023,1387
50686,2024,1395
50686,2025,1393
50686,2026,1399
50686,2027,1412
50686,2028,1399
50686,2029,1422
50686,2030,1424
50686,2031,1422
50686,2032,1395
50686,2033,1413
50686,2034,1403
50686,2035,1384
50686,2036,1397
50686,2037,1392
50686,2038,1393
50686,2039,1385
50686,2040,1381
50686,2041,1373
50686,2042,1367
50689,2005,21904
50689,2006,22352
50689,2007,22770
50689,2008,23157
50689,2009,23549
50689,2010,23928
50689,2011,24310
50689,2012,24668
50689,2013,25006
50689,2014,25354
50689,2015,25669
50689,2016,26051
50689,2017,26431
50689,2018,26700
50689,2019,27123
50689,2020,27579
50689,2021,27852
50689,2022,28044
50689,2023,28182
50689,2024,28332
50689,2025,28448
50689,2026,28531
50689,2027,28594
50689,2028,28642
50689,2029,28659
50689,2030,28684
50689,2031,28689
50689,2032,28689
50689,2033,28650
50689,2034,28643
50689,2035,28569
50689,2036,28517
50689,2037,28447
50689,2038,28374
50689,2039,28282
50689,2040,28181
50689,2041,28067
50689,2042,27947
50711,2005,17234
50711,2006,17274
50711,2007,17352
50711,2008,17433
50711,2009,17501
50711,2010,17589
50711,2011,17625
50711,2012,17675
50711,2013,17686
50711,2014,17734
50711,2015,17794
50711,2016,17762
50711,2017,17688
50711,2018,17776
50711,2019,17926
50711,2020,18082
50711,2021,18182
50711,2022,18285
50711,2023,18342
50711,2024,18421
50711,2025,18494
50711,2026,18538
50711,2027,18591
50711,2028,18603
50711,2029,18632
50711,2030,18683
50711,2031,18682
50711,2032,18694
50711,2033,18711
50711,2034,18712
50711,2035,18713
50711,2036,18698
50711,2037,18695
50711,2038,18664
50711,2039,18664
50711,2040,18653
50711,2041,18633
50711,2042,18611
52001,2005,363816
52001,2006,367356
52001,2007,370582
52001,2008,373304
52001,2009,375760
52001,2010,378072
52001,2011,380245
52001,2012,382333
52001,2013,384087
52001,2014,385710
52001,2015,387388
52001,2016,389184
52001,2017,390727
52001,2018,392934
52001,2019,395380
52001,2020,397905
52001,2021,399607
52001,2022,400907
52001,2023,401996
52001,2024,403166
52001,2025,404102
52001,2026,404775
52001,2027,405306
52001,2028,405682
52001,2029,405938
52001,2030,406050
52001,2031,406031
52001,2032,405873
52001,2033,405621
52001,2034,405208
52001,2035,404684
52001,2036,404019
52001,2037,403233
52001,2038,402327
52001,2039,401303
52001,2040,400150
52001,2041,398863
52001,2042,397480
52019,2005,11016
52019,2006,10921
52019,2007,10842
52019,2008,10746
52019,2009,10658
52019,2010,10545
52019,2011,10474
52019,2012,10355
52019,2013,10222
52019,2014,10104
52019,2015,9936
52019,2016,9807
52019,2017,9807
52019,2018,9641
52019,2019,9621
52019,2020,9654
52019,2021,9648
52019,2022,9642
52019,2023,9631
52019,2024,9628
52019,2025,9627
52019,2026,9620
52019,2027,9600
52019,2028,9583
52019,2029,9575
52019,2030,9548
52019,2031,9511
52019,2032,9513
52019,2033,9463
52019,2034,9432
52019,2035,9395
52019,2036,9368
52019,2037,9331
52019,2038,9289
52019,2039,9238
52019,2040,9190
52019,2041,9145
52019,2042,9083
52022,2005,6678
52022,2006,6760
52022,2007,6845
52022,2008,6912
52022,2009,6943
52022,2010,6985
52022,2011,7046
52022,2012,7051
52022,2013,7130
52022,2014,7238
52022,2015,7244
52022,2016,7236
52022,2017,7355
52022,2018,7392
52022,2019,7473
52022,2020,7522
52022,2021,7589
52022,2022,7665
52022,2023,7705
52022,2024,7748
52022,2025,7802
52022,2026,7840
52022,2027,7882
52022,2028,7939
52022,2029,7971
52022,2030,7986
52022,2031,8037
52022,2032,8076
52022,2033,8095
52022,2034,8123
52022,2035,8140
52022,2036,8159
52022,2037,8191
52022,2038,8207
52022,2039,8214
52022,2040,8243
52022,2041,8229
52022,2042,8250
52036,2005,9763
52036,2006,9782
52036,2007,9686
52036,2008,9587
52036,2009,9488
52036,2010,9403
52036,2011,9351
52036,2012,9333
52036,2013,9237
52036,2014,9052
52036,2015,8938
52036,2016,8849
52036,2017,8753
52036,2018,8781
52036,2019,8811
52036,2020,8829
52036,2021,8835
52036,2022,8839
52036,2023,8824
52036,2024,8823
52036,2025,8813
52036,2026,8803
52036,2027,8781
52036,2028,8756
52036,2029,8738
52036,2030,8706
52036,2031,8669
52036,2032,8650
52036,2033,8604
52036,2034,8588
52036,2035,8543
52036,2036,8501
52036,2037,8454
52036,2038,8420
52036,2039,8363
52036,2040,8324
52036,2041,8252
52036,2042,8208
52051,2005,8013
52051,2006,8096
52051,2007,8156
52051,2008,8217
52051,2009,8256
52051,2010,8258
52051,2011,8274
52051,2012,8284
52051,2013,8313
52051,2014,8365
52051,2015,8402
52051,2016,8398
52051,2017,8399
52051,2018,8437
52051,2019,8562
52051,2020,8668
52051,2021,8767
52051,2022,8867
52051,2023,8962
52051,2024,9049
52051,2025,9147
52051,2026,9249
52051,2027,9326
52051,2028,9388
52051,2029,9481
52051,2030,9567
52051,2031,9636
52051,2032,9702
52051,2033,9781
52051,2034,9856
52051,2035,9920
52051,2036,9983
52051,2037,10024
52051,2038,10103
52051,2039,10157
52051,2040,10198
52051,2041,10249
52051,2042,10286
52079,2005,43241
52079,2006,44401
52079,2007,45508
52079,2008,46546
52079,2009,47555
52079,2010,48536
52079,2011,49506
52079,2012,50449
52079,2013,51345
52079,2014,52221
52079,2015,53098
52079,2016,53984
52079,2017,54839
52079,2018,55628
52079,2019,57305
52079,2020,58972
52079,2021,60361
52079,2022,61548
52079,2023,62594
52079,2024,63548
52079,2025,64392
52079,2026,65144
52079,2027,65797
52079,2028,66415
52079,2029,66943
52079,2030,67447
52079,2031,67899
52079,2032,68319
52079,2033,68688
52079,2034,69033
52079,2035,69365
52079,2036,69663
52079,2037,69919
52079,2038,70158
52079,2039,70394
52079,2040,70608
52079,2041,70783
52079,2042,70950
52083,2005,5080
52083,2006,5238
52083,2007,5321
52083,2008,5423
52083,2009,5543
52083,2010,5643
52083,2011,5722
52083,2012,5854
52083,2013,5918
52083,2014,5972
52083,2015,6000
52083,2016,6184
52083,2017,6276
52083,2018,6335
52083,2019,6317
52083,2020,6332
52083,2021,6332
52083,2022,6313
52083,2023,6307
52083,2024,6288
52083,2025,6278
52083,2026,6253
52083,2027,6247
52083,2028,6213
52083,2029,6200
52083,2030,6168
52083,2031,6141
52083,2032,6101
52083,2033,6083
52083,2034,6040
52083,2035,6024
52083,2036,5986
52083,2037,5948
52083,2038,5911
52083,2039,5871
52083,2040,5815
52083,2041,5770
52083,2042,5738
52110,2005,22882
52110,2006,23047
52110,2007,23156
52110,2008,23235
52110,2009,23441
52110,2010,23453
52110,2011,23566
52110,2012,23636
52110,2013,23718
52110,2014,23757
52110,2015,23792
52110,2016,23852
52110,2017,23904
52110,2018,23906
52110,2019,24132
52110,2020,24359
52110,2021,24560
52110,2022,24709
52110,2023,24892
52110,2024,25040
52110,2025,25192
52110,2026,25325
52110,2027,25466
52110,2028,25590
52110,2029,25703
52110,2030,25824
52110,2031,25916
52110,2032,26007
52110,2033,26106
52110,2034,26190
52110,2035,26255
52110,2036,26323
52110,2037,26383
52110,2038,26416
52110,2039,26467
52110,2040,26505
52110,2041,26502
52110,2042,26535
52203,2005,8807
52203,2006,8823
52203,2007,8799
52203,2008,8771
52203,2009,8780
52203,2010,8729
52203,2011,8693
52203,2012,8674
52203,2013,8633
52203,2014,8715
52203,2015,8679
52203,2016,8590
52203,2017,8530
52203,2018,8528
52203,2019,8524
52203,2020,8535
52203,2021,8539
52203,2022,8558
52203,2023,8537
52203,2024,8501
52203,2025,8510
52203,2026,8504
52203,2027,8470
52203,2028,8474
52203,2029,8450
52203,2030,8425
52203,2031,8396
52203,2032,8370
52203,2033,8342
52203,2034,8312
52203,2035,8293
52203,2036,8260
52203,2037,8213
52203,2038,8158
52203,2039,8121
52203,2040,8092
52203,2041,8035
52203,2042,7999
52207,2005,12817
52207,2006,12918
52207,2007,13020
52207,2008,13129
52207,2009,13229
52207,2010,13260
52207,2011,13294
52207,2012,13367
52207,2013,13441
52207,2014,13492
52207,2015,13586
52207,2016,13676
52207,2017,13675
52207,2018,13790
52207,2019,14050
52207,2020,14321
52207,2021,14551
52207,2022,14782
52207,2023,14988
52207,2024,15175
52207,2025,15347
52207,2026,15520
52207,2027,15678
52207,2028,15817
52207,2029,15937
52207,2030,16051
52207,2031,16153
52207,2032,16256
52207,2033,16342
52207,2034,16393
52207,2035,16433
52207,2036,16475
52207,2037,16524
52207,2038,16533
52207,2039,16526
52207,2040,16530
52207,2041,16509
52207,2042,16498
52210,2005,6998
52210,2006,7012
52210,2007,7060
52210,2008,7082
52210,2009,7100
52210,2010,7159
52210,2011,7095
52210,2012,7089
52210,2013,7121
52210,2014,7154
52210,2015,7226
52210,2016,7207
52210,2017,7238
52210,2018,7273
52210,2019,7318
52210,2020,7394
52210,2021,7439
52210,2022,7460
52210,2023,7485
52210,2024,7530
52210,2025,7554
52210,2026,7575
52210,2027,7582
52210,2028,7593
52210,2029,7609
52210,2030,7626
52210,2031,7617
52210,2032,7600
52210,2033,7613
52210,2034,7584
52210,2035,7574
52210,2036,7562
52210,2037,7551
52210,2038,7538
52210,2039,7498
52210,2040,7478
52210,2041,7445
52210,2042,7418
52215,2005,14106
52215,2006,14278
52215,2007,14411
52215,2008,14560
52215,2009,14652
52215,2010,14749
52215,2011,14848
52215,2012,14951
52215,2013,15065
52215,2014,15189
52215,2015,15256
52215,2016,15349
52215,2017,15435
52215,2018,15509
52215,2019,15743
52215,2020,15954
52215,2021,16157
52215,2022,16357
52215,2023,16553
52215,2024,16735
52215,2025,16936
52215,2026,17107
52215,2027,17287
52215,2028,17460
52215,2029,17620
52215,2030,17799
52215,2031,17973
52215,2032,18102
52215,2033,18264
52215,2034,18417
52215,2035,18569
52215,2036,18697
52215,2037,18838
52215,2038,18959
52215,2039,19081
52215,2040,19223
52215,2041,19315
52215,2042,19431
52224,2005,7986
52224,2006,8106
52224,2007,8236
52224,2008,8286
52224,2009,8435
52224,2010,8557
52224,2011,8657
52224,2012,8732
52224,2013,8835
52224,2014,8955
52224,2015,8966
52224,2016,9009
52224,2017,9142
52224,2018,9210
52224,2019,9302
52224,2020,9450
52224,2021,9569
52224,2022,9685
52224,2023,9777
52224,2024,9889
52224,2025,9995
52224,2026,10080
52224,2027,10193
52224,2028,10267
52224,2029,10370
52224,2030,10450
52224,2031,10530
52224,2032,10627
52224,2033,10710
52224,2034,10781
52224,2035,10856
52224,2036,10941
52224,2037,10999
52224,2038,11064
52224,2039,11130
52224,2040,11199
52224,2041,11236
52224,2042,11306
52227,2005,28496
52227,2006,29241
52227,2007,29986
52227,2008,30724
52227,2009,31379
52227,2010,32017
52227,2011,32668
52227,2012,33332
52227,2013,33934
52227,2014,34494
52227,2015,35095
52227,2016,35762
52227,2017,36260
52227,2018,36870
52227,2019,37488
52227,2020,38121
52227,2021,38718
52227,2022,39296
52227,2023,39843
52227,2024,40406
52227,2025,40971
52227,2026,41498
52227,2027,42041
52227,2028,42565
52227,2029,43088
52227,2030,43595
52227,2031,44102
52227,2032,44596
52227,2033,45099
52227,2034,45582
52227,2035,46051
52227,2036,46501
52227,2037,46951
52227,2038,47393
52227,2039,47829
52227,2040,48236
52227,2041,48649
52227,2042,49029
52233,2005,6312
52233,2006,6292
52233,2007,6301
52233,2008,6292
52233,2009,6190
52233,2010,6191
52233,2011,6152
52233,2012,6119
52233,2013,6069
52233,2014,6043
52233,2015,6017
52233,2016,5951
52233,2017,5935
52233,2018,5946
52233,2019,5946
52233,2020,5957
52233,2021,5954
52233,2022,5949
52233,2023,5936
52233,2024,5948
52233,2025,5949
52233,2026,5944
52233,2027,5929
52233,2028,5914
52233,2029,5899
52233,2030,5877
52233,2031,5875
52233,2032,5848
52233,2033,5844
52233,2034,5820
52233,2035,5802
52233,2036,5771
52233,2037,5727
52233,2038,5731
52233,2039,5693
52233,2040,5683
52233,2041,5637
52233,2042,5597
52240,2005,13691
52240,2006,13857
52240,2007,14029
52240,2008,14153
52240,2009,14294
52240,2010,14439
52240,2011,14563
52240,2012,14683
52240,2013,14823
52240,2014,14921
52240,2015,15060
52240,2016,15160
52240,2017,15206
52240,2018,15359
52240,2019,15557
52240,2020,15758
52240,2021,15937
52240,2022,16081
52240,2023,16229
52240,2024,16366
52240,2025,16474
52240,2026,16581
52240,2027,16668
52240,2028,16766
52240,2029,16841
52240,2030,16899
52240,2031,16948
52240,2032,16993
52240,2033,17022
52240,2034,17030
52240,2035,17065
52240,2036,17076
52240,2037,17070
52240,2038,17035
52240,2039,17038
52240,2040,16982
52240,2041,16949
52240,2042,16907
52250,2005,22940
52250,2006,22996
52250,2007,23033
52250,2008,23044
52250,2009,23010
52250,2010,22976
52250,2011,22941
52250,2012,22899
52250,2013,22860
52250,2014,22785
52250,2015,22741
52250,2016,22628
52250,2017,22569
52250,2018,22501
52250,2019,22445
52250,2020,22385
52250,2021,22350
52250,2022,22339
52250,2023,22348
52250,2024,22396
52250,2025,22434
52250,2026,22503
52250,2027,22582
52250,2028,22655
52250,2029,22735
52250,2030,22818
52250,2031,22890
52250,2032,22999
52250,2033,23066
52250,2034,23146
52250,2035,23220
52250,2036,23308
52250,2037,23368
52250,2038,23421
52250,2039,23498
52250,2040,23550
52250,2041,23614
52250,2042,23679
52254,2005,9110
52254,2006,9022
52254,2007,8873
52254,2008,8738
52254,2009,8651
52254,2010,8514
52254,2011,8379
52254,2012,8217
52254,2013,8102
52254,2014,7985
52254,2015,7837
52254,2016,7645
52254,2017,7548
52254,2018,7439
52254,2019,7524
52254,2020,7602
52254,2021,7656
52254,2022,7720
52254,2023,7774
52254,2024,7831
52254,2025,7885
52254,2026,7937
52254,2027,7976
52254,2028,8020
52254,2029,8073
52254,2030,8118
52254,2031,8159
52254,2032,8185
52254,2033,8226
52254,2034,8254
52254,2035,8285
52254,2036,8298
52254,2037,8326
52254,2038,8341
52254,2039,8374
52254,2040,8382
52254,2041,8410
52254,2042,8405
52256,2005,10830
52256,2006,10984
52256,2007,11119
52256,2008,11243
52256,2009,11367
52256,2010,11467
52256,2011,11616
52256,2012,11724
52256,2013,11791
52256,2014,11866
52256,2015,11980
52256,2016,12071
52256,2017,12209
52256,2018,12278
52256,2019,12412
52256,2020,12507
52256,2021,12617
52256,2022,12695
52256,2023,12801
52256,2024,12872
52256,2025,12964
52256,2026,13025
52256,2027,13096
52256,2028,13180
52256,2029,13228
52256,2030,13295
52256,2031,13349
52256,2032,13398
52256,2033,13452
52256,2034,13496
52256,2035,13538
52256,2036,13579
52256,2037,13585
52256,2038,13625
52256,2039,13642
52256,2040,13670
52256,2041,13683
52256,2042,13681
52258,2005,12984
52258,2006,13158
52258,2007,13299
52258,2008,13390
52258,2009,13505
52258,2010,13621
52258,2011,13738
52258,2012,13767
52258,2013,13837
52258,2014,13926
52258,2015,14033
52258,2016,14154
52258,2017,14256
52258,2018,14340
52258,2019,14402
52258,2020,14492
52258,2021,14558
52258,2022,14590
52258,2023,14631
52258,2024,14671
52258,2025,14702
52258,2026,14728
52258,2027,14756
52258,2028,14760
52258,2029,14771
52258,2030,14774
52258,2031,14786
52258,2032,14793
52258,2033,14769
52258,2034,14772
52258,2035,14749
52258,2036,14725
52258,2037,14701
52258,2038,14680
52258,2039,14642
52258,2040,14590
52258,2041,14556
52258,2042,14494
52260,2005,17940
52260,2006,17669
52260,2007,17394
52260,2008,17165
52260,2009,16887
52260,2010,16609
52260,2011,16316
52260,2012,16038
52260,2013,15735
52260,2014,15443
52260,2015,15210
52260,2016,14926
52260,2017,14488
52260,2018,14286
52260,2019,14359
52260,2020,14425
52260,2021,14464
52260,2022,14498
52260,2023,14518
52260,2024,14548
52260,2025,14560
52260,2026,14572
52260,2027,14587
52260,2028,14585
52260,2029,14596
52260,2030,14573
52260,2031,14579
52260,2032,14548
52260,2033,14538
52260,2034,14521
52260,2035,14476
52260,2036,14435
52260,2037,14393
52260,2038,14373
52260,2039,14323
52260,2040,14277
52260,2041,14216
52260,2042,14178
52287,2005,7421
52287,2006,7416
52287,2007,7417
52287,2008,7445
52287,2009,7383
52287,2010,7321
52287,2011,7337
52287,2012,7368
52287,2013,7376
52287,2014,7323
52287,2015,7191
52287,2016,7166
52287,2017,7179
52287,2018,7240
52287,2019,7263
52287,2020,7319
52287,2021,7363
52287,2022,7378
52287,2023,7417
52287,2024,7441
52287,2025,7452
52287,2026,7484
52287,2027,7485
52287,2028,7523
52287,2029,7524
52287,2030,7527
52287,2031,7548
52287,2032,7546
52287,2033,7549
52287,2034,7572
52287,2035,7537
52287,2036,7553
52287,2037,7543
52287,2038,7531
52287,2039,7540
52287,2040,7516
52287,2041,7491
52287,2042,7493
52317,2005,17020
52317,2006,17256
52317,2007,17505
52317,2008,17693
52317,2009,17878
52317,2010,18065
52317,2011,18263
52317,2012,18471
52317,2013,18663
52317,2014,18851
52317,2015,18984
52317,2016,19082
52317,2017,19297
52317,2018,19458
52317,2019,19660
52317,2020,19862
52317,2021,20042
52317,2022,20212
52317,2023,20338
52317,2024,20468
52317,2025,20577
52317,2026,20676
52317,2027,20764
52317,2028,20840
52317,2029,20904
52317,2030,20953
52317,2031,20979
52317,2032,21015
52317,2033,21038
52317,2034,21042
52317,2035,21028
52317,2036,21006
52317,2037,20981
52317,2038,20927
52317,2039,20893
52317,2040,20853
52317,2041,20778
52317,2042,20707
52320,2005,12958
52320,2006,12894
52320,2007,12795
52320,2008,12704
52320,2009,12630
52320,2010,12530
52320,2011,12418
52320,2012,12262
52320,2013,12142
52320,2014,12066
52320,2015,11988
52320,2016,11716
52320,2017,11573
52320,2018,11567
52320,2019,11589
52320,2020,11605
52320,2021,11608
52320,2022,11607
52320,2023,11582
52320,2024,11604
52320,2025,11593
52320,2026,11572
52320,2027,11546
52320,2028,11551
52320,2029,11501
52320,2030,11489
52320,2031,11462
52320,2032,11441
52320,2033,11382
52320,2034,11357
52320,2035,11317
52320,2036,11279
52320,2037,11235
52320,2038,11167
52320,2039,11111
52320,2040,11054
52320,2041,11008
52320,2042,10933
52323,2005,6608
52323,2006,6717
52323,2007,6757
52323,2008,6800
52323,2009,6856
52323,2010,6913
52323,2011,6901
52323,2012,6952
52323,2013,6968
52323,2014,6953
52323,2015,6952
52323,2016,6955
52323,2017,6992
52323,2018,7053
52323,2019,7180
52323,2020,7281
52323,2021,7375
52323,2022,7448
52323,2023,7542
52323,2024,7609
52323,2025,7677
52323,2026,7726
52323,2027,7791
52323,2028,7845
52323,2029,7896
52323,2030,7931
52323,2031,7967
52323,2032,8011
52323,2033,8010
52323,2034,8034
52323,2035,8040
52323,2036,8052
52323,2037,8058
52323,2038,8078
52323,2039,8060
52323,2040,8054
52323,2041,8055
52323,2042,8023
52352,2005,7690
52352,2006,7721
52352,2007,7724
52352,2008,7699
52352,2009,7681
52352,2010,7730
52352,2011,7702
52352,2012,7735
52352,2013,7715
52352,2014,7715
52352,2015,7694
52352,2016,7632
52352,2017,7631
52352,2018,7655
52352,2019,7672
52352,2020,7698
52352,2021,7691
52352,2022,7698
52352,2023,7697
52352,2024,7678
52352,2025,7673
52352,2026,7664
52352,2027,7635
52352,2028,7624
52352,2029,7599
52352,2030,7587
52352,2031,7557
52352,2032,7533
52352,2033,7488
52352,2034,7455
52352,2035,7440
52352,2036,7387
52352,2037,7360
52352,2038,7309
52352,2039,7282
52352,2040,7240
52352,2041,7193
52352,2042,7139
52354,2005,7951
52354,2006,7941
52354,2007,7963
52354,2008,7926
52354,2009,7815
52354,2010,7866
52354,2011,7820
52354,2012,7775
52354,2013,7730
52354,2014,7715
52354,2015,7667
52354,2016,7612
52354,2017,7631
52354,2018,7645
52354,2019,7698
52354,2020,7744
52354,2021,7756
52354,2022,7788
52354,2023,7823
52354,2024,7836
52354,2025,7843
52354,2026,7864
52354,2027,7874
52354,2028,7875
52354,2029,7867
52354,2030,7872
52354,2031,7879
52354,2032,7879
52354,2033,7875
52354,2034,7874
52354,2035,7833
52354,2036,7843
52354,2037,7827
52354,2038,7802
52354,2039,7774
52354,2040,7749
52354,2041,7735
52354,2042,7703
52356,2005,104686
52356,2006,105928
52356,2007,107099
52356,2008,108147
52356,2009,109111
52356,2010,110004
52356,2011,110890
52356,2012,111737
52356,2013,112485
52356,2014,113186
52356,2015,113934
52356,2016,114694
52356,2017,115348
52356,2018,116128
52356,2019,117206
52356,2020,118300
52356,2021,119188
52356,2022,119965
52356,2023,120690
52356,2024,121440
52356,2025,122149
52356,2026,122747
52356,2027,123339
52356,2028,123904
52356,2029,124408
52356,2030,124902
52356,2031,125339
52356,2032,125768
52356,2033,126130
52356,2034,126472
52356,2035,126779
52356,2036,127061
52356,2037,127278
52356,2038,127486
52356,2039,127649
52356,2040,127791
52356,2041,127867
52356,2042,127912
52378,2005,19509
52378,2006,19502
52378,2007,19475
52378,2008,19473
52378,2009,19363
52378,2010,19353
52378,2011,19273
52378,2012,19220
52378,2013,19114
52378,2014,19020
52378,2015,18954
52378,2016,18977
52378,2017,18781
52378,2018,18746
52378,2019,18922
52378,2020,19082
52378,2021,19221
52378,2022,19351
52378,2023,19442
52378,2024,19560
52378,2025,19684
52378,2026,19772
52378,2027,19852
52378,2028,19933
52378,2029,20040
52378,2030,20098
52378,2031,20161
52378,2032,20218
52378,2033,20273
52378,2034,20324
52378,2035,20380
52378,2036,20416
52378,2037,20442
52378,2038,20480
52378,2039,20476
52378,2040,20508
52378,2041,20508
52378,2042,20505
52381,2005,10589
52381,2006,10585
52381,2007,10558
52381,2008,10534
52381,2009,10506
52381,2010,10473
52381,2011,10437
52381,2012,10398
52381,2013,10419
52381,2014,10312
52381,2015,10255
52381,2016,10174
52381,2017,10087
52381,2018,10102
52381,2019,10110
52381,2020,10137
52381,2021,10130
52381,2022,10117
52381,2023,10113
52381,2024,10098
52381,2025,10097
52381,2026,10081
52381,2027,10070
52381,2028,10059
52381,2029,10019
52381,2030,9994
52381,2031,9972
52381,2032,9937
52381,2033,9919
52381,2034,9872
52381,2035,9832
52381,2036,9792
52381,2037,9753
52381,2038,9710
52381,2039,9651
52381,2040,9598
52381,2041,9555
52381,2042,9485
52385,2005,6929
52385,2006,6931
52385,2007,6871
52385,2008,6852
52385,2009,6798
52385,2010,6768
52385,2011,6798
52385,2012,6702
52385,2013,6704
52385,2014,6633
52385,2015,6599
52385,2016,6552
52385,2017,6517
52385,2018,6494
52385,2019,6509
52385,2020,6531
52385,2021,6550
52385,2022,6554
52385,2023,6569
52385,2024,6565
52385,2025,6575
52385,2026,6565
52385,2027,6566
52385,2028,6554
52385,2029,6551
52385,2030,6509
52385,2031,6507
52385,2032,6494
52385,2033,6484
52385,2034,6483
52385,2035,6444
52385,2036,6437
52385,2037,6409
52385,2038,6376
52385,2039,6346
52385,2040,6303
52385,2041,6297
52385,2042,6249
52390,2005,7851
52390,2006,7824
52390,2007,7820
52390,2008,7794
52390,2009,7765
52390,2010,7750
52390,2011,7737
52390,2012,7662
52390,2013,7580
52390,2014,7566
52390,2015,7537
52390,2016,7508
52390,2017,7408
52390,2018,7390
52390,2019,7490
52390,2020,7576
52390,2021,7642
52390,2022,7700
52390,2023,7762
52390,2024,7838
52390,2025,7895
52390,2026,7963
52390,2027,8017
52390,2028,8065
52390,2029,8127
52390,2030,8180
52390,2031,8234
52390,2032,8284
52390,2033,8333
52390,2034,8360
52390,2035,8391
52390,2036,8441
52390,2037,8465
52390,2038,8489
52390,2039,8509
52390,2040,8552
52390,2041,8558
52390,2042,8598
52399,2005,28915
52399,2006,29237
52399,2007,29545
52399,2008,29814
52399,2009,30068
52399,2010,30297
52399,2011,30521
52399,2012,30749
52399,2013,30949
52399,2014,31133
52399,2015,31341
52399,2016,31456
52399,2017,31785
52399,2018,31849
52399,2019,32307
52399,2020,32781
52399,2021,33179
52399,2022,33572
52399,2023,33941
52399,2024,34338
52399,2025,34707
52399,2026,35059
52399,2027,35400
52399,2028,35767
52399,2029,36070
52399,2030,36404
52399,2031,36713
52399,2032,37021
52399,2033,37324
52399,2034,37606
52399,2035,37896
52399,2036,38164
52399,2037,38442
52399,2038,38674
52399,2039,38915
52399,2040,39157
52399,2041,39394
52399,2042,39575
52405,2005,9900
52405,2006,9931
52405,2007,9949
52405,2008,9938
52405,2009,9938
52405,2010,9931
52405,2011,9923
52405,2012,9886
52405,2013,9886
52405,2014,9853
52405,2015,9877
52405,2016,9796
52405,2017,9776
52405,2018,9771
52405,2019,9781
52405,2020,9778
52405,2021,9792
52405,2022,9789
52405,2023,9769
52405,2024,9779
52405,2025,9763
52405,2026,9740
52405,2027,9729
52405,2028,9730
52405,2029,9705
52405,2030,9680
52405,2031,9656
52405,2032,9630
52405,2033,9597
52405,2034,9552
52405,2035,9522
52405,2036,9488
52405,2037,9456
52405,2038,9404
52405,2039,9357
52405,2040,9293
52405,2041,9262
52405,2042,9214
52411,2005,11676
52411,2006,11604
52411,2007,11505
52411,2008,11403
52411,2009,11296
52411,2010,11209
52411,2011,11115
52411,2012,11016
52411,2013,10868
52411,2014,10724
52411,2015,10549
52411,2016,10464
52411,2017,10305
52411,2018,10217
52411,2019,10253
52411,2020,10262
52411,2021,10251
52411,2022,10258
52411,2023,10236
52411,2024,10242
52411,2025,10237
52411,2026,10207
52411,2027,10206
52411,2028,10172
52411,2029,10158
52411,2030,10125
52411,2031,10101
52411,2032,10071
52411,2033,10032
52411,2034,10000
52411,2035,9962
52411,2036,9919
52411,2037,9893
52411,2038,9834
52411,2039,9782
52411,2040,9719
52411,2041,9677
52411,2042,9627
52418,2005,10829
52418,2006,10764
52418,2007,10729
52418,2008,10623
52418,2009,10510
52418,2010,10426
52418,2011,10313
52418,2012,10181
52418,2013,10083
52418,2014,10052
52418,2015,9879
52418,2016,9738
52418,2017,9612
52418,2018,9557
52418,2019,9566
52418,2020,9574
52418,2021,9573
52418,2022,9560
52418,2023,9555
52418,2024,9553
52418,2025,9544
52418,2026,9542
52418,2027,9519
52418,2028,9505
52418,2029,9499
52418,2030,9478
52418,2031,9456
52418,2032,9422
52418,2033,9408
52418,2034,9376
52418,2035,9342
52418,2036,9316
52418,2037,9275
52418,2038,9236
52418,2039,9198
52418,2040,9146
52418,2041,9094
52418,2042,9053
52427,2005,17422
52427,2006,18059
52427,2007,18691
52427,2008,19303
52427,2009,19883
52427,2010,20494
52427,2011,21049
52427,2012,21598
52427,2013,22130
52427,2014,22655
52427,2015,23200
52427,2016,23698
52427,2017,24238
52427,2018,24706
52427,2019,25340
52427,2020,25996
52427,2021,26548
52427,2022,27047
52427,2023,27528
52427,2024,27970
52427,2025,28377
52427,2026,28738
52427,2027,29078
52427,2028,29372
52427,2029,29643
52427,2030,29904
52427,2031,30120
52427,2032,30328
52427,2033,30515
52427,2034,30698
52427,2035,30852
52427,2036,30993
52427,2037,31132
52427,2038,31270
52427,2039,31343
52427,2040,31467
52427,2041,31549
52427,2042,31641
52435,2005,8041
52435,2006,8159
52435,2007,8258
52435,2008,8327
52435,2009,8402
52435,2010,8498
52435,2011,8580
52435,2012,8569
52435,2013,8617
52435,2014,8728
52435,2015,8831
52435,2016,8878
52435,2017,8938
52435,2018,8993
52435,2019,8971
52435,2020,8992
52435,2021,8991
52435,2022,8960
52435,2023,8939
52435,2024,8934
52435,2025,8927
52435,2026,8906
52435,2027,8879
52435,2028,8827
52435,2029,8793
52435,2030,8769
52435,2031,8718
52435,2032,8687
52435,2033,8636
52435,2034,8589
52435,2035,8548
52435,2036,8499
52435,2037,8455
52435,2038,8400
52435,2039,8326
52435,2040,8282
52435,2041,8216
52435,2042,8139
52473,2005,9743
52473,2006,9976
52473,2007,10150
52473,2008,10363
52473,2009,10571
52473,2010,10748
52473,2011,10903
52473,2012,11068
52473,2013,11209
52473,2014,11373
52473,2015,11539
52473,2016,11712
52473,2017,11832
52473,2018,11982
52473,2019,12007
52473,2020,12057
52473,2021,12072
52473,2022,12076
52473,2023,12080
52473,2024,12081
52473,2025,12083
52473,2026,12092
52473,2027,12057
52473,2028,12030
52473,2029,12023
52473,2030,11984
52473,2031,11941
52473,2032,11893
52473,2033,11840
52473,2034,11794
52473,2035,11739
52473,2036,11659
52473,2037,11618
52473,2038,11556
52473,2039,11469
52473,2040,11390
52473,2041,11321
52473,2042,11244
52480,2005,4725
52480,2006,4726
52480,2007,4711
52480,2008,4707
52480,2009,4648
52480,2010,4569
52480,2011,4526
52480,2012,4528
52480,2013,4510
52480,2014,4451
52480,2015,4352
52480,2016,4321
52480,2017,4339
52480,2018,4358
52480,2019,4397
52480,2020,4429
52480,2021,4455
52480,2022,4486
52480,2023,4501
52480,2024,4530
52480,2025,4540
52480,2026,4550
52480,2027,4557
52480,2028,4586
52480,2029,4598
52480,2030,4606
52480,2031,4628
52480,2032,4617
52480,2033,4636
52480,2034,4635
52480,2035,4653
52480,2036,4651
52480,2037,4643
52480,2038,4629
52480,2039,4651
52480,2040,4642
52480,2041,4638
52480,2042,4626
52490,2005,27396
52490,2006,27353
52490,2007,27229
52490,2008,27145
52490,2009,27020
52490,2010,26850
52490,2011,26703
52490,2012,26533
52490,2013,26330
52490,2014,26095
52490,2015,25953
52490,2016,25780
52490,2017,25556
52490,2018,25373
52490,2019,25611
52490,2020,25848
52490,2021,26119
52490,2022,26343
52490,2023,26579
52490,2024,26822
52490,2025,27052
52490,2026,27248
52490,2027,27487
52490,2028,27688
52490,2029,27866
52490,2030,28063
52490,2031,28236
52490,2032,28387
52490,2033,28531
52490,2034,28688
52490,2035,28806
52490,2036,28914
52490,2037,29025
52490,2038,29123
52490,2039,29212
52490,2040,29305
52490,2041,29378
52490,2042,29465
52506,2005,7058
52506,2006,7068
52506,2007,7086
52506,2008,7105
52506,2009,7101
52506,2010,7105
52506,2011,7116
52506,2012,7106
52506,2013,7099
52506,2014,7084
52506,2015,7051
52506,2016,7120
52506,2017,7099
52506,2018,7106
52506,2019,7119
52506,2020,7126
52506,2021,7111
52506,2022,7114
52506,2023,7115
52506,2024,7111
52506,2025,7099
52506,2026,7099
52506,2027,7095
52506,2028,7077
52506,2029,7059
52506,2030,7038
52506,2031,7015
52506,2032,7014
52506,2033,6986
52506,2034,6972
52506,2035,6930
52506,2036,6898
52506,2037,6865
52506,2038,6836
52506,2039,6807
52506,2040,6768
52506,2041,6724
52506,2042,6683
52520,2005,11881
52520,2006,12099
52520,2007,12308
52520,2008,12511
52520,2009,12714
52520,2010,12915
52520,2011,13082
52520,2012,13234
52520,2013,13425
52520,2014,13603
52520,2015,13759
52520,2016,13891
52520,2017,14060
52520,2018,14193
52520,2019,14463
52520,2020,14733
52520,2021,14984
52520,2022,15212
52520,2023,15441
52520,2024,15667
52520,2025,15906
52520,2026,16116
52520,2027,16296
52520,2028,16522
52520,2029,16693
52520,2030,16867
52520,2031,17020
52520,2032,17183
52520,2033,17347
52520,2034,17462
52520,2035,17612
52520,2036,17732
52520,2037,17843
52520,2038,17948
52520,2039,18053
52520,2040,18144
52520,2041,18228
52520,2042,18314
52540,2005,9487
52540,2006,9531
52540,2007,9598
52540,2008,9647
52540,2009,9669
52540,2010,9713
52540,2011,9748
52540,2012,9779
52540,2013,9799
52540,2014,9798
52540,2015,9847
52540,2016,9900
52540,2017,9875
52540,2018,9896
52540,2019,9905
52540,2020,9904
52540,2021,9917
52540,2022,9891
52540,2023,9897
52540,2024,9905
52540,2025,9869
52540,2026,9870
52540,2027,9861
52540,2028,9834
52540,2029,9810
52540,2030,9792
52540,2031,9763
52540,2032,9735
52540,2033,9726
52540,2034,9687
52540,2035,9646
52540,2036,9607
52540,2037,9569
52540,2038,9530
52540,2039,9480
52540,2040,9429
52540,2041,9353
52540,2042,9324
52560,2005,11676
52560,2006,11610
52560,2007,11548
52560,2008,11461
52560,2009,11367
52560,2010,11280
52560,2011,11196
52560,2012,11090
52560,2013,10959
52560,2014,10821
52560,2015,10689
52560,2016,10595
52560,2017,10450
52560,2018,10412
52560,2019,10428
52560,2020,10434
52560,2021,10434
52560,2022,10430
52560,2023,10407
52560,2024,10402
52560,2025,10396
52560,2026,10406
52560,2027,10364
52560,2028,10351
52560,2029,10314
52560,2030,10318
52560,2031,10277
52560,2032,10246
52560,2033,10211
52560,2034,10178
52560,2035,10145
52560,2036,10083
52560,2037,10049
52560,2038,10009
52560,2039,9956
52560,2040,9903
52560,2041,9844
52560,2042,9793
52565,2005,8038
52565,2006,7827
52565,2007,7701
52565,2008,7500
52565,2009,7326
52565,2010,7111
52565,2011,6950
52565,2012,6701
52565,2013,6490
52565,2014,6317
52565,2015,6060
52565,2016,5907
52565,2017,5762
52565,2018,5561
52565,2019,5572
52565,2020,5574
52565,2021,5580
52565,2022,5567
52565,2023,5569
52565,2024,5555
52565,2025,5571
52565,2026,5572
52565,2027,5537
52565,2028,5532
52565,2029,5513
52565,2030,5523
52565,2031,5493
52565,2032,5506
52565,2033,5465
52565,2034,5444
52565,2035,5436
52565,2036,5428
52565,2037,5394
52565,2038,5357
52565,2039,5349
52565,2040,5306
52565,2041,5270
52565,2042,5246
52573,2005,9193
52573,2006,9168
52573,2007,9161
52573,2008,9133
52573,2009,9016
52573,2010,8990
52573,2011,8939
52573,2012,8950
52573,2013,8920
52573,2014,8867
52573,2015,8773
52573,2016,8631
52573,2017,8554
52573,2018,8573
52573,2019,8585
52573,2020,8591
52573,2021,8584
52573,2022,8573
52573,2023,8537
52573,2024,8534
52573,2025,8488
52573,2026,8466
52573,2027,8431
52573,2028,8396
52573,2029,8375
52573,2030,8327
52573,2031,8280
52573,2032,8243
52573,2033,8216
52573,2034,8156
52573,2035,8097
52573,2036,8052
52573,2037,8001
52573,2038,7938
52573,2039,7878
52573,2040,7828
52573,2041,7762
52573,2042,7683
52585,2005,17358
52585,2006,17397
52585,2007,17493
52585,2008,17525
52585,2009,17595
52585,2010,17543
52585,2011,17541
52585,2012,17541
52585,2013,17562
52585,2014,17484
52585,2015,17557
52585,2016,17693
52585,2017,17463
52585,2018,17500
52585,2019,17496
52585,2020,17507
52585,2021,17459
52585,2022,17426
52585,2023,17363
52585,2024,17327
52585,2025,17246
52585,2026,17207
52585,2027,17128
52585,2028,17047
52585,2029,16949
52585,2030,16875
52585,2031,16781
52585,2032,16698
52585,2033,16603
52585,2034,16481
52585,2035,16379
52585,2036,16272
52585,2037,16145
52585,2038,16024
52585,2039,15896
52585,2040,15764
52585,2041,15636
52585,2042,15504
52612,2005,15011
52612,2006,15463
52612,2007,15856
52612,2008,16202
52612,2009,16580
52612,2010,16961
52612,2011,17320
52612,2012,17691
52612,2013,18023
52612,2014,18375
52612,2015,18679
52612,2016,19003
52612,2017,19316
52612,2018,19626
52612,2019,20132
52612,2020,20622
52612,2021,21108
52612,2022,21581
52612,2023,22060
52612,2024,22530
52612,2025,23033
52612,2026,23519
52612,2027,24010
52612,2028,24500
52612,2029,24982
52612,2030,25494
52612,2031,25995
52612,2032,26465
52612,2033,26977
52612,2034,27455
52612,2035,27988
52612,2036,28482
52612,2037,28977
52612,2038,29479
52612,2039,29969
52612,2040,30457
52612,2041,30959
52612,2042,31423
52621,2005,11686
52621,2006,11805
52621,2007,11950
52621,2008,12003
52621,2009,12096
52621,2010,12166
52621,2011,12239
52621,2012,12314
52621,2013,12353
52621,2014,12450
52621,2015,12536
52621,2016,12615
52621,2017,12624
52621,2018,12658
52621,2019,12587
52621,2020,12475
52621,2021,12451
52621,2022,12418
52621,2023,12406
52621,2024,12427
52621,2025,12462
52621,2026,12505
52621,2027,12551
52621,2028,12593
52621,2029,12655
52621,2030,12722
52621,2031,12794
52621,2032,12839
52621,2033,12882
52621,2034,12968
52621,2035,12990
52621,2036,13042
52621,2037,13087
52621,2038,13123
52621,2039,13160
52621,2040,13199
52621,2041,13224
52621,2042,13267
52678,2005,37521
52678,2006,36988
52678,2007,36439
52678,2008,35813
52678,2009,35212
52678,2010,34560
52678,2011,33968
52678,2012,33309
52678,2013,32639
52678,2014,31984
52678,2015,31352
52678,2016,30725
52678,2017,30141
52678,2018,29433
52678,2019,29434
52678,2020,29434
52678,2021,29451
52678,2022,29439
52678,2023,29411
52678,2024,29401
52678,2025,29386
52678,2026,29365
52678,2027,29299
52678,2028,29263
52678,2029,29198
52678,2030,29136
52678,2031,29075
52678,2032,28991
52678,2033,28925
52678,2034,28823
52678,2035,28706
52678,2036,28601
52678,2037,28488
52678,2038,28351
52678,2039,28218
52678,2040,28062
52678,2041,27921
52678,2042,27758
52683,2005,24947
52683,2006,24664
52683,2007,24376
52683,2008,24102
52683,2009,23753
52683,2010,23427
52683,2011,23144
52683,2012,22790
52683,2013,22452
52683,2014,22136
52683,2015,21773
52683,2016,21500
52683,2017,21146
52683,2018,20775
52683,2019,20793
52683,2020,20839
52683,2021,20831
52683,2022,20828
52683,2023,20820
52683,2024,20826
52683,2025,20804
52683,2026,20774
52683,2027,20748
52683,2028,20724
52683,2029,20685
52683,2030,20641
52683,2031,20588
52683,2032,20539
52683,2033,20483
52683,2034,20422
52683,2035,20344
52683,2036,20269
52683,2037,20197
52683,2038,20106
52683,2039,20015
52683,2040,19928
52683,2041,19817
52683,2042,19701
52685,2005,9635
52685,2006,9625
52685,2007,9616
52685,2008,9554
52685,2009,9540
52685,2010,9537
52685,2011,9495
52685,2012,9480
52685,2013,9411
52685,2014,9352
52685,2015,9337
52685,2016,9276
52685,2017,9229
52685,2018,9200
52685,2019,9207
52685,2020,9204
52685,2021,9216
52685,2022,9209
52685,2023,9192
52685,2024,9192
52685,2025,9190
52685,2026,9165
52685,2027,9159
52685,2028,9152
52685,2029,9133
52685,2030,9111
52685,2031,9091
52685,2032,9060
52685,2033,9021
52685,2034,9004
52685,2035,8970
52685,2036,8940
52685,2037,8888
52685,2038,8868
52685,2039,8818
52685,2040,8749
52685,2041,8732
52685,2042,8670
52687,2005,17360
52687,2006,17506
52687,2007,17633
52687,2008,17762
52687,2009,17833
52687,2010,17928
52687,2011,18023
52687,2012,18106
52687,2013,18138
52687,2014,18138
52687,2015,18270
52687,2016,18396
52687,2017,18460
52687,2018,18479
52687,2019,18547
52687,2020,18602
52687,2021,18654
52687,2022,18681
52687,2023,18710
52687,2024,18725
52687,2025,18745
52687,2026,18748
52687,2027,18744
52687,2028,18718
52687,2029,18710
52687,2030,18678
52687,2031,18650
52687,2032,18615
52687,2033,18589
52687,2034,18537
52687,2035,18495
52687,2036,18425
52687,2037,18375
52687,2038,18307
52687,2039,18232
52687,2040,18156
52687,2041,18081
52687,2042,17980
52693,2005,17253
52693,2006,17149
52693,2007,17031
52693,2008,16932
52693,2009,16765
52693,2010,16631
52693,2011,16448
52693,2012,16284
52693,2013,16182
52693,2014,16049
52693,2015,15913
52693,2016,15701
52693,2017,15461
52693,2018,15395
52693,2019,15406
52693,2020,15420
52693,2021,15435
52693,2022,15421
52693,2023,15401
52693,2024,15407
52693,2025,15378
52693,2026,15364
52693,2027,15329
52693,2028,15303
52693,2029,15281
52693,2030,15235
52693,2031,15199
52693,2032,15156
52693,2033,15107
52693,2034,15062
52693,2035,15002
52693,2036,14936
52693,2037,14879
52693,2038,14821
52693,2039,14741
52693,2040,14659
52693,2041,14578
52693,2042,14485
52694,2005,6282
52694,2006,6361
52694,2007,6389
52694,2008,6461
52694,2009,6506
52694,2010,6555
52694,2011,6544
52694,2012,6550
52694,2013,6619
52694,2014,6647
52694,2015,6696
52694,2016,6707
52694,2017,6815
52694,2018,6850
52694,2019,6860
52694,2020,6858
52694,2021,6866
52694,2022,6853
52694,2023,6834
52694,2024,6842
52694,2025,6820
52694,2026,6790
52694,2027,6789
52694,2028,6756
52694,2029,6727
52694,2030,6701
52694,2031,6660
52694,2032,6651
52694,2033,6612
52694,2034,6583
52694,2035,6541
52694,2036,6510
52694,2037,6477
52694,2038,6441
52694,2039,6402
52694,2040,6341
52694,2041,6303
52694,2042,6262
52696,2005,11551
52696,2006,11762
52696,2007,11933
52696,2008,12100
52696,2009,12288
52696,2010,12407
52696,2011,12566
52696,2012,12689
52696,2013,12789
52696,2014,12929
52696,2015,13083
52696,2016,13218
52696,2017,13318
52696,2018,13422
52696,2019,13549
52696,2020,13673
52696,2021,13788
52696,2022,13898
52696,2023,14020
52696,2024,14142
52696,2025,14254
52696,2026,14357
52696,2027,14487
52696,2028,14574
52696,2029,14650
52696,2030,14751
52696,2031,14836
52696,2032,14917
52696,2033,14980
52696,2034,15053
52696,2035,15131
52696,2036,15182
52696,2037,15234
52696,2038,15295
52696,2039,15326
52696,2040,15399
52696,2041,15423
52696,2042,15455
52699,2005,9930
52699,2006,10042
52699,2007,10126
52699,2008,10202
52699,2009,10304
52699,2010,10333
52699,2011,10383
52699,2012,10454
52699,2013,10504
52699,2014,10512
52699,2015,10586
52699,2016,10689
52699,2017,10742
52699,2018,10790
52699,2019,10741
52699,2020,10697
52699,2021,10680
52699,2022,10680
52699,2023,10664
52699,2024,10666
52699,2025,10646
52699,2026,10629
52699,2027,10616
52699,2028,10603
52699,2029,10579
52699,2030,10547
52699,2031,10525
52699,2032,10492
52699,2033,10452
52699,2034,10424
52699,2035,10391
52699,2036,10342
52699,2037,10294
52699,2038,10232
52699,2039,10192
52699,2040,10141
52699,2041,10088
52699,2042,10019
52720,2005,7411
52720,2006,7393
52720,2007,7402
52720,2008,7398
52720,2009,7386
52720,2010,7380
52720,2011,7325
52720,2012,7311
52720,2013,7296
52720,2014,7304
52720,2015,7353
52720,2016,7310
52720,2017,7317
52720,2018,7358
52720,2019,7358
52720,2020,7370
52720,2021,7383
52720,2022,7378
52720,2023,7389
52720,2024,7368
52720,2025,7374
52720,2026,7344
52720,2027,7353
52720,2028,7326
52720,2029,7306
52720,2030,7294
52720,2031,7271
52720,2032,7249
52720,2033,7223
52720,2034,7197
52720,2035,7169
52720,2036,7143
52720,2037,7097
52720,2038,7066
52720,2039,7022
52720,2040,6970
52720,2041,6917
52720,2042,6885
52786,2005,18297
52786,2006,18334
52786,2007,18298
52786,2008,18278
52786,2009,18295
52786,2010,18274
52786,2011,18296
52786,2012,18197
52786,2013,18119
52786,2014,18127
52786,2015,18041
52786,2016,17955
52786,2017,17857
52786,2018,17862
52786,2019,17968
52786,2020,18086
52786,2021,18176
52786,2022,18246
52786,2023,18310
52786,2024,18398
52786,2025,18438
52786,2026,18485
52786,2027,18523
52786,2028,18559
52786,2029,18590
52786,2030,18616
52786,2031,18642
52786,2032,18669
52786,2033,18681
52786,2034,18693
52786,2035,18674
52786,2036,18677
52786,2037,18665
52786,2038,18645
52786,2039,18611
52786,2040,18579
52786,2041,18541
52786,2042,18504
52788,2005,12929
52788,2006,13034
52788,2007,13073
52788,2008,13165
52788,2009,13182
52788,2010,13267
52788,2011,13272
52788,2012,13339
52788,2013,13326
52788,2014,13343
52788,2015,13387
52788,2016,13430
52788,2017,13400
52788,2018,13514
52788,2019,13708
52788,2020,13911
52788,2021,14089
52788,2022,14227
52788,2023,14387
52788,2024,14521
52788,2025,14662
52788,2026,14744
52788,2027,14864
52788,2028,14963
52788,2029,15027
52788,2030,15114
52788,2031,15172
52788,2032,15208
52788,2033,15244
52788,2034,15284
52788,2035,15305
52788,2036,15317
52788,2037,15326
52788,2038,15306
52788,2039,15302
52788,2040,15277
52788,2041,15254
52788,2042,15211
52835,2005,202285
52835,2006,207097
52835,2007,211748
52835,2008,216073
52835,2009,220262
52835,2010,224316
52835,2011,228287
52835,2012,232172
52835,2013,235844
52835,2014,239414
52835,2015,243000
52835,2016,246582
52835,2017,249983
52835,2018,253643
52835,2019,257419
52835,2020,261178
52835,2021,264327
52835,2022,267076
52835,2023,269643
52835,2024,272306
52835,2025,274765
52835,2026,277065
52835,2027,279235
52835,2028,281280
52835,2029,283221
52835,2030,285032
52835,2031,286736
52835,2032,288347
52835,2033,289815
52835,2034,291161
52835,2035,292451
52835,2036,293621
52835,2037,294715
52835,2038,295730
52835,2039,296670
52835,2040,297537
52835,2041,298324
52835,2042,299073
52838,2005,42058
52838,2006,42383
52838,2007,42698
52838,2008,42955
52838,2009,43199
52838,2010,43425
52838,2011,43630
52838,2012,43804
52838,2013,43975
52838,2014,44125
52838,2015,44324
52838,2016,44460
52838,2017,44649
52838,2018,44745
52838,2019,45170
52838,2020,45627
52838,2021,46018
52838,2022,46353
52838,2023,46667
52838,2024,47014
52838,2025,47314
52838,2026,47615
52838,2027,47874
52838,2028,48120
52838,2029,48373
52838,2030,48602
52838,2031,48829
52838,2032,49042
52838,2033,49228
52838,2034,49396
52838,2035,49561
52838,2036,49716
52838,2037,49833
52838,2038,49965
52838,2039,50060
52838,2040,50155
52838,2041,50218
52838,2042,50281
52885,2005,10242
52885,2006,10323
52885,2007,10384
52885,2008,10454
52885,2009,10513
52885,2010,10611
52885,2011,10694
52885,2012,10757
52885,2013,10736
52885,2014,10816
52885,2015,10900
52885,2016,10930
52885,2017,10887
52885,2018,10940
52885,2019,11058
52885,2020,11185
52885,2021,11289
52885,2022,11372
52885,2023,11481
52885,2024,11573
52885,2025,11661
52885,2026,11751
52885,2027,11825
52885,2028,11894
52885,2029,11975
52885,2030,12042
52885,2031,12119
52885,2032,12187
52885,2033,12225
52885,2034,12288
52885,2035,12351
52885,2036,12411
52885,2037,12437
52885,2038,12499
52885,2039,12525
52885,2040,12563
52885,2041,12596
52885,2042,12613
54001,2005,616511
54001,2006,624184
54001,2007,631419
54001,2008,638035
54001,2009,644212
54001,2010,649990
54001,2011,655161
54001,2012,659886
54001,2013,664411
54001,2014,668507
54001,2015,672777
54001,2016,680030
54001,2017,690699
54001,2018,711714
54001,2019,736089
54001,2020,765533
54001,2021,777903
54001,2022,783029
54001,2023,787444
54001,2024,790984
54001,2025,793211
54001,2026,792180
54001,2027,790552
54001,2028,788565
54001,2029,786358
54001,2030,784007
54001,2031,781563
54001,2032,779061
54001,2033,776497
54001,2034,773913
54001,2035,771292
54001,2036,768651
54001,2037,766019
54001,2038,763377
54001,2039,760713
54001,2040,758062
54001,2041,755417
54001,2042,752748
54003,2005,29141
54003,2006,29314
54003,2007,29486
54003,2008,29638
54003,2009,29798
54003,2010,29921
54003,2011,30053
54003,2012,30160
54003,2013,30253
54003,2014,30281
54003,2015,30358
54003,2016,30553
54003,2017,30923
54003,2018,31785
54003,2019,32731
54003,2020,33774
54003,2021,34418
54003,2022,34905
54003,2023,35395
54003,2024,35875
54003,2025,36269
54003,2026,36622
54003,2027,36942
54003,2028,37246
54003,2029,37552
54003,2030,37808
54003,2031,38074
54003,2032,38316
54003,2033,38538
54003,2034,38755
54003,2035,38953
54003,2036,39129
54003,2037,39298
54003,2038,39442
54003,2039,39592
54003,2040,39732
54003,2041,39848
54003,2042,39959
54051,2005,9570
54051,2006,9519
54051,2007,9510
54051,2008,9509
54051,2009,9508
54051,2010,9476
54051,2011,9473
54051,2012,9399
54051,2013,9367
54051,2014,9318
54051,2015,9321
54051,2016,9324
54051,2017,9385
54051,2018,9602
54051,2019,9884
54051,2020,10188
54051,2021,10312
54051,2022,10398
54051,2023,10489
54051,2024,10559
54051,2025,10639
54051,2026,10682
54051,2027,10700
54051,2028,10717
54051,2029,10734
54051,2030,10732
54051,2031,10731
54051,2032,10718
54051,2033,10706
54051,2034,10695
54051,2035,10674
54051,2036,10634
54051,2037,10596
54051,2038,10551
54051,2039,10519
54051,2040,10457
54051,2041,10418
54051,2042,10364
54099,2005,6861
54099,2006,6946
54099,2007,7053
54099,2008,7143
54099,2009,7233
54099,2010,7325
54099,2011,7386
54099,2012,7409
54099,2013,7410
54099,2014,7491
54099,2015,7573
54099,2016,7692
54099,2017,7830
54099,2018,8102
54099,2019,8413
54099,2020,8743
54099,2021,8976
54099,2022,9137
54099,2023,9310
54099,2024,9467
54099,2025,9634
54099,2026,9754
54099,2027,9863
54099,2028,9992
54099,2029,10092
54099,2030,10183
54099,2031,10293
54099,2032,10372
54099,2033,10426
54099,2034,10525
54099,2035,10586
54099,2036,10629
54099,2037,10692
54099,2038,10742
54099,2039,10778
54099,2040,10832
54099,2041,10875
54099,2042,10909
54109,2005,5319
54109,2006,5376
54109,2007,5428
54109,2008,5497
54109,2009,5530
54109,2010,5620
54109,2011,5689
54109,2012,5737
54109,2013,5773
54109,2014,5805
54109,2015,5862
54109,2016,5932
54109,2017,6045
54109,2018,6247
54109,2019,6557
54109,2020,6844
54109,2021,7082
54109,2022,7239
54109,2023,7401
54109,2024,7559
54109,2025,7703
54109,2026,7844
54109,2027,7958
54109,2028,8065
54109,2029,8162
54109,2030,8273
54109,2031,8355
54109,2032,8447
54109,2033,8526
54109,2034,8588
54109,2035,8625
54109,2036,8694
54109,2037,8736
54109,2038,8768
54109,2039,8812
54109,2040,8830
54109,2041,8867
54109,2042,8897
54125,2005,2929
54125,2006,2910
54125,2007,2885
54125,2008,2854
54125,2009,2846
54125,2010,2821
54125,2011,2801
54125,2012,2787
54125,2013,2760
54125,2014,2741
54125,2015,2704
54125,2016,2705
54125,2017,2795
54125,2018,2791
54125,2019,2863
54125,2020,2951
54125,2021,3033
54125,2022,3042
54125,2023,3090
54125,2024,3121
54125,2025,3144
54125,2026,3168
54125,2027,3182
54125,2028,3201
54125,2029,3203
54125,2030,3204
54125,2031,3238
54125,2032,3234
54125,2033,3236
54125,2034,3267
54125,2035,3257
54125,2036,3270
54125,2037,3283
54125,2038,3250
54125,2039,3260
54125,2040,3265
54125,2041,3249
54125,2042,3248
54128,2005,10870
54128,2006,10862
54128,2007,10837
54128,2008,10830
54128,2009,10803
54128,2010,10728
54128,2011,10685
54128,2012,10671
54128,2013,10663
54128,2014,10660
54128,2015,10631
54128,2016,10674
54128,2017,10756
54128,2018,10997
54128,2019,11301
54128,2020,11664
54128,2021,11806
54128,2022,11919
54128,2023,12028
54128,2024,12099
54128,2025,12176
54128,2026,12216
54128,2027,12250
54128,2028,12256
54128,2029,12267
54128,2030,12279
54128,2031,12247
54128,2032,12255
54128,2033,12247
54128,2034,12205
54128,2035,12158
54128,2036,12133
54128,2037,12062
54128,2038,12025
54128,2039,11965
54128,2040,11898
54128,2041,11841
54128,2042,11761
54172,2005,15064
54172,2006,15222
54172,2007,15376
54172,2008,15506
54172,2009,15659
54172,2010,15766
54172,2011,15905
54172,2012,16027
54172,2013,16140
54172,2014,16187
54172,2015,16270
54172,2016,16442
54172,2017,16709
54172,2018,17273
54172,2019,17828
54172,2020,18505
54172,2021,18973
54172,2022,19321
54172,2023,19692
54172,2024,20021
54172,2025,20355
54172,2026,20633
54172,2027,20902
54172,2028,21156
54172,2029,21413
54172,2030,21652
54172,2031,21898
54172,2032,22125
54172,2033,22344
54172,2034,22573
54172,2035,22794
54172,2036,23007
54172,2037,23203
54172,2038,23393
54172,2039,23583
54172,2040,23778
54172,2041,23944
54172,2042,24117
54174,2005,10691
54174,2006,10748
54174,2007,10801
54174,2008,10854
54174,2009,10909
54174,2010,10961
54174,2011,10997
54174,2012,11045
54174,2013,10976
54174,2014,10975
54174,2015,11073
54174,2016,11093
54174,2017,11218
54174,2018,11556
54174,2019,11948
54174,2020,12406
54174,2021,12658
54174,2022,12842
54174,2023,13034
54174,2024,13208
54174,2025,13383
54174,2026,13511
54174,2027,13655
54174,2028,13784
54174,2029,13882
54174,2030,13993
54174,2031,14070
54174,2032,14156
54174,2033,14243
54174,2034,14317
54174,2035,14370
54174,2036,14428
54174,2037,14483
54174,2038,14549
54174,2039,14560
54174,2040,14608
54174,2041,14639
54174,2042,14667
54206,2005,17835
54206,2006,17852
54206,2007,17855
54206,2008,17870
54206,2009,17870
54206,2010,17905
54206,2011,17892
54206,2012,17863
54206,2013,17877
54206,2014,17809
54206,2015,17774
54206,2016,17854
54206,2017,17999
54206,2018,18462
54206,2019,19064
54206,2020,19716
54206,2021,20107
54206,2022,20408
54206,2023,20702
54206,2024,20973
54206,2025,21228
54206,2026,21428
54206,2027,21616
54206,2028,21781
54206,2029,21912
54206,2030,22073
54206,2031,22213
54206,2032,22326
54206,2033,22427
54206,2034,22542
54206,2035,22652
54206,2036,22716
54206,2037,22794
54206,2038,22855
54206,2039,22913
54206,2040,22949
54206,2041,22993
54206,2042,23040
54223,2005,8091
54223,2006,8094
54223,2007,8078
54223,2008,8035
54223,2009,8008
54223,2010,7968
54223,2011,7931
54223,2012,7916
54223,2013,7890
54223,2014,7881
54223,2015,7888
54223,2016,7873
54223,2017,7923
54223,2018,8107
54223,2019,8262
54223,2020,8479
54223,2021,8556
54223,2022,8556
54223,2023,8588
54223,2024,8603
54223,2025,8586
54223,2026,8565
54223,2027,8538
54223,2028,8498
54223,2029,8467
54223,2030,8403
54223,2031,8369
54223,2032,8297
54223,2033,8230
54223,2034,8169
54223,2035,8104
54223,2036,8020
54223,2037,7951
54223,2038,7863
54223,2039,7777
54223,2040,7704
54223,2041,7604
54223,2042,7515
54239,2005,4603
54239,2006,4573
54239,2007,4546
54239,2008,4527
54239,2009,4508
54239,2010,4503
54239,2011,4475
54239,2012,4434
54239,2013,4426
54239,2014,4434
54239,2015,4429
54239,2016,4421
54239,2017,4472
54239,2018,4531
54239,2019,4661
54239,2020,4809
54239,2021,4885
54239,2022,4951
54239,2023,4981
54239,2024,5044
54239,2025,5079
54239,2026,5115
54239,2027,5128
54239,2028,5167
54239,2029,5179
54239,2030,5203
54239,2031,5219
54239,2032,5217
54239,2033,5211
54239,2034,5237
54239,2035,5253
54239,2036,5218
54239,2037,5246
54239,2038,5242
54239,2039,5252
54239,2040,5237
54239,2041,5236
54239,2042,5221
54245,2005,12918
54245,2006,12866
54245,2007,12825
54245,2008,12835
54245,2009,12869
54245,2010,12874
54245,2011,12853
54245,2012,12756
54245,2013,12747
54245,2014,12752
54245,2015,12754
54245,2016,12806
54245,2017,12843
54245,2018,13153
54245,2019,13569
54245,2020,14035
54245,2021,14294
54245,2022,14479
54245,2023,14657
54245,2024,14851
54245,2025,15027
54245,2026,15140
54245,2027,15272
54245,2028,15379
54245,2029,15483
54245,2030,15570
54245,2031,15645
54245,2032,15719
54245,2033,15766
54245,2034,15820
54245,2035,15870
54245,2036,15913
54245,2037,15927
54245,2038,15945
54245,2039,15955
54245,2040,15967
54245,2041,15962
54245,2042,15961
54250,2005,14249
54250,2006,14680
54250,2007,15092
54250,2008,15511
54250,2009,15973
54250,2010,16340
54250,2011,16760
54250,2012,17143
54250,2013,17509
54250,2014,17875
54250,2015,18246
54250,2016,18627
54250,2017,19220
54250,2018,20079
54250,2019,21378
54250,2020,22746
54250,2021,23853
54250,2022,24831
54250,2023,25796
54250,2024,26769
54250,2025,27716
54250,2026,28561
54250,2027,29392
54250,2028,30203
54250,2029,30972
54250,2030,31707
54250,2031,32416
54250,2032,33096
54250,2033,33755
54250,2034,34355
54250,2035,34947
54250,2036,35483
54250,2037,36015
54250,2038,36488
54250,2039,36964
54250,2040,37385
54250,2041,37772
54250,2042,38150
54261,2005,21207
54261,2006,21606
54261,2007,22011
54261,2008,22405
54261,2009,22771
54261,2010,23149
54261,2011,23515
54261,2012,23849
54261,2013,24160
54261,2014,24378
54261,2015,24725
54261,2016,25164
54261,2017,25727
54261,2018,26696
54261,2019,28039
54261,2020,29600
54261,2021,30295
54261,2022,30716
54261,2023,31132
54261,2024,31482
54261,2025,31833
54261,2026,32036
54261,2027,32234
54261,2028,32399
54261,2029,32561
54261,2030,32702
54261,2031,32867
54261,2032,33015
54261,2033,33184
54261,2034,33324
54261,2035,33498
54261,2036,33646
54261,2037,33817
54261,2038,33967
54261,2039,34135
54261,2040,34312
54261,2041,34458
54261,2042,34642
54313,2005,7171
54313,2006,7180
54313,2007,7185
54313,2008,7197
54313,2009,7166
54313,2010,7234
54313,2011,7181
54313,2012,7078
54313,2013,7039
54313,2014,7092
54313,2015,7107
54313,2016,7101
54313,2017,7106
54313,2018,7293
54313,2019,7556
54313,2020,7855
54313,2021,8020
54313,2022,8162
54313,2023,8298
54313,2024,8430
54313,2025,8553
54313,2026,8669
54313,2027,8749
54313,2028,8846
54313,2029,8936
54313,2030,8996
54313,2031,9085
54313,2032,9153
54313,2033,9233
54313,2034,9294
54313,2035,9355
54313,2036,9406
54313,2037,9462
54313,2038,9511
54313,2039,9548
54313,2040,9605
54313,2041,9619
54313,2042,9668
54344,2005,9232
54344,2006,9250
54344,2007,9313
54344,2008,9372
54344,2009,9398
54344,2010,9421
54344,2011,9450
54344,2012,9458
54344,2013,9491
54344,2014,9516
54344,2015,9540
54344,2016,9609
54344,2017,9726
54344,2018,9996
54344,2019,10245
54344,2020,10536
54344,2021,10628
54344,2022,10684
54344,2023,10724
54344,2024,10775
54344,2025,10791
54344,2026,10790
54344,2027,10765
54344,2028,10742
54344,2029,10726
54344,2030,10691
54344,2031,10630
54344,2032,10573
54344,2033,10528
54344,2034,10458
54344,2035,10390
54344,2036,10306
54344,2037,10236
54344,2038,10154
54344,2039,10070
54344,2040,9965
54344,2041,9878
54344,2042,9791
54347,2005,5749
54347,2006,5798
54347,2007,5846
54347,2008,5895
54347,2009,5981
54347,2010,6039
54347,2011,6077
54347,2012,6137
54347,2013,6201
54347,2014,6247
54347,2015,6303
54347,2016,6409
54347,2017,6522
54347,2018,6745
54347,2019,7109
54347,2020,7484
54347,2021,7742
54347,2022,7967
54347,2023,8172
54347,2024,8388
54347,2025,8602
54347,2026,8791
54347,2027,8948
54347,2028,9097
54347,2029,9234
54347,2030,9395
54347,2031,9524
54347,2032,9655
54347,2033,9759
54347,2034,9863
54347,2035,9965
54347,2036,10049
54347,2037,10145
54347,2038,10210
54347,2039,10270
54347,2040,10327
54347,2041,10369
54347,2042,10422
54377,2005,6268
54377,2006,6259
54377,2007,6268
54377,2008,6256
54377,2009,6238
54377,2010,6181
54377,2011,6155
54377,2012,6125
54377,2013,6124
54377,2014,6138
54377,2015,6123
54377,2016,6088
54377,2017,6108
54377,2018,6261
54377,2019,6465
54377,2020,6684
54377,2021,6801
54377,2022,6859
54377,2023,6926
54377,2024,6999
54377,2025,7049
54377,2026,7094
54377,2027,7155
54377,2028,7179
54377,2029,7206
54377,2030,7220
54377,2031,7240
54377,2032,7256
54377,2033,7277
54377,2034,7279
54377,2035,7260
54377,2036,7278
54377,2037,7265
54377,2038,7243
54377,2039,7241
54377,2040,7234
54377,2041,7216
54377,2042,7200
54385,2005,7410
54385,2006,7666
54385,2007,7945
54385,2008,8252
54385,2009,8505
54385,2010,8771
54385,2011,9024
54385,2012,9292
54385,2013,9570
54385,2014,9859
54385,2015,10140
54385,2016,10509
54385,2017,10810
54385,2018,11360
54385,2019,11699
54385,2020,12055
54385,2021,12217
54385,2022,12323
54385,2023,12419
54385,2024,12516
54385,2025,12579
54385,2026,12632
54385,2027,12671
54385,2028,12678
54385,2029,12700
54385,2030,12688
54385,2031,12673
54385,2032,12678
54385,2033,12639
54385,2034,12617
54385,2035,12577
54385,2036,12530
54385,2037,12487
54385,2038,12428
54385,2039,12380
54385,2040,12303
54385,2041,12242
54385,2042,12165
54398,2005,7243
54398,2006,7243
54398,2007,7206
54398,2008,7227
54398,2009,7199
54398,2010,7201
54398,2011,7210
54398,2012,7224
54398,2013,7236
54398,2014,7263
54398,2015,7275
54398,2016,7303
54398,2017,7396
54398,2018,7590
54398,2019,7843
54398,2020,8110
54398,2021,8258
54398,2022,8359
54398,2023,8472
54398,2024,8582
54398,2025,8668
54398,2026,8743
54398,2027,8821
54398,2028,8866
54398,2029,8920
54398,2030,8976
54398,2031,9015
54398,2032,9070
54398,2033,9077
54398,2034,9121
54398,2035,9149
54398,2036,9150
54398,2037,9154
54398,2038,9179
54398,2039,9172
54398,2040,9189
54398,2041,9180
54398,2042,9159
54405,2005,64085
54405,2006,66129
54405,2007,68137
54405,2008,70052
54405,2009,71867
54405,2010,73628
54405,2011,75308
54405,2012,76886
54405,2013,78495
54405,2014,79969
54405,2015,81407
54405,2016,83222
54405,2017,85450
54405,2018,89100
54405,2019,92797
54405,2020,97133
54405,2021,99404
54405,2022,100738
54405,2023,102015
54405,2024,103208
54405,2025,104220
54405,2026,104819
54405,2027,105322
54405,2028,105789
54405,2029,106243
54405,2030,106692
54405,2031,107106
54405,2032,107527
54405,2033,107932
54405,2034,108349
54405,2035,108746
54405,2036,109157
54405,2037,109552
54405,2038,109959
54405,2039,110363
54405,2040,110757
54405,2041,111167
54405,2042,111569
54418,2005,3907
54418,2006,3903
54418,2007,3874
54418,2008,3889
54418,2009,3905
54418,2010,3896
54418,2011,3833
54418,2012,3815
54418,2013,3828
54418,2014,3819
54418,2015,3829
54418,2016,3818
54418,2017,3845
54418,2018,3953
54418,2019,4080
54418,2020,4222
54418,2021,4328
54418,2022,4402
54418,2023,4463
54418,2024,4520
54418,2025,4584
54418,2026,4635
54418,2027,4697
54418,2028,4727
54418,2029,4765
54418,2030,4818
54418,2031,4831
54418,2032,4884
54418,2033,4905
54418,2034,4937
54418,2035,4974
54418,2036,4990
54418,2037,5005
54418,2038,5046
54418,2039,5048
54418,2040,5072
54418,2041,5097
54418,2042,5104
54480,2005,3505
54480,2006,3562
54480,2007,3569
54480,2008,3640
54480,2009,3667
54480,2010,3738
54480,2011,3770
54480,2012,3779
54480,2013,3785
54480,2014,3851
54480,2015,3926
54480,2016,3975
54480,2017,4009
54480,2018,4152
54480,2019,4283
54480,2020,4421
54480,2021,4512
54480,2022,4562
54480,2023,4593
54480,2024,4636
54480,2025,4668
54480,2026,4708
54480,2027,4730
54480,2028,4743
54480,2029,4766
54480,2030,4779
54480,2031,4784
54480,2032,4786
54480,2033,4801
54480,2034,4784
54480,2035,4792
54480,2036,4791
54480,2037,4787
54480,2038,4765
54480,2039,4751
54480,2040,4734
54480,2041,4710
54480,2042,4699
54498,2005,103443
54498,2006,104607
54498,2007,105752
54498,2008,106769
54498,2009,107725
54498,2010,108624
54498,2011,109403
54498,2012,110137
54498,2013,110817
54498,2014,111409
54498,2015,111985
54498,2016,113120
54498,2017,114809
54498,2018,118266
54498,2019,122171
54498,2020,126550
54498,2021,129721
54498,2022,132095
54498,2023,134317
54498,2024,136427
54498,2025,138352
54498,2026,139932
54498,2027,141401
54498,2028,142826
54498,2029,144173
54498,2030,145490
54498,2031,146785
54498,2032,148057
54498,2033,149296
54498,2034,150510
54498,2035,151670
54498,2036,152807
54498,2037,153931
54498,2038,155000
54498,2039,156018
54498,2040,157019
54498,2041,157967
54498,2042,158872
54518,2005,48582
54518,2006,48713
54518,2007,48765
54518,2008,48800
54518,2009,48791
54518,2010,48797
54518,2011,48765
54518,2012,48674
54518,2013,48617
54518,2014,48468
54518,2015,48380
54518,2016,48509
54518,2017,48878
54518,2018,50019
54518,2019,50724
54518,2020,51642
54518,2021,52086
54518,2022,52239
54518,2023,52357
54518,2024,52427
54518,2025,52424
54518,2026,52318
54518,2027,52155
54518,2028,51967
54518,2029,51764
54518,2030,51548
54518,2031,51332
54518,2032,51111
54518,2033,50849
54518,2034,50608
54518,2035,50320
54518,2036,50059
54518,2037,49769
54518,2038,49466
54518,2039,49142
54518,2040,48823
54518,2041,48485
54518,2042,48148
54520,2005,4936
54520,2006,4989
54520,2007,5000
54520,2008,5021
54520,2009,5041
54520,2010,5055
54520,2011,5070
54520,2012,5096
54520,2013,5116
54520,2014,5123
54520,2015,5134
54520,2016,5191
54520,2017,5242
54520,2018,5419
54520,2019,5579
54520,2020,5797
54520,2021,5907
54520,2022,6016
54520,2023,6094
54520,2024,6204
54520,2025,6253
54520,2026,6314
54520,2027,6380
54520,2028,6421
54520,2029,6476
54520,2030,6524
54520,2031,6565
54520,2032,6610
54520,2033,6638
54520,2034,6660
54520,2035,6691
54520,2036,6716
54520,2037,6721
54520,2038,6756
54520,2039,6763
54520,2040,6763
54520,2041,6791
54520,2042,6782
54553,2005,6326
54553,2006,6510
54553,2007,6658
54553,2008,6842
54553,2009,7009
54553,2010,7137
54553,2011,7294
54553,2012,7427
54553,2013,7592
54553,2014,7677
54553,2015,7773
54553,2016,7957
54553,2017,8143
54553,2018,8495
54553,2019,8799
54553,2020,9156
54553,2021,9307
54553,2022,9388
54553,2023,9452
54553,2024,9525
54553,2025,9563
54553,2026,9572
54553,2027,9574
54553,2028,9581
54553,2029,9566
54553,2030,9556
54553,2031,9566
54553,2032,9559
54553,2033,9549
54553,2034,9534
54553,2035,9525
54553,2036,9524
54553,2037,9507
54553,2038,9504
54553,2039,9504
54553,2040,9502
54553,2041,9496
54553,2042,9489
54599,2005,5641
54599,2006,5648
54599,2007,5676
54599,2008,5657
54599,2009,5719
54599,2010,5714
54599,2011,5737
54599,2012,5789
54599,2013,5689
54599,2014,5626
54599,2015,5671
54599,2016,5659
54599,2017,5673
54599,2018,5897
54599,2019,6076
54599,2020,6288
54599,2021,6394
54599,2022,6487
54599,2023,6562
54599,2024,6653
54599,2025,6736
54599,2026,6793
54599,2027,6868
54599,2028,6922
54599,2029,6967
54599,2030,7018
54599,2031,7066
54599,2032,7101
54599,2033,7137
54599,2034,7181
54599,2035,7226
54599,2036,7243
54599,2037,7273
54599,2038,7320
54599,2039,7329
54599,2040,7340
54599,2041,7377
54599,2042,7384
54660,2005,10383
54660,2006,10356
54660,2007,10341
54660,2008,10285
54660,2009,10273
54660,2010,10274
54660,2011,10199
54660,2012,10135
54660,2013,10006
54660,2014,10018
54660,2015,10013
54660,2016,9961
54660,2017,9969
54660,2018,10216
54660,2019,10501
54660,2020,10856
54660,2021,11055
54660,2022,11169
54660,2023,11316
54660,2024,11438
54660,2025,11551
54660,2026,11618
54660,2027,11707
54660,2028,11757
54660,2029,11833
54660,2030,11876
54660,2031,11922
54660,2032,11959
54660,2033,11985
54660,2034,12012
54660,2035,12046
54660,2036,12051
54660,2037,12058
54660,2038,12053
54660,2039,12047
54660,2040,12049
54660,2041,12057
54660,2042,12031
54670,2005,10409
54670,2006,10505
54670,2007,10585
54670,2008,10659
54670,2009,10769
54670,2010,10894
54670,2011,10977
54670,2012,11083
54670,2013,11138
54670,2014,11220
54670,2015,11297
54670,2016,11438
54670,2017,11634
54670,2018,12009
54670,2019,12410
54670,2020,12833
54670,2021,13068
54670,2022,13249
54670,2023,13405
54670,2024,13579
54670,2025,13733
54670,2026,13849
54670,2027,13955
54670,2028,14066
54670,2029,14162
54670,2030,14220
54670,2031,14289
54670,2032,14371
54670,2033,14420
54670,2034,14475
54670,2035,14526
54670,2036,14557
54670,2037,14575
54670,2038,14603
54670,2039,14599
54670,2040,14646
54670,2041,14614
54670,2042,14617
54673,2005,5112
54673,2006,5220
54673,2007,5337
54673,2008,5550
54673,2009,5679
54673,2010,5742
54673,2011,5872
54673,2012,5980
54673,2013,6124
54673,2014,6261
54673,2015,6364
54673,2016,6508
54673,2017,6651
54673,2018,6989
54673,2019,7456
54673,2020,7955
54673,2021,8209
54673,2022,8384
54673,2023,8556
54673,2024,8712
54673,2025,8839
54673,2026,8946
54673,2027,9036
54673,2028,9123
54673,2029,9205
54673,2030,9295
54673,2031,9349
54673,2032,9427
54673,2033,9496
54673,2034,9559
54673,2035,9620
54673,2036,9684
54673,2037,9746
54673,2038,9803
54673,2039,9854
54673,2040,9909
54673,2041,9981
54673,2042,10025
54680,2005,2998
54680,2006,3050
54680,2007,3090
54680,2008,3107
54680,2009,3128
54680,2010,3152
54680,2011,3131
54680,2012,3135
54680,2013,3146
54680,2014,3170
54680,2015,3186
54680,2016,3236
54680,2017,3266
54680,2018,3366
54680,2019,3499
54680,2020,3655
54680,2021,3749
54680,2022,3850
54680,2023,3950
54680,2024,4040
54680,2025,4132
54680,2026,4200
54680,2027,4280
54680,2028,4343
54680,2029,4420
54680,2030,4506
54680,2031,4569
54680,2032,4638
54680,2033,4725
54680,2034,4775
54680,2035,4846
54680,2036,4913
54680,2037,4990
54680,2038,5032
54680,2039,5113
54680,2040,5184
54680,2041,5226
54680,2042,5300
54720,2005,23137
54720,2006,23271
54720,2007,23370
54720,2008,23495
54720,2009,23622
54720,2010,23695
54720,2011,23792
54720,2012,23873
54720,2013,23944
54720,2014,23979
54720,2015,23982
54720,2016,24166
54720,2017,24453
54720,2018,25157
54720,2019,25940
54720,2020,26848
54720,2021,27371
54720,2022,27762
54720,2023,28123
54720,2024,28494
54720,2025,28815
54720,2026,29088
54720,2027,29325
54720,2028,29527
54720,2029,29723
54720,2030,29910
54720,2031,30067
54720,2032,30222
54720,2033,30355
54720,2034,30489
54720,2035,30594
54720,2036,30689
54720,2037,30780
54720,2038,30853
54720,2039,30910
54720,2040,30948
54720,2041,30968
54720,2042,31006
54743,2005,5732
54743,2006,5715
54743,2007,5731
54743,2008,5725
54743,2009,5792
54743,2010,5834
54743,2011,5843
54743,2012,5857
54743,2013,5840
54743,2014,5856
54743,2015,5896
54743,2016,5913
54743,2017,5988
54743,2018,6166
54743,2019,6396
54743,2020,6660
54743,2021,6814
54743,2022,6947
54743,2023,7051
54743,2024,7166
54743,2025,7269
54743,2026,7374
54743,2027,7459
54743,2028,7528
54743,2029,7599
54743,2030,7666
54743,2031,7757
54743,2032,7808
54743,2033,7856
54743,2034,7911
54743,2035,7952
54743,2036,8013
54743,2037,8055
54743,2038,8083
54743,2039,8111
54743,2040,8135
54743,2041,8162
54743,2042,8186
54800,2005,14623
54800,2006,14707
54800,2007,14802
54800,2008,14892
54800,2009,14985
54800,2010,15058
54800,2011,15150
54800,2012,15244
54800,2013,15275
54800,2014,15336
54800,2015,15397
54800,2016,15494
54800,2017,15711
54800,2018,16202
54800,2019,16728
54800,2020,17305
54800,2021,17611
54800,2022,17869
54800,2023,18071
54800,2024,18309
54800,2025,18521
54800,2026,18671
54800,2027,18821
54800,2028,18968
54800,2029,19058
54800,2030,19182
54800,2031,19274
54800,2032,19364
54800,2033,19455
54800,2034,19505
54800,2035,19557
54800,2036,19581
54800,2037,19633
54800,2038,19658
54800,2039,19656
54800,2040,19670
54800,2041,19682
54800,2042,19668
54810,2005,43903
54810,2006,44561
54810,2007,45216
54810,2008,45846
54810,2009,46483
54810,2010,47118
54810,2011,47709
54810,2012,48280
54810,2013,48820
54810,2014,49346
54810,2015,49880
54810,2016,50659
54810,2017,51709
54810,2018,53610
54810,2019,56369
54810,2020,59347
54810,2021,61561
54810,2022,63436
54810,2023,65269
54810,2024,67062
54810,2025,68802
54810,2026,70336
54810,2027,71788
54810,2028,73189
54810,2029,74501
54810,2030,75753
54810,2031,76956
54810,2032,78081
54810,2033,79144
54810,2034,80147
54810,2035,81051
54810,2036,81945
54810,2037,82744
54810,2038,83501
54810,2039,84210
54810,2040,84854
54810,2041,85444
54810,2042,85958
54820,2005,15187
54820,2006,15188
54820,2007,15186
54820,2008,15185
54820,2009,15179
54820,2010,15152
54820,2011,15094
54820,2012,15123
54820,2013,15116
54820,2014,15049
54820,2015,14955
54820,2016,14966
54820,2017,15058
54820,2018,15424
54820,2019,15908
54820,2020,16463
54820,2021,16757
54820,2022,16994
54820,2023,17196
54820,2024,17424
54820,2025,17628
54820,2026,17799
54820,2027,17934
54820,2028,18074
54820,2029,18207
54820,2030,18319
54820,2031,18449
54820,2032,18541
54820,2033,18636
54820,2034,18714
54820,2035,18781
54820,2036,18842
54820,2037,18898
54820,2038,18935
54820,2039,19003
54820,2040,19032
54820,2041,19069
54820,2042,19087
54871,2005,4860
54871,2006,4861
54871,2007,4880
54871,2008,4891
54871,2009,4916
54871,2010,4932
54871,2011,4891
54871,2012,4855
54871,2013,4823
54871,2014,4811
54871,2015,4814
54871,2016,4851
54871,2017,4879
54871,2018,4996
54871,2019,5108
54871,2020,5252
54871,2021,5301
54871,2022,5334
54871,2023,5354
54871,2024,5381
54871,2025,5394
54871,2026,5412
54871,2027,5400
54871,2028,5392
54871,2029,5384
54871,2030,5368
54871,2031,5371
54871,2032,5344
54871,2033,5332
54871,2034,5289
54871,2035,5277
54871,2036,5257
54871,2037,5229
54871,2038,5193
54871,2039,5181
54871,2040,5128
54871,2041,5101
54871,2042,5069
54874,2005,91948
54874,2006,92714
54874,2007,93500
54874,2008,94129
54874,2009,94697
54874,2010,95255
54874,2011,95743
54874,2012,96141
54874,2013,96514
54874,2014,96818
54874,2015,97138
54874,2016,97909
54874,2017,99169
54874,2018,101944
54874,2019,107014
54874,2020,112817
54874,2021,116298
54874,2022,118766
54874,2023,121164
54874,2024,123460
54874,2025,125580
54874,2026,127234
54874,2027,128812
54874,2028,130343
54874,2029,131845
54874,2030,133345
54874,2031,134849
54874,2032,136338
54874,2033,137845
54874,2034,139368
54874,2035,140895
54874,2036,142437
54874,2037,143984
54874,2038,145551
54874,2039,147139
54874,2040,148727
54874,2041,150323
54874,2042,151949
63001,2005,275385
63001,2006,276605
63001,2007,277645
63001,2008,278566
63001,2009,279490
63001,2010,280619
63001,2011,281880
63001,2012,283086
63001,2013,284183
63001,2014,285490
63001,2015,287036
63001,2016,289151
63001,2017,291698
63001,2018,295208
63001,2019,297241
63001,2020,299485
63001,2021,302063
63001,2022,303588
63001,2023,304311
63001,2024,305676
63001,2025,306682
63001,2026,307103
63001,2027,307420
63001,2028,307599
63001,2029,307691
63001,2030,307641
63001,2031,307534
63001,2032,307267
63001,2033,306907
63001,2034,306399
63001,2035,305744
63001,2036,304997
63001,2037,304092
63001,2038,303026
63001,2039,301827
63001,2040,300477
63001,2041,298951
63001,2042,297298
63111,2005,3152
63111,2006,3126
63111,2007,3099
63111,2008,3064
63111,2009,3054
63111,2010,3015
63111,2011,3004
63111,2012,2977
63111,2013,3023
63111,2014,3040
63111,2015,3076
63111,2016,3048
63111,2017,3045
63111,2018,3095
63111,2019,3146
63111,2020,3178
63111,2021,3202
63111,2022,3195
63111,2023,3185
63111,2024,3199
63111,2025,3178
63111,2026,3165
63111,2027,3156
63111,2028,3131
63111,2029,3096
63111,2030,3087
63111,2031,3051
63111,2032,3011
63111,2033,2968
63111,2034,2960
63111,2035,2924
63111,2036,2892
63111,2037,2857
63111,2038,2805
63111,2039,2771
63111,2040,2718
63111,2041,2692
63111,2042,2642
63130,2005,68633
63130,2006,68837
63130,2007,69001
63130,2008,69156
63130,2009,69300
63130,2010,69501
63130,2011,69790
63130,2012,70025
63130,2013,70274
63130,2014,70565
63130,2015,70965
63130,2016,71320
63130,2017,71942
63130,2018,72785
63130,2019,73370
63130,2020,74027
63130,2021,74394
63130,2022,74527
63130,2023,74465
63130,2024,74545
63130,2025,74536
63130,2026,74399
63130,2027,74230
63130,2028,74020
63130,2029,73767
63130,2030,73505
63130,2031,73205
63130,2032,72872
63130,2033,72500
63130,2034,72105
63130,2035,71662
63130,2036,71177
63130,2037,70675
63130,2038,70150
63130,2039,69578
63130,2040,68969
63130,2041,68341
63130,2042,67645
63190,2005,25341
63190,2006,25522
63190,2007,25710
63190,2008,25868
63190,2009,26025
63190,2010,26186
63190,2011,26364
63190,2012,26572
63190,2013,26765
63190,2014,26945
63190,2015,27104
63190,2016,27461
63190,2017,27834
63190,2018,28160
63190,2019,28424
63190,2020,28736
63190,2021,28893
63190,2022,28972
63190,2023,28950
63190,2024,29013
63190,2025,29024
63190,2026,28971
63190,2027,28917
63190,2028,28843
63190,2029,28730
63190,2030,28639
63190,2031,28539
63190,2032,28399
63190,2033,28261
63190,2034,28100
63190,2035,27938
63190,2036,27756
63190,2037,27539
63190,2038,27318
63190,2039,27105
63190,2040,26847
63190,2041,26600
63190,2042,26329
63212,2005,5530
63212,2006,5527
63212,2007,5465
63212,2008,5461
63212,2009,5486
63212,2010,5503
63212,2011,5495
63212,2012,5474
63212,2013,5444
63212,2014,5459
63212,2015,5516
63212,2016,5585
63212,2017,5578
63212,2018,5643
63212,2019,5725
63212,2020,5802
63212,2021,5832
63212,2022,5855
63212,2023,5848
63212,2024,5866
63212,2025,5877
63212,2026,5863
63212,2027,5840
63212,2028,5845
63212,2029,5829
63212,2030,5790
63212,2031,5769
63212,2032,5732
63212,2033,5708
63212,2034,5677
63212,2035,5641
63212,2036,5592
63212,2037,5545
63212,2038,5506
63212,2039,5462
63212,2040,5401
63212,2041,5348
63212,2042,5292
63272,2005,11719
63272,2006,11729
63272,2007,11736
63272,2008,11709
63272,2009,11732
63272,2010,11736
63272,2011,11768
63272,2012,11801
63272,2013,11837
63272,2014,11781
63272,2015,11893
63272,2016,11876
63272,2017,12008
63272,2018,12072
63272,2019,12218
63272,2020,12369
63272,2021,12431
63272,2022,12438
63272,2023,12417
63272,2024,12418
63272,2025,12398
63272,2026,12345
63272,2027,12303
63272,2028,12251
63272,2029,12203
63272,2030,12151
63272,2031,12077
63272,2032,11996
63272,2033,11905
63272,2034,11833
63272,2035,11735
63272,2036,11624
63272,2037,11525
63272,2038,11414
63272,2039,11278
63272,2040,11153
63272,2041,11034
63272,2042,10888
63302,2005,8732
63302,2006,8549
63302,2007,8465
63302,2008,8339
63302,2009,8205
63302,2010,8148
63302,2011,8061
63302,2012,7954
63302,2013,7816
63302,2014,7710
63302,2015,7647
63302,2016,7617
63302,2017,7568
63302,2018,7511
63302,2019,7612
63302,2020,7673
63302,2021,7729
63302,2022,7731
63302,2023,7704
63302,2024,7723
63302,2025,7718
63302,2026,7694
63302,2027,7670
63302,2028,7621
63302,2029,7603
63302,2030,7559
63302,2031,7523
63302,2032,7471
63302,2033,7428
63302,2034,7361
63302,2035,7312
63302,2036,7254
63302,2037,7195
63302,2038,7107
63302,2039,7028
63302,2040,6950
63302,2041,6870
63302,2042,6801
63401,2005,29704
63401,2006,29928
63401,2007,30173
63401,2008,30386
63401,2009,30587
63401,2010,30874
63401,2011,31089
63401,2012,31411
63401,2013,31667
63401,2014,31918
63401,2015,32164
63401,2016,32471
63401,2017,32928
63401,2018,33445
63401,2019,33592
63401,2020,33769
63401,2021,33933
63401,2022,33945
63401,2023,33884
63401,2024,33885
63401,2025,33859
63401,2026,33758
63401,2027,33657
63401,2028,33533
63401,2029,33382
63401,2030,33230
63401,2031,33071
63401,2032,32890
63401,2033,32690
63401,2034,32509
63401,2035,32278
63401,2036,32061
63401,2037,31798
63401,2038,31551
63401,2039,31266
63401,2040,30981
63401,2041,30686
63401,2042,30372
63470,2005,36237
63470,2006,36192
63470,2007,36156
63470,2008,36124
63470,2009,36081
63470,2010,36066
63470,2011,36061
63470,2012,36053
63470,2013,36064
63470,2014,36096
63470,2015,36129
63470,2016,36330
63470,2017,36392
63470,2018,36764
63470,2019,36994
63470,2020,37268
63470,2021,37447
63470,2022,37505
63470,2023,37477
63470,2024,37530
63470,2025,37547
63470,2026,37483
63470,2027,37385
63470,2028,37302
63470,2029,37208
63470,2030,37084
63470,2031,36950
63470,2032,36811
63470,2033,36639
63470,2034,36456
63470,2035,36238
63470,2036,36033
63470,2037,35808
63470,2038,35554
63470,2039,35295
63470,2040,34989
63470,2041,34690
63470,2042,34373
63548,2005,6457
63548,2006,6360
63548,2007,6257
63548,2008,6106
63548,2009,6008
63548,2010,5918
63548,2011,5795
63548,2012,5664
63548,2013,5540
63548,2014,5443
63548,2015,5400
63548,2016,5402
63548,2017,5250
63548,2018,5222
63548,2019,5281
63548,2020,5348
63548,2021,5358
63548,2022,5367
63548,2023,5360
63548,2024,5361
63548,2025,5351
63548,2026,5347
63548,2027,5330
63548,2028,5296
63548,2029,5272
63548,2030,5250
63548,2031,5230
63548,2032,5186
63548,2033,5151
63548,2034,5117
63548,2035,5081
63548,2036,5021
63548,2037,4982
63548,2038,4938
63548,2039,4889
63548,2040,4833
63548,2041,4782
63548,2042,4720
63594,2005,32308
63594,2006,32143
63594,2007,31962
63594,2008,31770
63594,2009,31580
63594,2010,31405
63594,2011,31263
63594,2012,31096
63594,2013,30928
63594,2014,30807
63594,2015,30687
63594,2016,30683
63594,2017,30654
63594,2018,30756
63594,2019,30970
63594,2020,31188
63594,2021,31329
63594,2022,31394
63594,2023,31368
63594,2024,31400
63594,2025,31408
63594,2026,31350
63594,2027,31296
63594,2028,31218
63594,2029,31117
63594,2030,31008
63594,2031,30905
63594,2032,30776
63594,2033,30617
63594,2034,30491
63594,2035,30316
63594,2036,30125
63594,2037,29945
63594,2038,29722
63594,2039,29498
63594,2040,29255
63594,2041,28995
63594,2042,28714
63690,2005,7983
63690,2006,8071
63690,2007,8133
63690,2008,8176
63690,2009,8257
63690,2010,8376
63690,2011,8519
63690,2012,8584
63690,2013,8616
63690,2014,8716
63690,2015,8867
63690,2016,8947
63690,2017,9069
63690,2018,9257
63690,2019,9536
63690,2020,9816
63690,2021,9960
63690,2022,10064
63690,2023,10151
63690,2024,10264
63690,2025,10306
63690,2026,10372
63690,2027,10424
63690,2028,10451
63690,2029,10462
63690,2030,10478
63690,2031,10481
63690,2032,10462
63690,2033,10445
63690,2034,10381
63690,2035,10364
63690,2036,10300
63690,2037,10228
63690,2038,10153
63690,2039,10075
63690,2040,9999
63690,2041,9890
63690,2042,9784
66001,2005,426566
66001,2006,430198
66001,2007,433632
66001,2008,436494
66001,2009,439370
66001,2010,442493
66001,2011,445438
66001,2012,448174
66001,2013,450422
66001,2014,452676
66001,2015,455559
66001,2016,459033
66001,2017,462668
66001,2018,467261
66001,2019,471992
66001,2020,477044
66001,2021,480898
66001,2022,483139
66001,2023,484084
66001,2024,486042
66001,2025,487359
66001,2026,487820
66001,2027,488044
66001,2028,488044
66001,2029,487840
66001,2030,487471
66001,2031,486854
66001,2032,486079
66001,2033,485074
66001,2034,483863
66001,2035,482431
66001,2036,480756
66001,2037,478873
66001,2038,476772
66001,2039,474407
66001,2040,471824
66001,2041,469012
66001,2042,465968
66045,2005,13941
66045,2006,13842
66045,2007,13658
66045,2008,13551
66045,2009,13425
66045,2010,13292
66045,2011,13129
66045,2012,13011
66045,2013,12929
66045,2014,12844
66045,2015,12643
66045,2016,12488
66045,2017,12468
66045,2018,12399
66045,2019,12572
66045,2020,12740
66045,2021,12801
66045,2022,12809
66045,2023,12760
66045,2024,12754
66045,2025,12753
66045,2026,12698
66045,2027,12648
66045,2028,12599
66045,2029,12538
66045,2030,12460
66045,2031,12375
66045,2032,12315
66045,2033,12223
66045,2034,12129
66045,2035,12042
66045,2036,11927
66045,2037,11797
66045,2038,11669
66045,2039,11543
66045,2040,11431
66045,2041,11296
66045,2042,11148
66075,2005,7578
66075,2006,7539
66075,2007,7454
66075,2008,7319
66075,2009,7150
66075,2010,7018
66075,2011,6901
66075,2012,6805
66075,2013,6719
66075,2014,6646
66075,2015,6595
66075,2016,6514
66075,2017,6510
66075,2018,6421
66075,2019,6549
66075,2020,6680
66075,2021,6693
66075,2022,6685
66075,2023,6654
66075,2024,6647
66075,2025,6630
66075,2026,6601
66075,2027,6563
66075,2028,6509
66075,2029,6451
66075,2030,6414
66075,2031,6358
66075,2032,6295
66075,2033,6222
66075,2034,6163
66075,2035,6095
66075,2036,6010
66075,2037,5954
66075,2038,5871
66075,2039,5797
66075,2040,5708
66075,2041,5614
66075,2042,5538
66088,2005,25543
66088,2006,25478
66088,2007,25423
66088,2008,25309
66088,2009,25210
66088,2010,25157
66088,2011,25099
66088,2012,24962
66088,2013,24828
66088,2014,24803
66088,2015,24684
66088,2016,24803
66088,2017,24669
66088,2018,24705
66088,2019,25007
66088,2020,25362
66088,2021,25436
66088,2022,25441
66088,2023,25385
66088,2024,25391
66088,2025,25361
66088,2026,25277
66088,2027,25197
66088,2028,25082
66088,2029,24974
66088,2030,24834
66088,2031,24704
66088,2032,24549
66088,2033,24394
66088,2034,24207
66088,2035,24033
66088,2036,23833
66088,2037,23611
66088,2038,23386
66088,2039,23161
66088,2040,22915
66088,2041,22645
66088,2042,22381
66170,2005,185340
66170,2006,188123
66170,2007,190824
66170,2008,193204
66170,2009,195605
66170,2010,198093
66170,2011,200541
66170,2012,202746
66170,2013,204771
66170,2014,206786
66170,2015,209111
66170,2016,211592
66170,2017,214163
66170,2018,217176
66170,2019,221201
66170,2020,225377
66170,2021,229758
66170,2022,233392
66170,2023,236459
66170,2024,240061
66170,2025,243418
66170,2026,246388
66170,2027,249256
66170,2028,252071
66170,2029,254802
66170,2030,257497
66170,2031,260111
66170,2032,262668
66170,2033,265120
66170,2034,267488
66170,2035,269751
66170,2036,271919
66170,2037,273991
66170,2038,275919
66170,2039,277720
66170,2040,279367
66170,2041,280904
66170,2042,282285
66318,2005,13118
66318,2006,13055
66318,2007,12912
66318,2008,12835
66318,2009,12749
66318,2010,12725
66318,2011,12617
66318,2012,12498
66318,2013,12430
66318,2014,12386
66318,2015,12254
66318,2016,12195
66318,2017,12160
66318,2018,12149
66318,2019,12376
66318,2020,12580
66318,2021,12621
66318,2022,12615
66318,2023,12585
66318,2024,12548
66318,2025,12526
66318,2026,12461
66318,2027,12426
66318,2028,12349
66318,2029,12282
66318,2030,12198
66318,2031,12125
66318,2032,12015
66318,2033,11931
66318,2034,11812
66318,2035,11705
66318,2036,11573
66318,2037,11451
66318,2038,11328
66318,2039,11180
66318,2040,11030
66318,2041,10889
66318,2042,10743
66383,2005,8308
66383,2006,8246
66383,2007,8198
66383,2008,8132
66383,2009,7985
66383,2010,7879
66383,2011,7915
66383,2012,7893
66383,2013,7797
66383,2014,7673
66383,2015,7633
66383,2016,7568
66383,2017,7479
66383,2018,7509
66383,2019,7626
66383,2020,7759
66383,2021,7781
66383,2022,7773
66383,2023,7740
66383,2024,7749
66383,2025,7733
66383,2026,7700
66383,2027,7687
66383,2028,7651
66383,2029,7584
66383,2030,7542
66383,2031,7497
66383,2032,7444
66383,2033,7394
66383,2034,7339
66383,2035,7258
66383,2036,7201
66383,2037,7126
66383,2038,7041
66383,2039,6956
66383,2040,6888
66383,2041,6805
66383,2042,6706
66400,2005,28824
66400,2006,28781
66400,2007,28695
66400,2008,28602
66400,2009,28516
66400,2010,28451
66400,2011,28381
66400,2012,28289
66400,2013,28183
66400,2014,28056
66400,2015,27974
66400,2016,27939
66400,2017,27943
66400,2018,27918
66400,2019,28010
66400,2020,28126
66400,2021,28275
66400,2022,28340
66400,2023,28321
66400,2024,28384
66400,2025,28417
66400,2026,28386
66400,2027,28361
66400,2028,28327
66400,2029,28281
66400,2030,28219
66400,2031,28142
66400,2032,28072
66400,2033,28005
66400,2034,27889
66400,2035,27784
66400,2036,27675
66400,2037,27530
66400,2038,27406
66400,2039,27246
66400,2040,27083
66400,2041,26889
66400,2042,26705
66440,2005,19291
66440,2006,19146
66440,2007,18924
66440,2008,18710
66440,2009,18509
66440,2010,18329
66440,2011,18132
66440,2012,17924
66440,2013,17716
66440,2014,17556
66440,2015,17422
66440,2016,17253
66440,2017,17058
66440,2018,16934
66440,2019,17167
66440,2020,17398
66440,2021,17443
66440,2022,17449
66440,2023,17389
66440,2024,17421
66440,2025,17379
66440,2026,17320
66440,2027,17277
66440,2028,17214
66440,2029,17117
66440,2030,17022
66440,2031,16949
66440,2032,16834
66440,2033,16739
66440,2034,16618
66440,2035,16489
66440,2036,16344
66440,2037,16230
66440,2038,16049
66440,2039,15903
66440,2040,15736
66440,2041,15554
66440,2042,15370
66456,2005,14900
66456,2006,15018
66456,2007,15189
66456,2008,15320
66456,2009,15442
66456,2010,15588
66456,2011,15754
66456,2012,15962
66456,2013,16140
66456,2014,16230
66456,2015,16325
66456,2016,16512
66456,2017,16699
66456,2018,16935
66456,2019,17414
66456,2020,17914
66456,2021,18080
66456,2022,18212
66456,2023,18270
66456,2024,18387
66456,2025,18455
66456,2026,18515
66456,2027,18559
66456,2028,18567
66456,2029,18566
66456,2030,18572
66456,2031,18538
66456,2032,18504
66456,2033,18468
66456,2034,18426
66456,2035,18339
66456,2036,18255
66456,2037,18153
66456,2038,18046
66456,2039,17941
66456,2040,17808
66456,2041,17678
66456,2042,17538
66572,2005,14179
66572,2006,14319
66572,2007,14464
66572,2008,14575
66572,2009,14724
66572,2010,14852
66572,2011,15036
66572,2012,15163
66572,2013,15304
66572,2014,15448
66572,2015,15596
66572,2016,15779
66572,2017,15943
66572,2018,16174
66572,2019,16759
66572,2020,17403
66572,2021,17688
66572,2022,17901
66572,2023,18093
66572,2024,18266
66572,2025,18445
66572,2026,18544
66572,2027,18645
66572,2028,18694
66572,2029,18755
66572,2030,18766
66572,2031,18769
66572,2032,18744
66572,2033,18692
66572,2034,18636
66572,2035,18566
66572,2036,18442
66572,2037,18325
66572,2038,18179
66572,2039,18008
66572,2040,17849
66572,2041,17656
66572,2042,17447
66594,2005,29026
66594,2006,28881
66594,2007,28714
66594,2008,28531
66594,2009,28363
66594,2010,28231
66594,2011,28107
66594,2012,27938
66594,2013,27678
66594,2014,27565
66594,2015,27457
66594,2016,27229
66594,2017,27181
66594,2018,27308
66594,2019,27784
66594,2020,28305
66594,2021,28357
66594,2022,28341
66594,2023,28256
66594,2024,28224
66594,2025,28154
66594,2026,28053
66594,2027,27903
66594,2028,27741
66594,2029,27571
66594,2030,27390
66594,2031,27175
66594,2032,26974
66594,2033,26720
66594,2034,26485
66594,2035,26214
66594,2036,25942
66594,2037,25665
66594,2038,25333
66594,2039,25023
66594,2040,24692
66594,2041,24351
66594,2042,23996
66682,2005,76620
66682,2006,76800
66682,2007,76950
66682,2008,76950
66682,2009,77004
66682,2010,77081
66682,2011,77184
66682,2012,77206
66682,2013,77121
66682,2014,77042
66682,2015,77109
66682,2016,77296
66682,2017,77472
66682,2018,77840
66682,2019,78945
66682,2020,80114
66682,2021,81115
66682,2022,81841
66682,2023,82318
66682,2024,83030
66682,2025,83602
66682,2026,84054
66682,2027,84426
66682,2028,84782
66682,2029,85106
66682,2030,85398
66682,2031,85649
66682,2032,85867
66682,2033,86078
66682,2034,86198
66682,2035,86326
66682,2036,86379
66682,2037,86403
66682,2038,86381
66682,2039,86322
66682,2040,86209
66682,2041,86072
66682,2042,85864
66687,2005,14740
66687,2006,14595
66687,2007,14363
66687,2008,14265
66687,2009,14074
66687,2010,13805
66687,2011,13662
66687,2012,13516
66687,2013,13375
66687,2014,13254
66687,2015,13081
66687,2016,12845
66687,2017,12751
66687,2018,12664
66687,2019,12810
66687,2020,12999
66687,2021,13037
66687,2022,13058
66687,2023,13024
66687,2024,13026
66687,2025,12993
66687,2026,12968
66687,2027,12908
66687,2028,12861
66687,2029,12810
66687,2030,12747
66687,2031,12675
66687,2032,12596
66687,2033,12505
66687,2034,12419
66687,2035,12316
66687,2036,12222
66687,2037,12109
66687,2038,12002
66687,2039,11864
66687,2040,11735
66687,2041,11606
66687,2042,11467
68001,2005,484962
68001,2006,492693
68001,2007,500260
68001,2008,507605
68001,2009,514867
68001,2010,522105
68001,2011,528984
68001,2012,535617
68001,2013,542098
68001,2014,548447
68001,2015,554885
68001,2016,562123
68001,2017,570253
68001,2018,581138
68001,2019,590543
68001,2020,601668
68001,2021,607264
68001,2022,610214
68001,2023,612638
68001,2024,615463
68001,2025,617659
68001,2026,618548
68001,2027,619155
68001,2028,619549
68001,2029,619788
68001,2030,619876
68001,2031,619832
68001,2032,619652
68001,2033,619357
68001,2034,618926
68001,2035,618385
68001,2036,617711
68001,2037,616912
68001,2038,615966
68001,2039,614908
68001,2040,613712
68001,2041,612361
68001,2042,610880
68013,2005,2060
68013,2006,2037
68013,2007,2003
68013,2008,2003
68013,2009,2017
68013,2010,1979
68013,2011,1942
68013,2012,1916
68013,2013,1894
68013,2014,1868
68013,2015,1857
68013,2016,1845
68013,2017,1844
68013,2018,1848
68013,2019,1856
68013,2020,1889
68013,2021,1886
68013,2022,1893
68013,2023,1904
68013,2024,1891
68013,2025,1892
68013,2026,1912
68013,2027,1896
68013,2028,1899
68013,2029,1888
68013,2030,1892
68013,2031,1880
68013,2032,1873
68013,2033,1855
68013,2034,1836
68013,2035,1834
68013,2036,1817
68013,2037,1786
68013,2038,1766
68013,2039,1757
68013,2040,1727
68013,2041,1707
68013,2042,1694
68020,2005,4789
68020,2006,4719
68020,2007,4639
68020,2008,4604
68020,2009,4551
68020,2010,4512
68020,2011,4458
68020,2012,4418
68020,2013,4363
68020,2014,4316
68020,2015,4279
68020,2016,4253
68020,2017,4175
68020,2018,4093
68020,2019,4137
68020,2020,4182
68020,2021,4208
68020,2022,4225
68020,2023,4218
68020,2024,4223
68020,2025,4236
68020,2026,4245
68020,2027,4224
68020,2028,4235
68020,2029,4208
68020,2030,4208
68020,2031,4187
68020,2032,4166
68020,2033,4132
68020,2034,4115
68020,2035,4054
68020,2036,4004
68020,2037,3967
68020,2038,3934
68020,2039,3877
68020,2040,3829
68020,2041,3796
68020,2042,3753
68051,2005,7727
68051,2006,7784
68051,2007,7806
68051,2008,7852
68051,2009,7907
68051,2010,7935
68051,2011,7973
68051,2012,7973
68051,2013,8030
68051,2014,8066
68051,2015,8047
68051,2016,8042
68051,2017,8127
68051,2018,8223
68051,2019,8431
68051,2020,8632
68051,2021,8725
68051,2022,8759
68051,2023,8810
68051,2024,8824
68051,2025,8854
68051,2026,8844
68051,2027,8810
68051,2028,8811
68051,2029,8775
68051,2030,8762
68051,2031,8711
68051,2032,8680
68051,2033,8645
68051,2034,8566
68051,2035,8547
68051,2036,8489
68051,2037,8412
68051,2038,8372
68051,2039,8318
68051,2040,8252
68051,2041,8182
68051,2042,8104
68077,2005,25317
68077,2006,25746
68077,2007,26220
68077,2008,26672
68077,2009,27087
68077,2010,27508
68077,2011,27933
68077,2012,28289
68077,2013,28547
68077,2014,29007
68077,2015,29372
68077,2016,29784
68077,2017,30401
68077,2018,31192
68077,2019,31749
68077,2020,32248
68077,2021,32707
68077,2022,33088
68077,2023,33402
68077,2024,33724
68077,2025,34021
68077,2026,34242
68077,2027,34456
68077,2028,34658
68077,2029,34868
68077,2030,35027
68077,2031,35189
68077,2032,35342
68077,2033,35486
68077,2034,35601
68077,2035,35708
68077,2036,35879
68077,2037,36023
68077,2038,36145
68077,2039,36256
68077,2040,36329
68077,2041,36402
68077,2042,36427
68079,2005,9074
68079,2006,9176
68079,2007,9285
68079,2008,9395
68079,2009,9520
68079,2010,9618
68079,2011,9725
68079,2012,9745
68079,2013,9840
68079,2014,9918
68079,2015,9994
68079,2016,10061
68079,2017,10266
68079,2018,10500
68079,2019,10964
68079,2020,11474
68079,2021,11833
68079,2022,12114
68079,2023,12392
68079,2024,12657
68079,2025,12935
68079,2026,13156
68079,2027,13347
68079,2028,13553
68079,2029,13744
68079,2030,13928
68079,2031,14097
68079,2032,14222
68079,2033,14400
68079,2034,14535
68079,2035,14656
68079,2036,14764
68079,2037,14892
68079,2038,15004
68079,2039,15099
68079,2040,15162
68079,2041,15240
68079,2042,15314
68081,2005,181263
68081,2006,183041
68081,2007,184791
68081,2008,186460
68081,2009,188110
68081,2010,189727
68081,2011,191231
68081,2012,192673
68081,2013,194104
68081,2014,195446
68081,2015,196832
68081,2016,198513
68081,2017,200583
68081,2018,203539
68081,2019,208608
68081,2020,214541
68081,2021,218533
68081,2022,221373
68081,2023,224011
68081,2024,226559
68081,2025,228836
68081,2026,230559
68081,2027,232137
68081,2028,233623
68081,2029,235039
68081,2030,236400
68081,2031,237707
68081,2032,238970
68081,2033,240193
68081,2034,241355
68081,2035,242444
68081,2036,243512
68081,2037,244491
68081,2038,245416
68081,2039,246286
68081,2040,247066
68081,2041,247810
68081,2042,248468
68092,2005,5833
68092,2006,5843
68092,2007,5830
68092,2008,5841
68092,2009,5851
68092,2010,5848
68092,2011,5862
68092,2012,5880
68092,2013,5888
68092,2014,5898
68092,2015,5886
68092,2016,5868
68092,2017,5885
68092,2018,5941
68092,2019,6158
68092,2020,6355
68092,2021,6483
68092,2022,6578
68092,2023,6664
68092,2024,6747
68092,2025,6835
68092,2026,6886
68092,2027,6935
68092,2028,6994
68092,2029,7060
68092,2030,7086
68092,2031,7122
68092,2032,7163
68092,2033,7187
68092,2034,7212
68092,2035,7246
68092,2036,7275
68092,2037,7257
68092,2038,7276
68092,2039,7300
68092,2040,7317
68092,2041,7306
68092,2042,7310
68101,2005,15679
68101,2006,15291
68101,2007,14951
68101,2008,14584
68101,2009,14211
68101,2010,13854
68101,2011,13478
68101,2012,13136
68101,2013,12791
68101,2014,12462
68101,2015,12123
68101,2016,11769
68101,2017,11479
68101,2018,11174
68101,2019,11291
68101,2020,11459
68101,2021,11495
68101,2022,11520
68101,2023,11529
68101,2024,11558
68101,2025,11571
68101,2026,11573
68101,2027,11573
68101,2028,11551
68101,2029,11521
68101,2030,11468
68101,2031,11409
68101,2032,11346
68101,2033,11265
68101,2034,11191
68101,2035,11081
68101,2036,10978
68101,2037,10864
68101,2038,10737
68101,2039,10604
68101,2040,10477
68101,2041,10351
68101,2042,10221
68121,2005,2164
68121,2006,2125
68121,2007,2072
68121,2008,2076
68121,2009,2061
68121,2010,2068
68121,2011,2063
68121,2012,2060
68121,2013,2044
68121,2014,1993
68121,2015,1943
68121,2016,1903
68121,2017,1903
68121,2018,1946
68121,2019,1984
68121,2020,2025
68121,2021,2060
68121,2022,2075
68121,2023,2092
68121,2024,2117
68121,2025,2135
68121,2026,2116
68121,2027,2149
68121,2028,2116
68121,2029,2114
68121,2030,2110
68121,2031,2109
68121,2032,2116
68121,2033,2092
68121,2034,2080
68121,2035,2067
68121,2036,2073
68121,2037,2063
68121,2038,2048
68121,2039,2036
68121,2040,2015
68121,2041,1981
68121,2042,1996
68132,2005,1752
68132,2006,1765
68132,2007,1799
68132,2008,1847
68132,2009,1893
68132,2010,1923
68132,2011,1991
68132,2012,2014
68132,2013,2029
68132,2014,2052
68132,2015,2061
68132,2016,2074
68132,2017,2093
68132,2018,2129
68132,2019,2187
68132,2020,2297
68132,2021,2347
68132,2022,2400
68132,2023,2425
68132,2024,2465
68132,2025,2498
68132,2026,2536
68132,2027,2558
68132,2028,2591
68132,2029,2614
68132,2030,2645
68132,2031,2639
68132,2032,2689
68132,2033,2703
68132,2034,2722
68132,2035,2745
68132,2036,2757
68132,2037,2764
68132,2038,2786
68132,2039,2797
68132,2040,2830
68132,2041,2819
68132,2042,2831
68147,2005,6314
68147,2006,6284
68147,2007,6211
68147,2008,6158
68147,2009,6104
68147,2010,6029
68147,2011,5967
68147,2012,5887
68147,2013,5834
68147,2014,5767
68147,2015,5702
68147,2016,5662
68147,2017,5476
68147,2018,5512
68147,2019,5665
68147,2020,5843
68147,2021,5944
68147,2022,6039
68147,2023,6123
68147,2024,6215
68147,2025,6279
68147,2026,6334
68147,2027,6386
68147,2028,6457
68147,2029,6507
68147,2030,6564
68147,2031,6610
68147,2032,6657
68147,2033,6700
68147,2034,6753
68147,2035,6800
68147,2036,6846
68147,2037,6883
68147,2038,6908
68147,2039,6956
68147,2040,6974
68147,2041,7014
68147,2042,7059
68152,2005,5093
68152,2006,5027
68152,2007,4985
68152,2008,4880
68152,2009,4844
68152,2010,4781
68152,2011,4767
68152,2012,4686
68152,2013,4613
68152,2014,4541
68152,2015,4428
68152,2016,4386
68152,2017,4282
68152,2018,4287
68152,2019,4418
68152,2020,4589
68152,2021,4663
68152,2022,4721
68152,2023,4794
68152,2024,4852
68152,2025,4920
68152,2026,4929
68152,2027,4985
68152,2028,5025
68152,2029,5067
68152,2030,5095
68152,2031,5121
68152,2032,5140
68152,2033,5156
68152,2034,5177
68152,2035,5189
68152,2036,5211
68152,2037,5200
68152,2038,5212
68152,2039,5220
68152,2040,5213
68152,2041,5217
68152,2042,5220
68160,2005,2182
68160,2006,2160
68160,2007,2140
68160,2008,2123
68160,2009,2109
68160,2010,2097
68160,2011,2094
68160,2012,2090
68160,2013,2050
68160,2014,2028
68160,2015,2015
68160,2016,1986
68160,2017,1997
68160,2018,2014
68160,2019,2077
68160,2020,2118
68160,2021,2125
68160,2022,2157
68160,2023,2159
68160,2024,2167
68160,2025,2188
68160,2026,2182
68160,2027,2176
68160,2028,2196
68160,2029,2170
68160,2030,2159
68160,2031,2166
68160,2032,2161
68160,2033,2150
68160,2034,2142
68160,2035,2137
68160,2036,2114
68160,2037,2106
68160,2038,2086
68160,2039,2083
68160,2040,2064
68160,2041,2042
68160,2042,2038
68162,2005,6412
68162,2006,6450
68162,2007,6455
68162,2008,6498
68162,2009,6518
68162,2010,6547
68162,2011,6572
68162,2012,6581
68162,2013,6600
68162,2014,6612
68162,2015,6624
68162,2016,6596
68162,2017,6640
68162,2018,6734
68162,2019,6904
68162,2020,7127
68162,2021,7236
68162,2022,7327
68162,2023,7421
68162,2024,7482
68162,2025,7553
68162,2026,7606
68162,2027,7634
68162,2028,7684
68162,2029,7712
68162,2030,7732
68162,2031,7776
68162,2032,7795
68162,2033,7834
68162,2034,7839
68162,2035,7849
68162,2036,7882
68162,2037,7863
68162,2038,7875
68162,2039,7876
68162,2040,7895
68162,2041,7887
68162,2042,7885
68167,2005,13813
68167,2006,13683
68167,2007,13552
68167,2008,13430
68167,2009,13299
68167,2010,13175
68167,2011,13032
68167,2012,12912
68167,2013,12779
68167,2014,12595
68167,2015,12451
68167,2016,12330
68167,2017,12318
68167,2018,12270
68167,2019,12613
68167,2020,12996
68167,2021,13226
68167,2022,13397
68167,2023,13553
68167,2024,13688
68167,2025,13841
68167,2026,13922
68167,2027,14019
68167,2028,14108
68167,2029,14184
68167,2030,14263
68167,2031,14317
68167,2032,14377
68167,2033,14444
68167,2034,14500
68167,2035,14539
68167,2036,14568
68167,2037,14616
68167,2038,14639
68167,2039,14679
68167,2040,14715
68167,2041,14731
68167,2042,14744
68169,2005,3170
68169,2006,3159
68169,2007,3115
68169,2008,3054
68169,2009,3035
68169,2010,3049
68169,2011,3019
68169,2012,3025
68169,2013,3005
68169,2014,2987
68169,2015,2928
68169,2016,2868
68169,2017,2862
68169,2018,2883
68169,2019,2986
68169,2020,3083
68169,2021,3135
68169,2022,3182
68169,2023,3233
68169,2024,3252
68169,2025,3298
68169,2026,3325
68169,2027,3349
68169,2028,3376
68169,2029,3411
68169,2030,3433
68169,2031,3447
68169,2032,3459
68169,2033,3487
68169,2034,3494
68169,2035,3503
68169,2036,3515
68169,2037,3527
68169,2038,3540
68169,2039,3546
68169,2040,3555
68169,2041,3578
68169,2042,3573
68176,2005,3219
68176,2006,3252
68176,2007,3177
68176,2008,3170
68176,2009,3165
68176,2010,3144
68176,2011,3122
68176,2012,3085
68176,2013,3048
68176,2014,3026
68176,2015,2984
68176,2016,2939
68176,2017,2853
68176,2018,2865
68176,2019,2966
68176,2020,3074
68176,2021,3109
68176,2022,3160
68176,2023,3203
68176,2024,3243
68176,2025,3283
68176,2026,3319
68176,2027,3351
68176,2028,3351
68176,2029,3403
68176,2030,3399
68176,2031,3448
68176,2032,3453
68176,2033,3472
68176,2034,3508
68176,2035,3505
68176,2036,3517
68176,2037,3524
68176,2038,3524
68176,2039,3544
68176,2040,3562
68176,2041,3554
68176,2042,3552
68179,2005,5712
68179,2006,5612
68179,2007,5564
68179,2008,5527
68179,2009,5454
68179,2010,5409
68179,2011,5361
68179,2012,5319
68179,2013,5271
68179,2014,5208
68179,2015,5156
68179,2016,5167
68179,2017,5082
68179,2018,5032
68179,2019,5078
68179,2020,5184
68179,2021,5200
68179,2022,5213
68179,2023,5223
68179,2024,5247
68179,2025,5242
68179,2026,5248
68179,2027,5247
68179,2028,5241
68179,2029,5231
68179,2030,5215
68179,2031,5192
68179,2032,5150
68179,2033,5106
68179,2034,5069
68179,2035,5029
68179,2036,4964
68179,2037,4919
68179,2038,4859
68179,2039,4803
68179,2040,4745
68179,2041,4697
68179,2042,4642
68190,2005,26661
68190,2006,27110
68190,2007,27576
68190,2008,28021
68190,2009,28483
68190,2010,28912
68190,2011,29392
68190,2012,29841
68190,2013,30277
68190,2014,30699
68190,2015,31159
68190,2016,31660
68190,2017,32236
68190,2018,32862
68190,2019,33127
68190,2020,33492
68190,2021,33629
68190,2022,33685
68190,2023,33725
68190,2024,33782
68190,2025,33830
68190,2026,33807
68190,2027,33787
68190,2028,33726
68190,2029,33670
68190,2030,33588
68190,2031,33479
68190,2032,33372
68190,2033,33235
68190,2034,33078
68190,2035,32915
68190,2036,32785
68190,2037,32628
68190,2038,32462
68190,2039,32283
68190,2040,32072
68190,2041,31875
68190,2042,31663
68207,2005,6295
68207,2006,6221
68207,2007,6178
68207,2008,6163
68207,2009,6096
68207,2010,6050
68207,2011,6031
68207,2012,5987
68207,2013,5958
68207,2014,5905
68207,2015,5838
68207,2016,5803
68207,2017,5727
68207,2018,5738
68207,2019,5846
68207,2020,5987
68207,2021,6055
68207,2022,6071
68207,2023,6092
68207,2024,6125
68207,2025,6116
68207,2026,6111
68207,2027,6113
68207,2028,6093
68207,2029,6082
68207,2030,6061
68207,2031,6028
68207,2032,6022
68207,2033,6004
68207,2034,5958
68207,2035,5925
68207,2036,5890
68207,2037,5870
68207,2038,5828
68207,2039,5808
68207,2040,5752
68207,2041,5716
68207,2042,5680
68209,2005,2752
68209,2006,2817
68209,2007,2829
68209,2008,2840
68209,2009,2846
68209,2010,2886
68209,2011,2905
68209,2012,2934
68209,2013,2977
68209,2014,3059
68209,2015,3096
68209,2016,3108
68209,2017,3123
68209,2018,3181
68209,2019,3258
68209,2020,3407
68209,2021,3474
68209,2022,3525
68209,2023,3574
68209,2024,3613
68209,2025,3674
68209,2026,3712
68209,2027,3746
68209,2028,3772
68209,2029,3797
68209,2030,3819
68209,2031,3854
68209,2032,3864
68209,2033,3899
68209,2034,3915
68209,2035,3928
68209,2036,3945
68209,2037,3966
68209,2038,3984
68209,2039,3983
68209,2040,3981
68209,2041,3981
68209,2042,4012
68211,2005,3875
68211,2006,3863
68211,2007,3826
68211,2008,3788
68211,2009,3771
68211,2010,3801
68211,2011,3768
68211,2012,3789
68211,2013,3768
68211,2014,3737
68211,2015,3668
68211,2016,3599
68211,2017,3621
68211,2018,3668
68211,2019,3771
68211,2020,3887
68211,2021,3956
68211,2022,4021
68211,2023,4082
68211,2024,4144
68211,2025,4199
68211,2026,4247
68211,2027,4282
68211,2028,4328
68211,2029,4359
68211,2030,4410
68211,2031,4431
68211,2032,4447
68211,2033,4494
68211,2034,4526
68211,2035,4561
68211,2036,4589
68211,2037,4617
68211,2038,4654
68211,2039,4681
68211,2040,4706
68211,2041,4745
68211,2042,4761
68217,2005,5775
68217,2006,5733
68217,2007,5676
68217,2008,5612
68217,2009,5547
68217,2010,5476
68217,2011,5391
68217,2012,5374
68217,2013,5291
68217,2014,5214
68217,2015,5161
68217,2016,5125
68217,2017,5030
68217,2018,5008
68217,2019,5172
68217,2020,5373
68217,2021,5459
68217,2022,5519
68217,2023,5594
68217,2024,5662
68217,2025,5715
68217,2026,5796
68217,2027,5823
68217,2028,5858
68217,2029,5895
68217,2030,5937
68217,2031,5967
68217,2032,6017
68217,2033,6034
68217,2034,6040
68217,2035,6069
68217,2036,6081
68217,2037,6091
68217,2038,6102
68217,2039,6109
68217,2040,6113
68217,2041,6132
68217,2042,6111
68229,2005,11211
68229,2006,11320
68229,2007,11442
68229,2008,11537
68229,2009,11634
68229,2010,11779
68229,2011,11836
68229,2012,11905
68229,2013,11977
68229,2014,12079
68229,2015,12145
68229,2016,12330
68229,2017,12495
68229,2018,12719
68229,2019,13122
68229,2020,13589
68229,2021,13868
68229,2022,14060
68229,2023,14236
68229,2024,14441
68229,2025,14607
68229,2026,14751
68229,2027,14850
68229,2028,14964
68229,2029,15073
68229,2030,15184
68229,2031,15269
68229,2032,15343
68229,2033,15433
68229,2034,15500
68229,2035,15566
68229,2036,15632
68229,2037,15668
68229,2038,15710
68229,2039,15759
68229,2040,15804
68229,2041,15823
68229,2042,15842
68235,2005,17938
68235,2006,18136
68235,2007,18351
68235,2008,18548
68235,2009,18760
68235,2010,18935
68235,2011,19179
68235,2012,19370
68235,2013,19594
68235,2014,19803
68235,2015,20019
68235,2016,20295
68235,2017,20579
68235,2018,20913
68235,2019,21697
68235,2020,22561
68235,2021,23088
68235,2022,23460
68235,2023,23852
68235,2024,24214
68235,2025,24554
68235,2026,24855
68235,2027,25128
68235,2028,25387
68235,2029,25624
68235,2030,25853
68235,2031,26059
68235,2032,26268
68235,2033,26440
68235,2034,26597
68235,2035,26772
68235,2036,26903
68235,2037,27022
68235,2038,27157
68235,2039,27272
68235,2040,27374
68235,2041,27443
68235,2042,27533
68245,2005,2395
68245,2006,2432
68245,2007,2378
68245,2008,2290
68245,2009,2270
68245,2010,2268
68245,2011,2251
68245,2012,2276
68245,2013,2237
68245,2014,2212
68245,2015,2194
68245,2016,2151
68245,2017,2137
68245,2018,2147
68245,2019,2175
68245,2020,2209
68245,2021,2211
68245,2022,2218
68245,2023,2209
68245,2024,2201
68245,2025,2221
68245,2026,2216
68245,2027,2227
68245,2028,2225
68245,2029,2208
68245,2030,2219
68245,2031,2200
68245,2032,2176
68245,2033,2169
68245,2034,2173
68245,2035,2149
68245,2036,2151
68245,2037,2116
68245,2038,2111
68245,2039,2093
68245,2040,2088
68245,2041,2048
68245,2042,2029
68250,2005,5668
68250,2006,5595
68250,2007,5621
68250,2008,5577
68250,2009,5556
68250,2010,5534
68250,2011,5494
68250,2012,5473
68250,2013,5428
68250,2014,5383
68250,2015,5336
68250,2016,5311
68250,2017,5272
68250,2018,5230
68250,2019,5270
68250,2020,5357
68250,2021,5356
68250,2022,5337
68250,2023,5340
68250,2024,5351
68250,2025,5328
68250,2026,5321
68250,2027,5304
68250,2028,5261
68250,2029,5240
68250,2030,5216
68250,2031,5160
68250,2032,5111
68250,2033,5066
68250,2034,5012
68250,2035,4933
68250,2036,4875
68250,2037,4809
68250,2038,4720
68250,2039,4671
68250,2040,4594
68250,2041,4511
68250,2042,4440
68255,2005,13390
68255,2006,13409
68255,2007,13426
68255,2008,13436
68255,2009,13447
68255,2010,13483
68255,2011,13498
68255,2012,13477
68255,2013,13473
68255,2014,13429
68255,2015,13413
68255,2016,13404
68255,2017,13543
68255,2018,13714
68255,2019,14073
68255,2020,14487
68255,2021,14693
68255,2022,14847
68255,2023,14985
68255,2024,15124
68255,2025,15214
68255,2026,15294
68255,2027,15355
68255,2028,15409
68255,2029,15447
68255,2030,15478
68255,2031,15511
68255,2032,15537
68255,2033,15555
68255,2034,15563
68255,2035,15589
68255,2036,15589
68255,2037,15588
68255,2038,15580
68255,2039,15554
68255,2040,15546
68255,2041,15498
68255,2042,15487
68264,2005,2677
68264,2006,2693
68264,2007,2729
68264,2008,2722
68264,2009,2684
68264,2010,2645
68264,2011,2616
68264,2012,2598
68264,2013,2584
68264,2014,2575
68264,2015,2557
68264,2016,2535
68264,2017,2528
68264,2018,2548
68264,2019,2621
68264,2020,2717
68264,2021,2774
68264,2022,2805
68264,2023,2850
68264,2024,2898
68264,2025,2926
68264,2026,2926
68264,2027,2961
68264,2028,2985
68264,2029,3007
68264,2030,3030
68264,2031,3033
68264,2032,3064
68264,2033,3068
68264,2034,3088
68264,2035,3093
68264,2036,3113
68264,2037,3124
68264,2038,3118
68264,2039,3124
68264,2040,3127
68264,2041,3133
68264,2042,3135
68266,2005,4001
68266,2006,3929
68266,2007,3892
68266,2008,3829
68266,2009,3833
68266,2010,3774
68266,2011,3712
68266,2012,3687
68266,2013,3654
68266,2014,3623
68266,2015,3597
68266,2016,3571
68266,2017,3446
68266,2018,3457
68266,2019,3571
68266,2020,3695
68266,2021,3761
68266,2022,3795
68266,2023,3860
68266,2024,3921
68266,2025,3960
68266,2026,3997
68266,2027,4011
68266,2028,4060
68266,2029,4074
68266,2030,4125
68266,2031,4131
68266,2032,4138
68266,2033,4169
68266,2034,4188
68266,2035,4205
68266,2036,4219
68266,2037,4224
68266,2038,4241
68266,2039,4240
68266,2040,4274
68266,2041,4270
68266,2042,4287
68271,2005,6011
68271,2006,5978
68271,2007,5989
68271,2008,5921
68271,2009,5871
68271,2010,5832
68271,2011,5802
68271,2012,5789
68271,2013,5758
68271,2014,5705
68271,2015,5667
68271,2016,5637
68271,2017,5563
68271,2018,5535
68271,2019,5570
68271,2020,5655
68271,2021,5659
68271,2022,5685
68271,2023,5694
68271,2024,5703
68271,2025,5706
68271,2026,5699
68271,2027,5701
68271,2028,5698
68271,2029,5662
68271,2030,5658
68271,2031,5617
68271,2032,5597
68271,2033,5556
68271,2034,5512
68271,2035,5482
68271,2036,5431
68271,2037,5405
68271,2038,5340
68271,2039,5306
68271,2040,5245
68271,2041,5167
68271,2042,5121
68276,2005,231908
68276,2006,236668
68276,2007,241392
68276,2008,245996
68276,2009,250517
68276,2010,255032
68276,2011,259380
68276,2012,263601
68276,2013,267769
68276,2014,271859
68276,2015,275996
68276,2016,280553
68276,2017,285508
68276,2018,291930
68276,2019,297269
68276,2020,303439
68276,2021,306773
68276,2022,308787
68276,2023,310552
68276,2024,312530
68276,2025,314188
68276,2026,315194
68276,2027,316053
68276,2028,316823
68276,2029,317485
68276,2030,318100
68276,2031,318669
68276,2032,319151
68276,2033,319573
68276,2034,319935
68276,2035,320227
68276,2036,320451
68276,2037,320604
68276,2038,320710
68276,2039,320726
68276,2040,320670
68276,2041,320567
68276,2042,320381
68296,2005,3175
68296,2006,3138
68296,2007,3113
68296,2008,3090
68296,2009,3062
68296,2010,3035
68296,2011,3025
68296,2012,2998
68296,2013,3004
68296,2014,2999
68296,2015,2980
68296,2016,2900
68296,2017,2860
68296,2018,2892
68296,2019,2959
68296,2020,3025
68296,2021,3028
68296,2022,3057
68296,2023,3069
68296,2024,3063
68296,2025,3079
68296,2026,3065
68296,2027,3052
68296,2028,3052
68296,2029,3042
68296,2030,3022
68296,2031,3002
68296,2032,2994
68296,2033,2959
68296,2034,2953
68296,2035,2924
68296,2036,2909
68296,2037,2877
68296,2038,2860
68296,2039,2838
68296,2040,2803
68296,2041,2789
68296,2042,2757
68298,2005,4502
68298,2006,4491
68298,2007,4443
68298,2008,4427
68298,2009,4389
68298,2010,4296
68298,2011,4250
68298,2012,4199
68298,2013,4169
68298,2014,4156
68298,2015,4118
68298,2016,4107
68298,2017,4019
68298,2018,3993
68298,2019,4028
68298,2020,4079
68298,2021,4086
68298,2022,4093
68298,2023,4110
68298,2024,4110
68298,2025,4111
68298,2026,4123
68298,2027,4121
68298,2028,4110
68298,2029,4112
68298,2030,4087
68298,2031,4062
68298,2032,4046
68298,2033,4017
68298,2034,3977
68298,2035,3963
68298,2036,3931
68298,2037,3876
68298,2038,3850
68298,2039,3793
68298,2040,3749
68298,2041,3710
68298,2042,3646
68307,2005,116868
68307,2006,120256
68307,2007,123604
68307,2008,126935
68307,2009,130227
68307,2010,133518
68307,2011,136721
68307,2012,139843
68307,2013,142982
68307,2014,146055
68307,2015,149171
68307,2016,152478
68307,2017,156057
68307,2018,160393
68307,2019,163955
68307,2020,167976
68307,2021,170309
68307,2022,171911
68307,2023,173400
68307,2024,175000
68307,2025,176444
68307,2026,177523
68307,2027,178537
68307,2028,179467
68307,2029,180388
68307,2030,181258
68307,2031,182085
68307,2032,182880
68307,2033,183658
68307,2034,184384
68307,2035,185067
68307,2036,185716
68307,2037,186327
68307,2038,186876
68307,2039,187417
68307,2040,187886
68307,2041,188331
68307,2042,188717
68318,2005,6700
68318,2006,6581
68318,2007,6549
68318,2008,6477
68318,2009,6419
68318,2010,6369
68318,2011,6319
68318,2012,6280
68318,2013,6226
68318,2014,6124
68318,2015,6051
68318,2016,5999
68318,2017,5973
68318,2018,5923
68318,2019,6093
68318,2020,6304
68318,2021,6412
68318,2022,6527
68318,2023,6621
68318,2024,6668
68318,2025,6754
68318,2026,6824
68318,2027,6868
68318,2028,6926
68318,2029,6969
68318,2030,7016
68318,2031,7059
68318,2032,7091
68318,2033,7146
68318,2034,7158
68318,2035,7191
68318,2036,7207
68318,2037,7235
68318,2038,7264
68318,2039,7272
68318,2040,7283
68318,2041,7305
68318,2042,7303
68320,2005,5440
68320,2006,5381
68320,2007,5286
68320,2008,5196
68320,2009,5123
68320,2010,5053
68320,2011,5001
68320,2012,4925
68320,2013,4837
68320,2014,4760
68320,2015,4676
68320,2016,4624
68320,2017,4550
68320,2018,4503
68320,2019,4522
68320,2020,4575
68320,2021,4589
68320,2022,4601
68320,2023,4602
68320,2024,4608
68320,2025,4615
68320,2026,4625
68320,2027,4608
68320,2028,4603
68320,2029,4587
68320,2030,4587
68320,2031,4567
68320,2032,4541
68320,2033,4535
68320,2034,4515
68320,2035,4490
68320,2036,4442
68320,2037,4447
68320,2038,4399
68320,2039,4367
68320,2040,4329
68320,2041,4313
68320,2042,4276
68322,2005,2319
68322,2006,2347
68322,2007,2386
68322,2008,2370
68322,2009,2358
68322,2010,2354
68322,2011,2339
68322,2012,2338
68322,2013,2331
68322,2014,2335
68322,2015,2326
68322,2016,2333
68322,2017,2355
68322,2018,2360
68322,2019,2461
68322,2020,2506
68322,2021,2561
68322,2022,2580
68322,2023,2597
68322,2024,2634
68322,2025,2652
68322,2026,2666
68322,2027,2663
68322,2028,2671
68322,2029,2680
68322,2030,2677
68322,2031,2691
68322,2032,2694
68322,2033,2678
68322,2034,2693
68322,2035,2674
68322,2036,2670
68322,2037,2668
68322,2038,2675
68322,2039,2655
68322,2040,2656
68322,2041,2657
68322,2042,2636
68324,2005,4937
68324,2006,4914
68324,2007,4861
68324,2008,4822
68324,2009,4770
68324,2010,4703
68324,2011,4609
68324,2012,4513
68324,2013,4471
68324,2014,4420
68324,2015,4363
68324,2016,4339
68324,2017,4267
68324,2018,4198
68324,2019,4244
68324,2020,4289
68324,2021,4291
68324,2022,4311
68324,2023,4309
68324,2024,4326
68324,2025,4314
68324,2026,4316
68324,2027,4292
68324,2028,4290
68324,2029,4259
68324,2030,4242
68324,2031,4224
68324,2032,4180
68324,2033,4155
68324,2034,4114
68324,2035,4090
68324,2036,4035
68324,2037,3999
68324,2038,3955
68324,2039,3922
68324,2040,3879
68324,2041,3822
68324,2042,3794
68327,2005,4500
68327,2006,4547
68327,2007,4587
68327,2008,4628
68327,2009,4713
68327,2010,4761
68327,2011,4765
68327,2012,4826
68327,2013,4931
68327,2014,4962
68327,2015,4951
68327,2016,4968
68327,2017,5032
68327,2018,5126
68327,2019,5211
68327,2020,5304
68327,2021,5392
68327,2022,5443
68327,2023,5508
68327,2024,5560
68327,2025,5613
68327,2026,5657
68327,2027,5688
68327,2028,5731
68327,2029,5745
68327,2030,5761
68327,2031,5778
68327,2032,5805
68327,2033,5832
68327,2034,5841
68327,2035,5839
68327,2036,5869
68327,2037,5883
68327,2038,5875
68327,2039,5889
68327,2040,5895
68327,2041,5856
68327,2042,5869
68344,2005,2301
68344,2006,2282
68344,2007,2305
68344,2008,2288
68344,2009,2319
68344,2010,2311
68344,2011,2324
68344,2012,2321
68344,2013,2306
68344,2014,2309
68344,2015,2303
68344,2016,2310
68344,2017,2311
68344,2018,2317
68344,2019,2398
68344,2020,2476
68344,2021,2542
68344,2022,2568
68344,2023,2600
68344,2024,2618
68344,2025,2662
68344,2026,2686
68344,2027,2704
68344,2028,2724
68344,2029,2753
68344,2030,2763
68344,2031,2786
68344,2032,2780
68344,2033,2807
68344,2034,2813
68344,2035,2829
68344,2036,2836
68344,2037,2843
68344,2038,2864
68344,2039,2867
68344,2040,2870
68344,2041,2885
68344,2042,2889
68368,2005,3634
68368,2006,3616
68368,2007,3595
68368,2008,3564
68368,2009,3535
68368,2010,3508
68368,2011,3488
68368,2012,3443
68368,2013,3420
68368,2014,3396
68368,2015,3366
68368,2016,3327
68368,2017,3312
68368,2018,3327
68368,2019,3350
68368,2020,3401
68368,2021,3412
68368,2022,3416
68368,2023,3428
68368,2024,3429
68368,2025,3436
68368,2026,3426
68368,2027,3424
68368,2028,3436
68368,2029,3431
68368,2030,3411
68368,2031,3393
68368,2032,3375
68368,2033,3345
68368,2034,3331
68368,2035,3303
68368,2036,3280
68368,2037,3253
68368,2038,3201
68368,2039,3192
68368,2040,3157
68368,2041,3124
68368,2042,3087
68370,2005,1282
68370,2006,1276
68370,2007,1273
68370,2008,1268
68370,2009,1262
68370,2010,1305
68370,2011,1308
68370,2012,1309
68370,2013,1305
68370,2014,1298
68370,2015,1291
68370,2016,1306
68370,2017,1308
68370,2018,1330
68370,2019,1431
68370,2020,1477
68370,2021,1509
68370,2022,1508
68370,2023,1531
68370,2024,1551
68370,2025,1564
68370,2026,1559
68370,2027,1575
68370,2028,1578
68370,2029,1583
68370,2030,1596
68370,2031,1597
68370,2032,1603
68370,2033,1625
68370,2034,1621
68370,2035,1611
68370,2036,1616
68370,2037,1629
68370,2038,1639
68370,2039,1632
68370,2040,1655
68370,2041,1651
68370,2042,1642
68377,2005,7113
68377,2006,7051
68377,2007,6988
68377,2008,6929
68377,2009,6846
68377,2010,6756
68377,2011,6685
68377,2012,6615
68377,2013,6537
68377,2014,6454
68377,2015,6358
68377,2016,6299
68377,2017,6276
68377,2018,6169
68377,2019,6210
68377,2020,6283
68377,2021,6308
68377,2022,6303
68377,2023,6321
68377,2024,6336
68377,2025,6341
68377,2026,6342
68377,2027,6349
68377,2028,6340
68377,2029,6317
68377,2030,6294
68377,2031,6260
68377,2032,6248
68377,2033,6222
68377,2034,6175
68377,2035,6108
68377,2036,6083
68377,2037,6041
68377,2038,5973
68377,2039,5934
68377,2040,5897
68377,2041,5824
68377,2042,5778
68385,2005,10503
68385,2006,10482
68385,2007,10490
68385,2008,10465
68385,2009,10444
68385,2010,10437
68385,2011,10415
68385,2012,10365
68385,2013,10313
68385,2014,10323
68385,2015,10308
68385,2016,10251
68385,2017,10289
68385,2018,10323
68385,2019,10408
68385,2020,10533
68385,2021,10554
68385,2022,10572
68385,2023,10597
68385,2024,10619
68385,2025,10629
68385,2026,10632
68385,2027,10613
68385,2028,10625
68385,2029,10584
68385,2030,10559
68385,2031,10524
68385,2032,10477
68385,2033,10423
68385,2034,10358
68385,2035,10281
68385,2036,10214
68385,2037,10149
68385,2038,10080
68385,2039,9978
68385,2040,9914
68385,2041,9828
68385,2042,9716
68397,2005,5825
68397,2006,5764
68397,2007,5674
68397,2008,5601
68397,2009,5560
68397,2010,5480
68397,2011,5411
68397,2012,5336
68397,2013,5254
68397,2014,5185
68397,2015,5096
68397,2016,5071
68397,2017,4994
68397,2018,4911
68397,2019,4961
68397,2020,5036
68397,2021,5053
68397,2022,5075
68397,2023,5058
68397,2024,5075
68397,2025,5085
68397,2026,5077
68397,2027,5085
68397,2028,5069
68397,2029,5053
68397,2030,5043
68397,2031,5026
68397,2032,4985
68397,2033,4946
68397,2034,4894
68397,2035,4857
68397,2036,4814
68397,2037,4777
68397,2038,4712
68397,2039,4677
68397,2040,4606
68397,2041,4546
68397,2042,4495
68406,2005,33858
68406,2006,34445
68406,2007,35046
68406,2008,35615
68406,2009,36184
68406,2010,36778
68406,2011,37393
68406,2012,37929
68406,2013,38457
68406,2014,39028
68406,2015,39610
68406,2016,40177
68406,2017,40880
68406,2018,41845
68406,2019,43592
68406,2020,45511
68406,2021,46895
68406,2022,48027
68406,2023,49127
68406,2024,50221
68406,2025,51241
68406,2026,52119
68406,2027,52961
68406,2028,53763
68406,2029,54536
68406,2030,55288
68406,2031,55998
68406,2032,56680
68406,2033,57335
68406,2034,57949
68406,2035,58577
68406,2036,59133
68406,2037,59686
68406,2038,60185
68406,2039,60671
68406,2040,61126
68406,2041,61570
68406,2042,61948
68418,2005,11957
68418,2006,12101
68418,2007,12235
68418,2008,12410
68418,2009,12505
68418,2010,12623
68418,2011,12814
68418,2012,12927
68418,2013,13090
68418,2014,13245
68418,2015,13426
68418,2016,13593
68418,2017,13826
68418,2018,14102
68418,2019,14710
68418,2020,15362
68418,2021,15778
68418,2022,16135
68418,2023,16430
68418,2024,16737
68418,2025,17016
68418,2026,17263
68418,2027,17493
68418,2028,17693
68418,2029,17918
68418,2030,18071
68418,2031,18239
68418,2032,18397
68418,2033,18529
68418,2034,18667
68418,2035,18765
68418,2036,18882
68418,2037,18966
68418,2038,19032
68418,2039,19114
68418,2040,19144
68418,2041,19217
68418,2042,19247
68425,2005,3103
68425,2006,3061
68425,2007,2971
68425,2008,2901
68425,2009,2854
68425,2010,2769
68425,2011,2697
68425,2012,2636
68425,2013,2546
68425,2014,2437
68425,2015,2382
68425,2016,2323
68425,2017,2209
68425,2018,2157
68425,2019,2235
68425,2020,2311
68425,2021,2357
68425,2022,2369
68425,2023,2402
68425,2024,2430
68425,2025,2458
68425,2026,2475
68425,2027,2505
68425,2028,2535
68425,2029,2546
68425,2030,2562
68425,2031,2585
68425,2032,2598
68425,2033,2597
68425,2034,2626
68425,2035,2616
68425,2036,2639
68425,2037,2637
68425,2038,2661
68425,2039,2651
68425,2040,2652
68425,2041,2658
68425,2042,2648
68432,2005,18876
68432,2006,19033
68432,2007,19195
68432,2008,19359
68432,2009,19510
68432,2010,19703
68432,2011,19866
68432,2012,19978
68432,2013,20026
68432,2014,20113
68432,2015,20275
68432,2016,20422
68432,2017,20596
68432,2018,20945
68432,2019,21541
68432,2020,22228
68432,2021,22715
68432,2022,23102
68432,2023,23449
68432,2024,23796
68432,2025,24116
68432,2026,24394
68432,2027,24645
68432,2028,24884
68432,2029,25126
68432,2030,25362
68432,2031,25587
68432,2032,25816
68432,2033,26021
68432,2034,26249
68432,2035,26458
68432,2036,26665
68432,2037,26883
68432,2038,27054
68432,2039,27255
68432,2040,27433
68432,2041,27615
68432,2042,27779
68444,2005,5282
68444,2006,5239
68444,2007,5243
68444,2008,5211
68444,2009,5204
68444,2010,5185
68444,2011,5154
68444,2012,5183
68444,2013,5142
68444,2014,5023
68444,2015,4954
68444,2016,4945
68444,2017,4941
68444,2018,4977
68444,2019,5143
68444,2020,5306
68444,2021,5390
68444,2022,5490
68444,2023,5543
68444,2024,5607
68444,2025,5673
68444,2026,5727
68444,2027,5797
68444,2028,5821
68444,2029,5879
68444,2030,5907
68444,2031,5934
68444,2032,5972
68444,2033,6014
68444,2034,6023
68444,2035,6052
68444,2036,6074
68444,2037,6096
68444,2038,6124
68444,2039,6123
68444,2040,6140
68444,2041,6141
68444,2042,6148
68464,2005,11124
68464,2006,11080
68464,2007,10968
68464,2008,10944
68464,2009,10874
68464,2010,10846
68464,2011,10801
68464,2012,10741
68464,2013,10673
68464,2014,10602
68464,2015,10543
68464,2016,10531
68464,2017,10499
68464,2018,10522
68464,2019,10742
68464,2020,10986
68464,2021,11096
68464,2022,11132
68464,2023,11170
68464,2024,11185
68464,2025,11181
68464,2026,11178
68464,2027,11136
68464,2028,11093
68464,2029,11056
68464,2030,11015
68464,2031,10939
68464,2032,10890
68464,2033,10830
68464,2034,10770
68464,2035,10685
68464,2036,10628
68464,2037,10552
68464,2038,10458
68464,2039,10377
68464,2040,10276
68464,2041,10195
68464,2042,10097
68468,2005,5432
68468,2006,5350
68468,2007,5234
68468,2008,5139
68468,2009,5048
68468,2010,4941
68468,2011,4824
68468,2012,4726
68468,2013,4620
68468,2014,4513
68468,2015,4389
68468,2016,4314
68468,2017,4240
68468,2018,4135
68468,2019,4270
68468,2020,4398
68468,2021,4495
68468,2022,4563
68468,2023,4614
68468,2024,4660
68468,2025,4716
68468,2026,4761
68468,2027,4817
68468,2028,4847
68468,2029,4867
68468,2030,4889
68468,2031,4939
68468,2032,4950
68468,2033,4970
68468,2034,5004
68468,2035,5003
68468,2036,5015
68468,2037,5043
68468,2038,5042
68468,2039,5057
68468,2040,5037
68468,2041,5055
68468,2042,5033
68498,2005,5333
68498,2006,5377
68498,2007,5366
68498,2008,5401
68498,2009,5434
68498,2010,5469
68498,2011,5492
68498,2012,5524
68498,2013,5527
68498,2014,5533
68498,2015,5538
68498,2016,5570
68498,2017,5603
68498,2018,5652
68498,2019,5862
68498,2020,6084
68498,2021,6204
68498,2022,6298
68498,2023,6392
68498,2024,6494
68498,2025,6563
68498,2026,6631
68498,2027,6698
68498,2028,6737
68498,2029,6780
68498,2030,6846
68498,2031,6878
68498,2032,6915
68498,2033,6946
68498,2034,6956
68498,2035,6991
68498,2036,7009
68498,2037,7029
68498,2038,7043
68498,2039,7061
68498,2040,7067
68498,2041,7050
68498,2042,7061
68500,2005,9912
68500,2006,9976
68500,2007,10053
68500,2008,10125
68500,2009,10180
68500,2010,10246
68500,2011,10329
68500,2012,10422
68500,2013,10424
68500,2014,10497
68500,2015,10509
68500,2016,10530
68500,2017,10666
68500,2018,10795
68500,2019,11032
68500,2020,11308
68500,2021,11439
68500,2022,11493
68500,2023,11536
68500,2024,11595
68500,2025,11609
68500,2026,11617
68500,2027,11604
68500,2028,11592
68500,2029,11577
68500,2030,11509
68500,2031,11517
68500,2032,11469
68500,2033,11420
68500,2034,11382
68500,2035,11318
68500,2036,11274
68500,2037,11217
68500,2038,11150
68500,2039,11085
68500,2040,11014
68500,2041,10945
68500,2042,10857
68502,2005,5621
68502,2006,5502
68502,2007,5381
68502,2008,5263
68502,2009,5137
68502,2010,5039
68502,2011,4928
68502,2012,4797
68502,2013,4693
68502,2014,4584
68502,2015,4492
68502,2016,4377
68502,2017,4300
68502,2018,4193
68502,2019,4311
68502,2020,4458
68502,2021,4535
68502,2022,4596
68502,2023,4657
68502,2024,4721
68502,2025,4764
68502,2026,4819
68502,2027,4861
68502,2028,4891
68502,2029,4928
68502,2030,4963
68502,2031,5000
68502,2032,5030
68502,2033,5033
68502,2034,5072
68502,2035,5080
68502,2036,5102
68502,2037,5123
68502,2038,5137
68502,2039,5154
68502,2040,5163
68502,2041,5182
68502,2042,5191
68522,2005,1261
68522,2006,1264
68522,2007,1261
68522,2008,1253
68522,2009,1271
68522,2010,1307
68522,2011,1333
68522,2012,1330
68522,2013,1334
68522,2014,1363
68522,2015,1381
68522,2016,1361
68522,2017,1352
68522,2018,1366
68522,2019,1401
68522,2020,1457
68522,2021,1484
68522,2022,1490
68522,2023,1521
68522,2024,1523
68522,2025,1545
68522,2026,1548
68522,2027,1575
68522,2028,1577
68522,2029,1595
68522,2030,1605
68522,2031,1609
68522,2032,1630
68522,2033,1643
68522,2034,1650
68522,2035,1655
68522,2036,1667
68522,2037,1656
68522,2038,1673
68522,2039,1685
68522,2040,1687
68522,2041,1693
68522,2042,1698
68524,2005,2327
68524,2006,2365
68524,2007,2377
68524,2008,2381
68524,2009,2385
68524,2010,2401
68524,2011,2414
68524,2012,2487
68524,2013,2501
68524,2014,2504
68524,2015,2504
68524,2016,2502
68524,2017,2508
68524,2018,2534
68524,2019,2603
68524,2020,2678
68524,2021,2727
68524,2022,2745
68524,2023,2762
68524,2024,2789
68524,2025,2816
68524,2026,2814
68524,2027,2825
68524,2028,2845
68524,2029,2849
68524,2030,2834
68524,2031,2863
68524,2032,2844
68524,2033,2834
68524,2034,2837
68524,2035,2840
68524,2036,2853
68524,2037,2816
68524,2038,2819
68524,2039,2813
68524,2040,2794
68524,2041,2789
68524,2042,2784
68533,2005,3943
68533,2006,3994
68533,2007,4060
68533,2008,4062
68533,2009,4154
68533,2010,4242
68533,2011,4312
68533,2012,4376
68533,2013,4456
68533,2014,4492
68533,2015,4516
68533,2016,4559
68533,2017,4596
68533,2018,4655
68533,2019,4836
68533,2020,5048
68533,2021,5179
68533,2022,5292
68533,2023,5382
68533,2024,5496
68533,2025,5581
68533,2026,5666
68533,2027,5734
68533,2028,5796
68533,2029,5872
68533,2030,5955
68533,2031,5983
68533,2032,6061
68533,2033,6088
68533,2034,6146
68533,2035,6172
68533,2036,6219
68533,2037,6261
68533,2038,6292
68533,2039,6320
68533,2040,6342
68533,2041,6373
68533,2042,6388
68547,2005,122004
68547,2006,125784
68547,2007,129531
68547,2008,133245
68547,2009,136929
68547,2010,140607
68547,2011,144171
68547,2012,147676
68547,2013,151179
68547,2014,154625
68547,2015,158135
68547,2016,161847
68547,2017,165817
68547,2018,170632
68547,2019,175470
68547,2020,180828
68547,2021,183872
68547,2022,186022
68547,2023,187910
68547,2024,189863
68547,2025,191588
68547,2026,192888
68547,2027,194070
68547,2028,195195
68547,2029,196232
68547,2030,197233
68547,2031,198174
68547,2032,199096
68547,2033,199939
68547,2034,200760
68547,2035,201528
68547,2036,202253
68547,2037,202929
68547,2038,203574
68547,2039,204136
68547,2040,204685
68547,2041,205155
68547,2042,205590
68549,2005,4494
68549,2006,4552
68549,2007,4612
68549,2008,4657
68549,2009,4678
68549,2010,4760
68549,2011,4819
68549,2012,4864
68549,2013,4917
68549,2014,4967
68549,2015,5016
68549,2016,5062
68549,2017,5103
68549,2018,5156
68549,2019,5355
68549,2020,5578
68549,2021,5698
68549,2022,5794
68549,2023,5905
68549,2024,6013
68549,2025,6088
68549,2026,6171
68549,2027,6248
68549,2028,6319
68549,2029,6381
68549,2030,6447
68549,2031,6505
68549,2032,6547
68549,2033,6609
68549,2034,6676
68549,2035,6721
68549,2036,6758
68549,2037,6818
68549,2038,6845
68549,2039,6871
68549,2040,6904
68549,2041,6942
68549,2042,6975
68572,2005,14860
68572,2006,14784
68572,2007,14744
68572,2008,14749
68572,2009,14707
68572,2010,14667
68572,2011,14620
68572,2012,14565
68572,2013,14540
68572,2014,14513
68572,2015,14472
68572,2016,14439
68572,2017,14535
68572,2018,14602
68572,2019,14766
68572,2020,14982
68572,2021,15097
68572,2022,15132
68572,2023,15194
68572,2024,15257
68572,2025,15311
68572,2026,15349
68572,2027,15372
68572,2028,15371
68572,2029,15385
68572,2030,15378
68572,2031,15338
68572,2032,15324
68572,2033,15272
68572,2034,15225
68572,2035,15152
68572,2036,15084
68572,2037,15045
68572,2038,14967
68572,2039,14885
68572,2040,14819
68572,2041,14716
68572,2042,14638
68573,2005,6877
68573,2006,6952
68573,2007,7011
68573,2008,7056
68573,2009,7149
68573,2010,7124
68573,2011,7210
68573,2012,7273
68573,2013,7315
68573,2014,7356
68573,2015,7432
68573,2016,7493
68573,2017,7524
68573,2018,7636
68573,2019,7918
68573,2020,8235
68573,2021,8444
68573,2022,8597
68573,2023,8745
68573,2024,8892
68573,2025,9045
68573,2026,9155
68573,2027,9270
68573,2028,9385
68573,2029,9495
68573,2030,9593
68573,2031,9707
68573,2032,9797
68573,2033,9881
68573,2034,9974
68573,2035,10047
68573,2036,10148
68573,2037,10203
68573,2038,10280
68573,2039,10364
68573,2040,10409
68573,2041,10465
68573,2042,10541
68575,2005,28280
68575,2006,28619
68575,2007,28941
68575,2008,29222
68575,2009,29549
68575,2010,29864
68575,2011,30190
68575,2012,30527
68575,2013,30794
68575,2014,31082
68575,2015,31439
68575,2016,31762
68575,2017,32165
68575,2018,32781
68575,2019,33635
68575,2020,34629
68575,2021,35148
68575,2022,35494
68575,2023,35802
68575,2024,36099
68575,2025,36359
68575,2026,36524
68575,2027,36668
68575,2028,36778
68575,2029,36871
68575,2030,36942
68575,2031,36999
68575,2032,37052
68575,2033,37097
68575,2034,37118
68575,2035,37124
68575,2036,37107
68575,2037,37090
68575,2038,37064
68575,2039,37000
68575,2040,36949
68575,2041,36875
68575,2042,36806
68615,2005,27076
68615,2006,26955
68615,2007,26903
68615,2008,26855
68615,2009,26756
68615,2010,26666
68615,2011,26594
68615,2012,26487
68615,2013,26399
68615,2014,26278
68615,2015,26221
68615,2016,26229
68615,2017,26212
68615,2018,26441
68615,2019,26880
68615,2020,27402
68615,2021,27486
68615,2022,27433
68615,2023,27349
68615,2024,27251
68615,2025,27119
68615,2026,26899
68615,2027,26693
68615,2028,26459
68615,2029,26218
68615,2030,25946
68615,2031,25665
68615,2032,25375
68615,2033,25070
68615,2034,24748
68615,2035,24448
68615,2036,24112
68615,2037,23781
68615,2038,23454
68615,2039,23118
68615,2040,22770
68615,2041,22407
68615,2042,22061
68655,2005,27894
68655,2006,28297
68655,2007,28707
68655,2008,29076
68655,2009,29430
68655,2010,29793
68655,2011,30155
68655,2012,30510
68655,2013,30804
68655,2014,31160
68655,2015,31506
68655,2016,31913
68655,2017,32393
68655,2018,33043
68655,2019,34046
68655,2020,35157
68655,2021,35919
68655,2022,36471
68655,2023,37002
68655,2024,37531
68655,2025,38015
68655,2026,38400
68655,2027,38783
68655,2028,39148
68655,2029,39467
68655,2030,39791
68655,2031,40112
68655,2032,40411
68655,2033,40721
68655,2034,40969
68655,2035,41265
68655,2036,41520
68655,2037,41779
68655,2038,42032
68655,2039,42264
68655,2040,42480
68655,2041,42691
68655,2042,42890
68669,2005,10340
68669,2006,10193
68669,2007,10074
68669,2008,9954
68669,2009,9811
68669,2010,9663
68669,2011,9508
68669,2012,9361
68669,2013,9223
68669,2014,9100
68669,2015,8989
68669,2016,8885
68669,2017,8757
68669,2018,8682
68669,2019,8809
68669,2020,8959
68669,2021,8984
68669,2022,8957
68669,2023,8926
68669,2024,8900
68669,2025,8842
68669,2026,8773
68669,2027,8697
68669,2028,8610
68669,2029,8531
68669,2030,8419
68669,2031,8326
68669,2032,8236
68669,2033,8149
68669,2034,8031
68669,2035,7931
68669,2036,7834
68669,2037,7732
68669,2038,7618
68669,2039,7513
68669,2040,7389
68669,2041,7280
68669,2042,7163
68673,2005,3214
68673,2006,3197
68673,2007,3171
68673,2008,3139
68673,2009,3126
68673,2010,3123
68673,2011,3089
68673,2012,3135
68673,2013,3071
68673,2014,3029
68673,2015,2981
68673,2016,2944
68673,2017,2929
68673,2018,2932
68673,2019,2960
68673,2020,2998
68673,2021,2999
68673,2022,3035
68673,2023,3012
68673,2024,3015
68673,2025,3017
68673,2026,3031
68673,2027,3037
68673,2028,3012
68673,2029,3014
68673,2030,3003
68673,2031,2985
68673,2032,2964
68673,2033,2930
68673,2034,2915
68673,2035,2889
68673,2036,2869
68673,2037,2820
68673,2038,2795
68673,2039,2745
68673,2040,2728
68673,2041,2675
68673,2042,2647
68679,2005,46085
68679,2006,46875
68679,2007,47657
68679,2008,48428
68679,2009,49184
68679,2010,49904
68679,2011,50586
68679,2012,51211
68679,2013,51935
68679,2014,52574
68679,2015,53219
68679,2016,54009
68679,2017,54868
68679,2018,56052
68679,2019,58286
68679,2020,60752
68679,2021,62763
68679,2022,64486
68679,2023,66196
68679,2024,67893
68679,2025,69546
68679,2026,71064
68679,2027,72580
68679,2028,74079
68679,2029,75591
68679,2030,77115
68679,2031,78630
68679,2032,80163
68679,2033,81722
68679,2034,83253
68679,2035,84843
68679,2036,86400
68679,2037,87972
68679,2038,89573
68679,2039,91150
68679,2040,92731
68679,2041,94309
68679,2042,95906
68682,2005,2845
68682,2006,2798
68682,2007,2726
68682,2008,2637
68682,2009,2625
68682,2010,2586
68682,2011,2536
68682,2012,2490
68682,2013,2460
68682,2014,2409
68682,2015,2380
68682,2016,2281
68682,2017,2223
68682,2018,2246
68682,2019,2313
68682,2020,2383
68682,2021,2428
68682,2022,2468
68682,2023,2485
68682,2024,2525
68682,2025,2565
68682,2026,2566
68682,2027,2601
68682,2028,2621
68682,2029,2634
68682,2030,2661
68682,2031,2701
68682,2032,2673
68682,2033,2697
68682,2034,2711
68682,2035,2734
68682,2036,2740
68682,2037,2758
68682,2038,2767
68682,2039,2773
68682,2040,2787
68682,2041,2796
68682,2042,2803
68684,2005,5401
68684,2006,5319
68684,2007,5232
68684,2008,5138
68684,2009,5058
68684,2010,4957
68684,2011,4883
68684,2012,4798
68684,2013,4723
68684,2014,4659
68684,2015,4571
68684,2016,4492
68684,2017,4448
68684,2018,4371
68684,2019,4442
68684,2020,4541
68684,2021,4552
68684,2022,4527
68684,2023,4529
68684,2024,4519
68684,2025,4477
68684,2026,4436
68684,2027,4429
68684,2028,4379
68684,2029,4323
68684,2030,4295
68684,2031,4243
68684,2032,4208
68684,2033,4126
68684,2034,4100
68684,2035,4053
68684,2036,3961
68684,2037,3919
68684,2038,3866
68684,2039,3816
68684,2040,3760
68684,2041,3687
68684,2042,3635
68686,2005,3173
68686,2006,3135
68686,2007,3098
68686,2008,3051
68686,2009,3009
68686,2010,2896
68686,2011,2873
68686,2012,2781
68686,2013,2736
68686,2014,2705
68686,2015,2659
68686,2016,2646
68686,2017,2526
68686,2018,2537
68686,2019,2572
68686,2020,2653
68686,2021,2653
68686,2022,2657
68686,2023,2674
68686,2024,2665
68686,2025,2654
68686,2026,2666
68686,2027,2646
68686,2028,2630
68686,2029,2612
68686,2030,2613
68686,2031,2578
68686,2032,2552
68686,2033,2542
68686,2034,2511
68686,2035,2498
68686,2036,2484
68686,2037,2455
68686,2038,2423
68686,2039,2403
68686,2040,2365
68686,2041,2360
68686,2042,2307
68689,2005,35349
68689,2006,35137
68689,2007,34947
68689,2008,34741
68689,2009,34526
68689,2010,34298
68689,2011,34125
68689,2012,33931
68689,2013,33716
68689,2014,33451
68689,2015,33248
68689,2016,33104
68689,2017,33011
68689,2018,33132
68689,2019,33894
68689,2020,34794
68689,2021,35207
68689,2022,35421
68689,2023,35598
68689,2024,35766
68689,2025,35892
68689,2026,35911
68689,2027,35916
68689,2028,35916
68689,2029,35858
68689,2030,35796
68689,2031,35698
68689,2032,35604
68689,2033,35486
68689,2034,35360
68689,2035,35210
68689,2036,35058
68689,2037,34884
68689,2038,34714
68689,2039,34498
68689,2040,34310
68689,2041,34088
68689,2042,33844
68705,2005,2341
68705,2006,2345
68705,2007,2351
68705,2008,2406
68705,2009,2395
68705,2010,2384
68705,2011,2403
68705,2012,2393
68705,2013,2385
68705,2014,2372
68705,2015,2359
68705,2016,2366
68705,2017,2357
68705,2018,2380
68705,2019,2428
68705,2020,2491
68705,2021,2549
68705,2022,2590
68705,2023,2598
68705,2024,2624
68705,2025,2655
68705,2026,2670
68705,2027,2673
68705,2028,2691
68705,2029,2688
68705,2030,2691
68705,2031,2680
68705,2032,2696
68705,2033,2679
68705,2034,2681
68705,2035,2668
68705,2036,2663
68705,2037,2656
68705,2038,2630
68705,2039,2615
68705,2040,2607
68705,2041,2585
68705,2042,2564
68720,2005,3882
68720,2006,3844
68720,2007,3818
68720,2008,3801
68720,2009,3759
68720,2010,3749
68720,2011,3648
68720,2012,3608
68720,2013,3580
68720,2014,3538
68720,2015,3514
68720,2016,3451
68720,2017,3380
68720,2018,3364
68720,2019,3380
68720,2020,3423
68720,2021,3440
68720,2022,3445
68720,2023,3466
68720,2024,3472
68720,2025,3483
68720,2026,3477
68720,2027,3475
68720,2028,3453
68720,2029,3470
68720,2030,3434
68720,2031,3426
68720,2032,3416
68720,2033,3380
68720,2034,3378
68720,2035,3341
68720,2036,3308
68720,2037,3285
68720,2038,3257
68720,2039,3216
68720,2040,3190
68720,2041,3161
68720,2042,3115
68745,2005,10007
68745,2006,9989
68745,2007,9993
68745,2008,10025
68745,2009,10001
68745,2010,10015
68745,2011,9965
68745,2012,9944
68745,2013,9895
68745,2014,9882
68745,2015,9872
68745,2016,9884
68745,2017,9942
68745,2018,10040
68745,2019,10380
68745,2020,10791
68745,2021,11003
68745,2022,11172
68745,2023,11324
68745,2024,11483
68745,2025,11626
68745,2026,11756
68745,2027,11858
68745,2028,11941
68745,2029,12058
68745,2030,12130
68745,2031,12206
68745,2032,12278
68745,2033,12351
68745,2034,12406
68745,2035,12465
68745,2036,12523
68745,2037,12574
68745,2038,12598
68745,2039,12633
68745,2040,12666
68745,2041,12697
68745,2042,12714
68755,2005,27901
68755,2006,28250
68755,2007,28587
68755,2008,28925
68755,2009,29250
68755,2010,29559
68755,2011,29836
68755,2012,30087
68755,2013,30322
68755,2014,30578
68755,2015,30901
68755,2016,31208
68755,2017,31615
68755,2018,32154
68755,2019,33037
68755,2020,34100
68755,2021,34801
68755,2022,35341
68755,2023,35860
68755,2024,36336
68755,2025,36807
68755,2026,37153
68755,2027,37501
68755,2028,37863
68755,2029,38164
68755,2030,38480
68755,2031,38779
68755,2032,39070
68755,2033,39356
68755,2034,39631
68755,2035,39917
68755,2036,40189
68755,2037,40441
68755,2038,40680
68755,2039,40909
68755,2040,41136
68755,2041,41363
68755,2042,41553
68770,2005,10394
68770,2006,10357
68770,2007,10292
68770,2008,10296
68770,2009,10212
68770,2010,10151
68770,2011,10099
68770,2012,10087
68770,2013,10076
68770,2014,10007
68770,2015,9927
68770,2016,9908
68770,2017,9918
68770,2018,9968
68770,2019,10046
68770,2020,10186
68770,2021,10233
68770,2022,10256
68770,2023,10247
68770,2024,10286
68770,2025,10295
68770,2026,10287
68770,2027,10288
68770,2028,10268
68770,2029,10253
68770,2030,10207
68770,2031,10159
68770,2032,10089
68770,2033,10030
68770,2034,9963
68770,2035,9874
68770,2036,9804
68770,2037,9714
68770,2038,9619
68770,2039,9536
68770,2040,9434
68770,2041,9323
68770,2042,9221
68773,2005,9039
68773,2006,8900
68773,2007,8708
68773,2008,8523
68773,2009,8384
68773,2010,8260
68773,2011,8070
68773,2012,7904
68773,2013,7744
68773,2014,7607
68773,2015,7472
68773,2016,7325
68773,2017,7294
68773,2018,7126
68773,2019,7185
68773,2020,7326
68773,2021,7331
68773,2022,7344
68773,2023,7357
68773,2024,7377
68773,2025,7389
68773,2026,7374
68773,2027,7363
68773,2028,7376
68773,2029,7344
68773,2030,7327
68773,2031,7272
68773,2032,7235
68773,2033,7169
68773,2034,7115
68773,2035,7035
68773,2036,6976
68773,2037,6874
68773,2038,6805
68773,2039,6718
68773,2040,6630
68773,2041,6521
68773,2042,6425
68780,2005,4253
68780,2006,4247
68780,2007,4239
68780,2008,4226
68780,2009,4187
68780,2010,4112
68780,2011,4085
68780,2012,4058
68780,2013,4025
68780,2014,4023
68780,2015,4024
68780,2016,4040
68780,2017,3946
68780,2018,3979
68780,2019,4118
68780,2020,4233
68780,2021,4323
68780,2022,4372
68780,2023,4425
68780,2024,4451
68780,2025,4512
68780,2026,4563
68780,2027,4575
68780,2028,4602
68780,2029,4624
68780,2030,4636
68780,2031,4656
68780,2032,4678
68780,2033,4685
68780,2034,4682
68780,2035,4700
68780,2036,4707
68780,2037,4725
68780,2038,4706
68780,2039,4702
68780,2040,4709
68780,2041,4690
68780,2042,4696
68820,2005,6714
68820,2006,6742
68820,2007,6780
68820,2008,6825
68820,2009,6890
68820,2010,6950
68820,2011,6993
68820,2012,7017
68820,2013,7027
68820,2014,7050
68820,2015,7061
68820,2016,7156
68820,2017,7253
68820,2018,7369
68820,2019,7620
68820,2020,7893
68820,2021,8058
68820,2022,8149
68820,2023,8246
68820,2024,8362
68820,2025,8439
68820,2026,8522
68820,2027,8581
68820,2028,8624
68820,2029,8670
68820,2030,8701
68820,2031,8749
68820,2032,8771
68820,2033,8803
68820,2034,8822
68820,2035,8823
68820,2036,8848
68820,2037,8862
68820,2038,8833
68820,2039,8835
68820,2040,8827
68820,2041,8828
68820,2042,8820
68855,2005,5486
68855,2006,5543
68855,2007,5611
68855,2008,5678
68855,2009,5694
68855,2010,5708
68855,2011,5755
68855,2012,5797
68855,2013,5835
68855,2014,5868
68855,2015,5904
68855,2016,5947
68855,2017,6001
68855,2018,6081
68855,2019,6288
68855,2020,6531
68855,2021,6672
68855,2022,6791
68855,2023,6896
68855,2024,7004
68855,2025,7095
68855,2026,7184
68855,2027,7264
68855,2028,7338
68855,2029,7389
68855,2030,7490
68855,2031,7523
68855,2032,7609
68855,2033,7670
68855,2034,7727
68855,2035,7766
68855,2036,7818
68855,2037,7865
68855,2038,7908
68855,2039,7953
68855,2040,7999
68855,2041,8027
68855,2042,8086
68861,2005,21104
68861,2006,21313
68861,2007,21550
68861,2008,21764
68861,2009,21977
68861,2010,22211
68861,2011,22479
68861,2012,22690
68861,2013,22898
68861,2014,23065
68861,2015,23252
68861,2016,23554
68861,2017,23846
68861,2018,24362
68861,2019,24858
68861,2020,25391
68861,2021,25819
68861,2022,26138
68861,2023,26448
68861,2024,26750
68861,2025,27042
68861,2026,27269
68861,2027,27463
68861,2028,27664
68861,2029,27822
68861,2030,27952
68861,2031,28089
68861,2032,28179
68861,2033,28259
68861,2034,28300
68861,2035,28352
68861,2036,28414
68861,2037,28449
68861,2038,28459
68861,2039,28460
68861,2040,28420
68861,2041,28363
68861,2042,28327
68867,2005,2020
68867,2006,1969
68867,2007,1967
68867,2008,2003
68867,2009,2028
68867,2010,2002
68867,2011,2011
68867,2012,2007
68867,2013,2026
68867,2014,2041
68867,2015,2045
68867,2016,2063
68867,2017,2082
68867,2018,2117
68867,2019,2139
68867,2020,2196
68867,2021,2184
68867,2022,2194
68867,2023,2176
68867,2024,2162
68867,2025,2150
68867,2026,2154
68867,2027,2119
68867,2028,2113
68867,2029,2098
68867,2030,2090
68867,2031,2064
68867,2032,2039
68867,2033,2012
68867,2034,1994
68867,2035,1974
68867,2036,1953
68867,2037,1919
68867,2038,1896
68867,2039,1845
68867,2040,1828
68867,2041,1797
68867,2042,1781
68872,2005,7379
68872,2006,7432
68872,2007,7448
68872,2008,7508
68872,2009,7557
68872,2010,7567
68872,2011,7546
68872,2012,7590
68872,2013,7632
68872,2014,7678
68872,2015,7724
68872,2016,7769
68872,2017,7753
68872,2018,7873
68872,2019,8124
68872,2020,8394
68872,2021,8591
68872,2022,8730
68872,2023,8850
68872,2024,8989
68872,2025,9122
68872,2026,9216
68872,2027,9298
68872,2028,9404
68872,2029,9475
68872,2030,9569
68872,2031,9636
68872,2032,9740
68872,2033,9800
68872,2034,9896
68872,2035,9950
68872,2036,10004
68872,2037,10091
68872,2038,10151
68872,2039,10198
68872,2040,10259
68872,2041,10307
68872,2042,10342
68895,2005,9743
68895,2006,9738
68895,2007,9718
68895,2008,9686
68895,2009,9670
68895,2010,9626
68895,2011,9585
68895,2012,9557
68895,2013,9547
68895,2014,9502
68895,2015,9456
68895,2016,9410
68895,2017,9452
68895,2018,9463
68895,2019,9669
68895,2020,9922
68895,2021,10029
68895,2022,10095
68895,2023,10172
68895,2024,10231
68895,2025,10278
68895,2026,10301
68895,2027,10307
68895,2028,10317
68895,2029,10329
68895,2030,10326
68895,2031,10318
68895,2032,10308
68895,2033,10293
68895,2034,10262
68895,2035,10246
68895,2036,10230
68895,2037,10210
68895,2038,10173
68895,2039,10146
68895,2040,10119
68895,2041,10097
68895,2042,10053
70001,2005,235222
70001,2006,238311
70001,2007,241380
70001,2008,244436
70001,2009,247432
70001,2010,250413
70001,2011,253394
70001,2012,256326
70001,2013,259277
70001,2014,262199
70001,2015,265212
70001,2016,268622
70001,2017,272534
70001,2018,277775
70001,2019,286099
70001,2020,295008
70001,2021,301886
70001,2022,307953
70001,2023,313864
70001,2024,319888
70001,2025,325685
70001,2026,331045
70001,2027,336231
70001,2028,341271
70001,2029,346132
70001,2030,350835
70001,2031,355374
70001,2032,359731
70001,2033,363885
70001,2034,367870
70001,2035,371683
70001,2036,375316
70001,2037,378785
70001,2038,382083
70001,2039,385214
70001,2040,388204
70001,2041,391057
70001,2042,393773
70110,2005,9130
70110,2006,9197
70110,2007,9258
70110,2008,9356
70110,2009,9451
70110,2010,9527
70110,2011,9615
70110,2012,9738
70110,2013,9857
70110,2014,9894
70110,2015,9968
70110,2016,10096
70110,2017,10251
70110,2018,10442
70110,2019,10754
70110,2020,11047
70110,2021,11295
70110,2022,11516
70110,2023,11714
70110,2024,11927
70110,2025,12123
70110,2026,12308
70110,2027,12482
70110,2028,12654
70110,2029,12820
70110,2030,12994
70110,2031,13131
70110,2032,13282
70110,2033,13420
70110,2034,13560
70110,2035,13702
70110,2036,13821
70110,2037,13951
70110,2038,14036
70110,2039,14170
70110,2040,14266
70110,2041,14355
70110,2042,14444
70124,2005,12039
70124,2006,12281
70124,2007,12517
70124,2008,12734
70124,2009,12930
70124,2010,13178
70124,2011,13376
70124,2012,13582
70124,2013,13766
70124,2014,14016
70124,2015,14270
70124,2016,14547
70124,2017,14855
70124,2018,15235
70124,2019,15686
70124,2020,16167
70124,2021,16560
70124,2022,16875
70124,2023,17196
70124,2024,17498
70124,2025,17775
70124,2026,18039
70124,2027,18282
70124,2028,18493
70124,2029,18702
70124,2030,18921
70124,2031,19117
70124,2032,19306
70124,2033,19518
70124,2034,19689
70124,2035,19884
70124,2036,20048
70124,2037,20219
70124,2038,20360
70124,2039,20505
70124,2040,20646
70124,2041,20796
70124,2042,20932
70204,2005,8706
70204,2006,8683
70204,2007,8683
70204,2008,8688
70204,2009,8655
70204,2010,8624
70204,2011,8635
70204,2012,8631
70204,2013,8521
70204,2014,8561
70204,2015,8555
70204,2016,8570
70204,2017,8566
70204,2018,8614
70204,2019,8918
70204,2020,9211
70204,2021,9437
70204,2022,9649
70204,2023,9861
70204,2024,10048
70204,2025,10243
70204,2026,10421
70204,2027,10561
70204,2028,10730
70204,2029,10864
70204,2030,11014
70204,2031,11164
70204,2032,11300
70204,2033,11401
70204,2034,11539
70204,2035,11670
70204,2036,11773
70204,2037,11883
70204,2038,11974
70204,2039,12082
70204,2040,12180
70204,2041,12257
70204,2042,12344
70215,2005,60750
70215,2006,61211
70215,2007,61663
70215,2008,62115
70215,2009,62564
70215,2010,63016
70215,2011,63449
70215,2012,63879
70215,2013,64366
70215,2014,64756
70215,2015,65205
70215,2016,65666
70215,2017,66353
70215,2018,67379
70215,2019,69271
70215,2020,71297
70215,2021,72844
70215,2022,74183
70215,2023,75486
70215,2024,76816
70215,2025,78092
70215,2026,79231
70215,2027,80353
70215,2028,81434
70215,2029,82486
70215,2030,83503
70215,2031,84465
70215,2032,85403
70215,2033,86303
70215,2034,87156
70215,2035,88002
70215,2036,88777
70215,2037,89541
70215,2038,90236
70215,2039,90946
70215,2040,91599
70215,2041,92242
70215,2042,92826
70221,2005,15503
70221,2006,15739
70221,2007,15957
70221,2008,16163
70221,2009,16445
70221,2010,16637
70221,2011,16805
70221,2012,16983
70221,2013,17214
70221,2014,17355
70221,2015,17526
70221,2016,17718
70221,2017,17937
70221,2018,18245
70221,2019,18988
70221,2020,19768
70221,2021,20345
70221,2022,20871
70221,2023,21314
70221,2024,21748
70221,2025,22132
70221,2026,22482
70221,2027,22788
70221,2028,23054
70221,2029,23319
70221,2030,23564
70221,2031,23801
70221,2032,24009
70221,2033,24216
70221,2034,24407
70221,2035,24573
70221,2036,24725
70221,2037,24874
70221,2038,25022
70221,2039,25140
70221,2040,25284
70221,2041,25390
70221,2042,25489
70230,2005,4265
70230,2006,4285
70230,2007,4300
70230,2008,4267
70230,2009,4247
70230,2010,4283
70230,2011,4282
70230,2012,4290
70230,2013,4314
70230,2014,4361
70230,2015,4389
70230,2016,4401
70230,2017,4377
70230,2018,4478
70230,2019,4546
70230,2020,4642
70230,2021,4723
70230,2022,4757
70230,2023,4804
70230,2024,4847
70230,2025,4888
70230,2026,4929
70230,2027,4949
70230,2028,4966
70230,2029,5004
70230,2030,5007
70230,2031,5042
70230,2032,5045
70230,2033,5053
70230,2034,5060
70230,2035,5086
70230,2036,5084
70230,2037,5094
70230,2038,5105
70230,2039,5093
70230,2040,5087
70230,2041,5102
70230,2042,5101
70233,2005,10463
70233,2006,10404
70233,2007,10346
70233,2008,10321
70233,2009,10273
70233,2010,10235
70233,2011,10169
70233,2012,10107
70233,2013,10049
70233,2014,9991
70233,2015,9966
70233,2016,9949
70233,2017,9956
70233,2018,9946
70233,2019,10100
70233,2020,10267
70233,2021,10372
70233,2022,10467
70233,2023,10514
70233,2024,10586
70233,2025,10636
70233,2026,10654
70233,2027,10687
70233,2028,10723
70233,2029,10742
70233,2030,10745
70233,2031,10761
70233,2032,10763
70233,2033,10786
70233,2034,10788
70233,2035,10770
70233,2036,10772
70233,2037,10741
70233,2038,10760
70233,2039,10731
70233,2040,10712
70233,2041,10688
70233,2042,10670
70235,2005,17953
70235,2006,18251
70235,2007,18533
70235,2008,18832
70235,2009,19093
70235,2010,19388
70235,2011,19672
70235,2012,19925
70235,2013,20244
70235,2014,20574
70235,2015,20796
70235,2016,21150
70235,2017,21439
70235,2018,21986
70235,2019,22615
70235,2020,23318
70235,2021,23833
70235,2022,24290
70235,2023,24728
70235,2024,25175
70235,2025,25568
70235,2026,25942
70235,2027,26296
70235,2028,26623
70235,2029,26927
70235,2030,27253
70235,2031,27545
70235,2032,27822
70235,2033,28080
70235,2034,28348
70235,2035,28600
70235,2036,28827
70235,2037,29056
70235,2038,29277
70235,2039,29478
70235,2040,29655
70235,2041,29844
70235,2042,29997
70265,2005,14565
70265,2006,14794
70265,2007,15016
70265,2008,15254
70265,2009,15461
70265,2010,15694
70265,2011,15926
70265,2012,16135
70265,2013,16305
70265,2014,16561
70265,2015,16822
70265,2016,17050
70265,2017,17326
70265,2018,17712
70265,2019,18081
70265,2020,18514
70265,2021,18823
70265,2022,19062
70265,2023,19288
70265,2024,19509
70265,2025,19707
70265,2026,19906
70265,2027,20062
70265,2028,20234
70265,2029,20387
70265,2030,20530
70265,2031,20694
70265,2032,20817
70265,2033,20942
70265,2034,21058
70265,2035,21204
70265,2036,21324
70265,2037,21433
70265,2038,21545
70265,2039,21649
70265,2040,21775
70265,2041,21850
70265,2042,21939
70400,2005,10184
70400,2006,10349
70400,2007,10489
70400,2008,10631
70400,2009,10797
70400,2010,10980
70400,2011,11124
70400,2012,11289
70400,2013,11379
70400,2014,11567
70400,2015,11745
70400,2016,11898
70400,2017,12050
70400,2018,12358
70400,2019,12666
70400,2020,13019
70400,2021,13291
70400,2022,13514
70400,2023,13736
70400,2024,13950
70400,2025,14165
70400,2026,14349
70400,2027,14541
70400,2028,14710
70400,2029,14875
70400,2030,15040
70400,2031,15226
70400,2032,15375
70400,2033,15536
70400,2034,15699
70400,2035,15856
70400,2036,15998
70400,2037,16142
70400,2038,16286
70400,2039,16420
70400,2040,16547
70400,2041,16697
70400,2042,16816
70418,2005,19781
70418,2006,19985
70418,2007,20273
70418,2008,20464
70418,2009,20646
70418,2010,20885
70418,2011,21085
70418,2012,21301
70418,2013,21526
70418,2014,21771
70418,2015,21911
70418,2016,22178
70418,2017,22469
70418,2018,22880
70418,2019,23430
70418,2020,24023
70418,2021,24503
70418,2022,24866
70418,2023,25216
70418,2024,25570
70418,2025,25905
70418,2026,26166
70418,2027,26455
70418,2028,26707
70418,2029,26964
70418,2030,27185
70418,2031,27422
70418,2032,27631
70418,2033,27841
70418,2034,28046
70418,2035,28216
70418,2036,28397
70418,2037,28575
70418,2038,28746
70418,2039,28882
70418,2040,29052
70418,2041,29167
70418,2042,29299
70429,2005,30042
70429,2006,30527
70429,2007,31011
70429,2008,31483
70429,2009,31945
70429,2010,32417
70429,2011,32891
70429,2012,33366
70429,2013,33829
70429,2014,34295
70429,2015,34751
70429,2016,35299
70429,2017,35932
70429,2018,36658
70429,2019,37386
70429,2020,38223
70429,2021,38806
70429,2022,39270
70429,2023,39705
70429,2024,40125
70429,2025,40501
70429,2026,40840
70429,2027,41146
70429,2028,41414
70429,2029,41680
70429,2030,41941
70429,2031,42216
70429,2032,42442
70429,2033,42672
70429,2034,42904
70429,2035,43129
70429,2036,43345
70429,2037,43550
70429,2038,43753
70429,2039,43939
70429,2040,44139
70429,2041,44304
70429,2042,44464
70473,2005,12758
70473,2006,12924
70473,2007,13093
70473,2008,13270
70473,2009,13430
70473,2010,13612
70473,2011,13785
70473,2012,13864
70473,2013,14089
70473,2014,14211
70473,2015,14338
70473,2016,14566
70473,2017,14761
70473,2018,15056
70473,2019,15455
70473,2020,15882
70473,2021,16209
70473,2022,16480
70473,2023,16749
70473,2024,17030
70473,2025,17275
70473,2026,17508
70473,2027,17755
70473,2028,17956
70473,2029,18161
70473,2030,18366
70473,2031,18553
70473,2032,18752
70473,2033,18929
70473,2034,19118
70473,2035,19268
70473,2036,19457
70473,2037,19593
70473,2038,19766
70473,2039,19905
70473,2040,20058
70473,2041,20179
70473,2042,20328
70508,2005,22068
70508,2006,22116
70508,2007,22175
70508,2008,22204
70508,2009,22272
70508,2010,22314
70508,2011,22370
70508,2012,22354
70508,2013,22354
70508,2014,22468
70508,2015,22442
70508,2016,22554
70508,2017,22677
70508,2018,22889
70508,2019,23252
70508,2020,23671
70508,2021,23928
70508,2022,24121
70508,2023,24292
70508,2024,24462
70508,2025,24604
70508,2026,24693
70508,2027,24776
70508,2028,24856
70508,2029,24914
70508,2030,24974
70508,2031,25001
70508,2032,25052
70508,2033,25068
70508,2034,25065
70508,2035,25082
70508,2036,25094
70508,2037,25088
70508,2038,25059
70508,2039,25044
70508,2040,25009
70508,2041,24993
70508,2042,24926
70523,2005,10166
70523,2006,10427
70523,2007,10703
70523,2008,10985
70523,2009,11296
70523,2010,11567
70523,2011,11880
70523,2012,12153
70523,2013,12455
70523,2014,12717
70523,2015,13084
70523,2016,13409
70523,2017,13758
70523,2018,14109
70523,2019,14499
70523,2020,14910
70523,2021,15264
70523,2022,15536
70523,2023,15825
70523,2024,16081
70523,2025,16362
70523,2026,16607
70523,2027,16828
70523,2028,17061
70523,2029,17293
70523,2030,17543
70523,2031,17760
70523,2032,17967
70523,2033,18197
70523,2034,18431
70523,2035,18650
70523,2036,18857
70523,2037,19100
70523,2038,19318
70523,2039,19521
70523,2040,19745
70523,2041,19942
70523,2042,20162
70670,2005,36050
70670,2006,36776
70670,2007,37540
70670,2008,38307
70670,2009,39064
70670,2010,39798
70670,2011,40561
70670,2012,41303
70670,2013,42053
70670,2014,42817
70670,2015,43556
70670,2016,44360
70670,2017,45262
70670,2018,46454
70670,2019,47789
70670,2020,49207
70670,2021,50312
70670,2022,51279
70670,2023,52173
70670,2024,53083
70670,2025,53896
70670,2026,54674
70670,2027,55395
70670,2028,56080
70670,2029,56747
70670,2030,57375
70670,2031,57973
70670,2032,58557
70670,2033,59125
70670,2034,59647
70670,2035,60168
70670,2036,60653
70670,2037,61108
70670,2038,61554
70670,2039,61977
70670,2040,62386
70670,2041,62727
70670,2042,63088
70678,2005,26278
70678,2006,26461
70678,2007,26628
70678,2008,26771
70678,2009,26948
70678,2010,27102
70678,2011,27272
70678,2012,27434
70678,2013,27537
70678,2014,27678
70678,2015,27870
70678,2016,28061
70678,2017,28285
70678,2018,28681
70678,2019,29357
70678,2020,30079
70678,2021,30644
70678,2022,31066
70678,2023,31490
70678,2024,31892
70678,2025,32276
70678,2026,32596
70678,2027,32887
70678,2028,33169
70678,2029,33439
70678,2030,33694
70678,2031,33936
70678,2032,34189
70678,2033,34419
70678,2034,34643
70678,2035,34861
70678,2036,35095
70678,2037,35288
70678,2038,35476
70678,2039,35686
70678,2040,35883
70678,2041,36074
70678,2042,36230
70702,2005,11607
70702,2006,11740
70702,2007,11891
70702,2008,12031
70702,2009,12164
70702,2010,12288
70702,2011,12382
70702,2012,12642
70702,2013,12747
70702,2014,12743
70702,2015,12873
70702,2016,13039
70702,2017,13194
70702,2018,13524
70702,2019,13795
70702,2020,14097
70702,2021,14272
70702,2022,14438
70702,2023,14578
70702,2024,14694
70702,2025,14839
70702,2026,14937
70702,2027,15025
70702,2028,15125
70702,2029,15213
70702,2030,15257
70702,2031,15326
70702,2032,15378
70702,2033,15450
70702,2034,15503
70702,2035,15538
70702,2036,15591
70702,2037,15622
70702,2038,15656
70702,2039,15682
70702,2040,15700
70702,2041,15728
70702,2042,15748
70708,2005,47924
70708,2006,48614
70708,2007,49308
70708,2008,49999
70708,2009,50678
70708,2010,51370
70708,2011,52057
70708,2012,52739
70708,2013,53436
70708,2014,54122
70708,2015,54826
70708,2016,55506
70708,2017,56471
70708,2018,57682
70708,2019,59008
70708,2020,60469
70708,2021,61545
70708,2022,62416
70708,2023,63243
70708,2024,64076
70708,2025,64873
70708,2026,65526
70708,2027,66184
70708,2028,66784
70708,2029,67382
70708,2030,67961
70708,2031,68474
70708,2032,68979
70708,2033,69493
70708,2034,69941
70708,2035,70408
70708,2036,70818
70708,2037,71220
70708,2038,71612
70708,2039,71968
70708,2040,72309
70708,2041,72647
70708,2042,72938
70713,2005,45856
70713,2006,46130
70713,2007,46393
70713,2008,46649
70713,2009,46901
70713,2010,47143
70713,2011,47367
70713,2012,47593
70713,2013,47836
70713,2014,48074
70713,2015,48294
70713,2016,48610
70713,2017,48951
70713,2018,49621
70713,2019,50434
70713,2020,51304
70713,2021,51873
70713,2022,52293
70713,2023,52648
70713,2024,52983
70713,2025,53277
70713,2026,53481
70713,2027,53627
70713,2028,53800
70713,2029,53930
70713,2030,54026
70713,2031,54122
70713,2032,54214
70713,2033,54266
70713,2034,54343
70713,2035,54372
70713,2036,54381
70713,2037,54404
70713,2038,54394
70713,2039,54390
70713,2040,54367
70713,2041,54342
70713,2042,54279
70717,2005,17592
70717,2006,17637
70717,2007,17699
70717,2008,17751
70717,2009,17817
70717,2010,17859
70717,2011,17930
70717,2012,17965
70717,2013,18057
70717,2014,18139
70717,2015,18129
70717,2016,18272
70717,2017,18382
70717,2018,18584
70717,2019,19030
70717,2020,19517
70717,2021,19871
70717,2022,20177
70717,2023,20470
70717,2024,20760
70717,2025,21013
70717,2026,21251
70717,2027,21477
70717,2028,21684
70717,2029,21903
70717,2030,22095
70717,2031,22264
70717,2032,22458
70717,2033,22622
70717,2034,22790
70717,2035,22935
70717,2036,23068
70717,2037,23216
70717,2038,23321
70717,2039,23445
70717,2040,23539
70717,2041,23649
70717,2042,23758
70742,2005,31458
70742,2006,31395
70742,2007,31306
70742,2008,31259
70742,2009,31188
70742,2010,31110
70742,2011,31014
70742,2012,30934
70742,2013,30789
70742,2014,30725
70742,2015,30624
70742,2016,30602
70742,2017,30515
70742,2018,30768
70742,2019,31255
70742,2020,31798
70742,2021,32116
70742,2022,32310
70742,2023,32502
70742,2024,32683
70742,2025,32824
70742,2026,32944
70742,2027,32976
70742,2028,33013
70742,2029,33052
70742,2030,33064
70742,2031,33056
70742,2032,33040
70742,2033,32991
70742,2034,32927
70742,2035,32845
70742,2036,32753
70742,2037,32636
70742,2038,32507
70742,2039,32391
70742,2040,32250
70742,2041,32115
70742,2042,31934
70771,2005,24757
70771,2006,25084
70771,2007,25455
70771,2008,25761
70771,2009,26124
70771,2010,26484
70771,2011,26805
70771,2012,27153
70771,2013,27489
70771,2014,27737
70771,2015,28119
70771,2016,28505
70771,2017,28955
70771,2018,29543
70771,2019,30354
70771,2020,31197
70771,2021,31864
70771,2022,32410
70771,2023,32930
70771,2024,33442
70771,2025,33927
70771,2026,34321
70771,2027,34712
70771,2028,35067
70771,2029,35413
70771,2030,35750
70771,2031,36075
70771,2032,36389
70771,2033,36693
70771,2034,37009
70771,2035,37293
70771,2036,37555
70771,2037,37829
70771,2038,38113
70771,2039,38364
70771,2040,38585
70771,2041,38818
70771,2042,39034
70820,2005,30383
70820,2006,30580
70820,2007,30751
70820,2008,30950
70820,2009,31125
70820,2010,31291
70820,2011,31452
70820,2012,31600
70820,2013,31768
70820,2014,31920
70820,2015,32119
70820,2016,32165
70820,2017,32482
70820,2018,32902
70820,2019,33838
70820,2020,34843
70820,2021,35582
70820,2022,36236
70820,2023,36887
70820,2024,37512
70820,2025,38136
70820,2026,38666
70820,2027,39200
70820,2028,39709
70820,2029,40206
70820,2030,40645
70820,2031,41101
70820,2032,41507
70820,2033,41912
70820,2034,42275
70820,2035,42637
70820,2036,42972
70820,2037,43291
70820,2038,43582
70820,2039,43854
70820,2040,44098
70820,2041,44338
70820,2042,44558
70823,2005,18035
70823,2006,18299
70823,2007,18480
70823,2008,18733
70823,2009,18991
70823,2010,19196
70823,2011,19438
70823,2012,19664
70823,2013,19900
70823,2014,20072
70823,2015,20311
70823,2016,20604
70823,2017,20900
70823,2018,21329
70823,2019,21756
70823,2020,22176
70823,2021,22506
70823,2022,22747
70823,2023,22963
70823,2024,23190
70823,2025,23380
70823,2026,23536
70823,2027,23675
70823,2028,23826
70823,2029,23951
70823,2030,24079
70823,2031,24197
70823,2032,24320
70823,2033,24437
70823,2034,24525
70823,2035,24634
70823,2036,24719
70823,2037,24824
70823,2038,24904
70823,2039,25003
70823,2040,25082
70823,2041,25153
70823,2042,25249
73001,2005,473220
73001,2006,478255
73001,2007,482895
73001,2008,487511
73001,2009,492013
73001,2010,496428
73001,2011,500754
73001,2012,504843
73001,2013,508870
73001,2014,512749
73001,2015,516759
73001,2016,520856
73001,2017,525076
73001,2018,529634
73001,2019,533745
73001,2020,538183
73001,2021,542584
73001,2022,545946
73001,2023,548695
73001,2024,552035
73001,2025,554947
73001,2026,557317
73001,2027,559515
73001,2028,561557
73001,2029,563432
73001,2030,565198
73001,2031,566788
73001,2032,568264
73001,2033,569526
73001,2034,570630
73001,2035,571525
73001,2036,572251
73001,2037,572737
73001,2038,572989
73001,2039,572989
73001,2040,572758
73001,2041,572262
73001,2042,571509
73024,2005,5263
73024,2006,5177
73024,2007,5121
73024,2008,5056
73024,2009,5061
73024,2010,4973
73024,2011,4854
73024,2012,4776
73024,2013,4712
73024,2014,4644
73024,2015,4582
73024,2016,4558
73024,2017,4535
73024,2018,4534
73024,2019,4598
73024,2020,4662
73024,2021,4691
73024,2022,4733
73024,2023,4751
73024,2024,4807
73024,2025,4852
73024,2026,4892
73024,2027,4919
73024,2028,4937
73024,2029,4978
73024,2030,4998
73024,2031,5028
73024,2032,5059
73024,2033,5082
73024,2034,5092
73024,2035,5114
73024,2036,5142
73024,2037,5144
73024,2038,5157
73024,2039,5178
73024,2040,5181
73024,2041,5198
73024,2042,5185
73026,2005,8948
73026,2006,8918
73026,2007,8930
73026,2008,8877
73026,2009,8787
73026,2010,8741
73026,2011,8769
73026,2012,8759
73026,2013,8744
73026,2014,8719
73026,2015,8724
73026,2016,8714
73026,2017,8700
73026,2018,8702
73026,2019,8754
73026,2020,8843
73026,2021,8847
73026,2022,8848
73026,2023,8835
73026,2024,8855
73026,2025,8846
73026,2026,8842
73026,2027,8825
73026,2028,8825
73026,2029,8784
73026,2030,8762
73026,2031,8733
73026,2032,8687
73026,2033,8630
73026,2034,8579
73026,2035,8544
73026,2036,8485
73026,2037,8409
73026,2038,8330
73026,2039,8270
73026,2040,8192
73026,2041,8107
73026,2042,8027
73030,2005,7668
73030,2006,7606
73030,2007,7422
73030,2008,7451
73030,2009,7364
73030,2010,7274
73030,2011,7155
73030,2012,7082
73030,2013,6991
73030,2014,6945
73030,2015,6890
73030,2016,6727
73030,2017,6655
73030,2018,6670
73030,2019,6679
73030,2020,6708
73030,2021,6729
73030,2022,6738
73030,2023,6740
73030,2024,6761
73030,2025,6761
73030,2026,6763
73030,2027,6769
73030,2028,6769
73030,2029,6782
73030,2030,6773
73030,2031,6744
73030,2032,6735
73030,2033,6728
73030,2034,6716
73030,2035,6705
73030,2036,6654
73030,2037,6664
73030,2038,6624
73030,2039,6607
73030,2040,6567
73030,2041,6542
73030,2042,6488
73043,2005,10416
73043,2006,10320
73043,2007,10327
73043,2008,10299
73043,2009,10225
73043,2010,10164
73043,2011,10156
73043,2012,10125
73043,2013,10115
73043,2014,10101
73043,2015,10061
73043,2016,10088
73043,2017,10151
73043,2018,10219
73043,2019,10314
73043,2020,10425
73043,2021,10477
73043,2022,10495
73043,2023,10537
73043,2024,10590
73043,2025,10635
73043,2026,10643
73043,2027,10672
73043,2028,10692
73043,2029,10696
73043,2030,10694
73043,2031,10680
73043,2032,10676
73043,2033,10654
73043,2034,10605
73043,2035,10560
73043,2036,10525
73043,2037,10476
73043,2038,10406
73043,2039,10323
73043,2040,10256
73043,2041,10178
73043,2042,10082
73055,2005,14117
73055,2006,13978
73055,2007,13860
73055,2008,13743
73055,2009,13616
73055,2010,13520
73055,2011,13406
73055,2012,13315
73055,2013,13184
73055,2014,13045
73055,2015,12952
73055,2016,12940
73055,2017,12707
73055,2018,12693
73055,2019,12741
73055,2020,12805
73055,2021,12843
73055,2022,12834
73055,2023,12812
73055,2024,12831
73055,2025,12822
73055,2026,12795
73055,2027,12780
73055,2028,12759
73055,2029,12710
73055,2030,12675
73055,2031,12626
73055,2032,12574
73055,2033,12508
73055,2034,12432
73055,2035,12374
73055,2036,12291
73055,2037,12195
73055,2038,12123
73055,2039,12021
73055,2040,11933
73055,2041,11826
73055,2042,11718
73067,2005,20594
73067,2006,20486
73067,2007,20353
73067,2008,20230
73067,2009,20123
73067,2010,19990
73067,2011,19881
73067,2012,19784
73067,2013,19710
73067,2014,19630
73067,2015,19571
73067,2016,19463
73067,2017,19352
73067,2018,19342
73067,2019,19509
73067,2020,19690
73067,2021,19859
73067,2022,19996
73067,2023,20146
73067,2024,20279
73067,2025,20461
73067,2026,20589
73067,2027,20699
73067,2028,20809
73067,2029,20921
73067,2030,21028
73067,2031,21126
73067,2032,21204
73067,2033,21276
73067,2034,21348
73067,2035,21397
73067,2036,21476
73067,2037,21510
73067,2038,21539
73067,2039,21567
73067,2040,21583
73067,2041,21603
73067,2042,21620
73124,2005,19138
73124,2006,19072
73124,2007,19023
73124,2008,18946
73124,2009,18894
73124,2010,18833
73124,2011,18759
73124,2012,18737
73124,2013,18654
73124,2014,18589
73124,2015,18521
73124,2016,18498
73124,2017,18517
73124,2018,18472
73124,2019,18728
73124,2020,18990
73124,2021,19049
73124,2022,19068
73124,2023,19017
73124,2024,19013
73124,2025,18986
73124,2026,18927
73124,2027,18853
73124,2028,18759
73124,2029,18689
73124,2030,18575
73124,2031,18483
73124,2032,18362
73124,2033,18242
73124,2034,18107
73124,2035,17975
73124,2036,17815
73124,2037,17659
73124,2038,17485
73124,2039,17303
73124,2040,17131
73124,2041,16936
73124,2042,16730
73148,2005,8776
73148,2006,8834
73148,2007,8965
73148,2008,9106
73148,2009,9228
73148,2010,9364
73148,2011,9449
73148,2012,9557
73148,2013,9682
73148,2014,9739
73148,2015,9858
73148,2016,9966
73148,2017,9981
73148,2018,10111
73148,2019,10270
73148,2020,10436
73148,2021,10561
73148,2022,10683
73148,2023,10803
73148,2024,10895
73148,2025,10994
73148,2026,11091
73148,2027,11158
73148,2028,11228
73148,2029,11297
73148,2030,11340
73148,2031,11392
73148,2032,11430
73148,2033,11462
73148,2034,11479
73148,2035,11500
73148,2036,11506
73148,2037,11517
73148,2038,11501
73148,2039,11474
73148,2040,11455
73148,2041,11437
73148,2042,11400
73152,2005,6923
73152,2006,6872
73152,2007,6815
73152,2008,6803
73152,2009,6760
73152,2010,6685
73152,2011,6603
73152,2012,6496
73152,2013,6443
73152,2014,6414
73152,2015,6401
73152,2016,6385
73152,2017,6386
73152,2018,6366
73152,2019,6442
73152,2020,6498
73152,2021,6534
73152,2022,6542
73152,2023,6571
73152,2024,6590
73152,2025,6597
73152,2026,6615
73152,2027,6638
73152,2028,6639
73152,2029,6626
73152,2030,6646
73152,2031,6646
73152,2032,6631
73152,2033,6612
73152,2034,6589
73152,2035,6566
73152,2036,6533
73152,2037,6491
73152,2038,6443
73152,2039,6422
73152,2040,6380
73152,2041,6329
73152,2042,6272
73168,2005,49789
73168,2006,49820
73168,2007,49874
73168,2008,49858
73168,2009,49881
73168,2010,49913
73168,2011,49927
73168,2012,49941
73168,2013,49992
73168,2014,50046
73168,2015,50076
73168,2016,50157
73168,2017,50232
73168,2018,50368
73168,2019,50941
73168,2020,51522
73168,2021,51941
73168,2022,52275
73168,2023,52524
73168,2024,52842
73168,2025,53132
73168,2026,53336
73168,2027,53516
73168,2028,53687
73168,2029,53783
73168,2030,53863
73168,2031,53931
73168,2032,53941
73168,2033,53941
73168,2034,53871
73168,2035,53781
73168,2036,53685
73168,2037,53516
73168,2038,53341
73168,2039,53150
73168,2040,52881
73168,2041,52635
73168,2042,52325
73200,2005,8799
73200,2006,8704
73200,2007,8634
73200,2008,8544
73200,2009,8516
73200,2010,8472
73200,2011,8400
73200,2012,8354
73200,2013,8293
73200,2014,8258
73200,2015,8272
73200,2016,8283
73200,2017,8276
73200,2018,8246
73200,2019,8333
73200,2020,8422
73200,2021,8476
73200,2022,8486
73200,2023,8499
73200,2024,8536
73200,2025,8590
73200,2026,8593
73200,2027,8603
73200,2028,8613
73200,2029,8641
73200,2030,8625
73200,2031,8637
73200,2032,8615
73200,2033,8581
73200,2034,8547
73200,2035,8532
73200,2036,8477
73200,2037,8432
73200,2038,8389
73200,2039,8331
73200,2040,8280
73200,2041,8197
73200,2042,8135
73217,2005,24393
73217,2006,24240
73217,2007,24076
73217,2008,23911
73217,2009,23753
73217,2010,23641
73217,2011,23491
73217,2012,23363
73217,2013,23266
73217,2014,23196
73217,2015,23011
73217,2016,22882
73217,2017,22793
73217,2018,22789
73217,2019,23040
73217,2020,23288
73217,2021,23389
73217,2022,23461
73217,2023,23516
73217,2024,23625
73217,2025,23707
73217,2026,23765
73217,2027,23810
73217,2028,23846
73217,2029,23884
73217,2030,23867
73217,2031,23839
73217,2032,23808
73217,2033,23762
73217,2034,23669
73217,2035,23577
73217,2036,23457
73217,2037,23344
73217,2038,23196
73217,2039,23047
73217,2040,22870
73217,2041,22691
73217,2042,22532
73226,2005,11591
73226,2006,11343
73226,2007,11132
73226,2008,10880
73226,2009,10671
73226,2010,10448
73226,2011,10246
73226,2012,10042
73226,2013,9750
73226,2014,9473
73226,2015,9275
73226,2016,9110
73226,2017,8930
73226,2018,8739
73226,2019,8838
73226,2020,8915
73226,2021,8950
73226,2022,8969
73226,2023,8984
73226,2024,9022
73226,2025,9057
73226,2026,9076
73226,2027,9096
73226,2028,9101
73226,2029,9104
73226,2030,9077
73226,2031,9100
73226,2032,9084
73226,2033,9046
73226,2034,9036
73226,2035,8987
73226,2036,8940
73226,2037,8914
73226,2038,8857
73226,2039,8799
73226,2040,8736
73226,2041,8678
73226,2042,8613
73236,2005,9626
73236,2006,9487
73236,2007,9396
73236,2008,9259
73236,2009,9162
73236,2010,9080
73236,2011,8994
73236,2012,8875
73236,2013,8787
73236,2014,8731
73236,2015,8655
73236,2016,8471
73236,2017,8393
73236,2018,8356
73236,2019,8423
73236,2020,8495
73236,2021,8517
73236,2022,8567
73236,2023,8564
73236,2024,8594
73236,2025,8615
73236,2026,8635
73236,2027,8647
73236,2028,8642
73236,2029,8649
73236,2030,8645
73236,2031,8637
73236,2032,8623
73236,2033,8594
73236,2034,8598
73236,2035,8559
73236,2036,8508
73236,2037,8485
73236,2038,8429
73236,2039,8376
73236,2040,8335
73236,2041,8273
73236,2042,8208
73268,2005,69597
73268,2006,69698
73268,2007,69737
73268,2008,69773
73268,2009,69826
73268,2010,69858
73268,2011,69928
73268,2012,69985
73268,2013,70045
73268,2014,70075
73268,2015,70155
73268,2016,70211
73268,2017,70379
73268,2018,70499
73268,2019,70814
73268,2020,71181
73268,2021,71416
73268,2022,71565
73268,2023,71609
73268,2024,71777
73268,2025,71888
73268,2026,71952
73268,2027,71964
73268,2028,71932
73268,2029,71920
73268,2030,71849
73268,2031,71780
73268,2032,71657
73268,2033,71531
73268,2034,71357
73268,2035,71153
73268,2036,70925
73268,2037,70667
73268,2038,70358
73268,2039,70055
73268,2040,69704
73268,2041,69315
73268,2042,68891
73270,2005,10042
73270,2006,9823
73270,2007,9626
73270,2008,9429
73270,2009,9226
73270,2010,9021
73270,2011,8807
73270,2012,8621
73270,2013,8453
73270,2014,8291
73270,2015,8143
73270,2016,8039
73270,2017,7839
73270,2018,7695
73270,2019,7757
73270,2020,7839
73270,2021,7882
73270,2022,7903
73270,2023,7922
73270,2024,7948
73270,2025,7980
73270,2026,7994
73270,2027,8003
73270,2028,8020
73270,2029,8034
73270,2030,8025
73270,2031,8013
73270,2032,8011
73270,2033,7977
73270,2034,7944
73270,2035,7921
73270,2036,7883
73270,2037,7866
73270,2038,7809
73270,2039,7754
73270,2040,7682
73270,2041,7638
73270,2042,7580
73275,2005,27846
73275,2006,27936
73275,2007,27964
73275,2008,28021
73275,2009,28050
73275,2010,28097
73275,2011,28187
73275,2012,28234
73275,2013,28243
73275,2014,28260
73275,2015,28279
73275,2016,28294
73275,2017,28376
73275,2018,28376
73275,2019,28542
73275,2020,28695
73275,2021,28838
73275,2022,28924
73275,2023,28971
73275,2024,29056
73275,2025,29121
73275,2026,29156
73275,2027,29171
73275,2028,29178
73275,2029,29195
73275,2030,29184
73275,2031,29163
73275,2032,29132
73275,2033,29105
73275,2034,29058
73275,2035,29007
73275,2036,28950
73275,2037,28877
73275,2038,28781
73275,2039,28698
73275,2040,28581
73275,2041,28470
73275,2042,28306
73283,2005,31457
73283,2006,31450
73283,2007,31429
73283,2008,31347
73283,2009,31305
73283,2010,31230
73283,2011,31238
73283,2012,31135
73283,2013,31110
73283,2014,31118
73283,2015,31078
73283,2016,31005
73283,2017,31035
73283,2018,31060
73283,2019,31295
73283,2020,31523
73283,2021,31638
73283,2022,31699
73283,2023,31745
73283,2024,31821
73283,2025,31853
73283,2026,31883
73283,2027,31901
73283,2028,31881
73283,2029,31843
73283,2030,31794
73283,2031,31719
73283,2032,31622
73283,2033,31527
73283,2034,31401
73283,2035,31262
73283,2036,31107
73283,2037,30922
73283,2038,30731
73283,2039,30533
73283,2040,30297
73283,2041,30067
73283,2042,29832
73319,2005,34780
73319,2006,34661
73319,2007,34473
73319,2008,34284
73319,2009,34124
73319,2010,33892
73319,2011,33820
73319,2012,33654
73319,2013,33539
73319,2014,33397
73319,2015,33247
73319,2016,33103
73319,2017,33026
73319,2018,32941
73319,2019,33176
73319,2020,33441
73319,2021,33574
73319,2022,33642
73319,2023,33684
73319,2024,33796
73319,2025,33860
73319,2026,33934
73319,2027,33948
73319,2028,33965
73319,2029,33960
73319,2030,33939
73319,2031,33929
73319,2032,33849
73319,2033,33763
73319,2034,33679
73319,2035,33576
73319,2036,33437
73319,2037,33288
73319,2038,33119
73319,2039,32932
73319,2040,32762
73319,2041,32547
73319,2042,32299
73347,2005,8883
73347,2006,8756
73347,2007,8619
73347,2008,8489
73347,2009,8361
73347,2010,8214
73347,2011,8094
73347,2012,7973
73347,2013,7810
73347,2014,7682
73347,2015,7616
73347,2016,7562
73347,2017,7419
73347,2018,7359
73347,2019,7491
73347,2020,7626
73347,2021,7654
73347,2022,7640
73347,2023,7622
73347,2024,7598
73347,2025,7588
73347,2026,7565
73347,2027,7530
73347,2028,7477
73347,2029,7450
73347,2030,7376
73347,2031,7329
73347,2032,7267
73347,2033,7210
73347,2034,7153
73347,2035,7082
73347,2036,7007
73347,2037,6922
73347,2038,6838
73347,2039,6762
73347,2040,6675
73347,2041,6589
73347,2042,6495
73349,2005,27356
73349,2006,27152
73349,2007,26990
73349,2008,26732
73349,2009,26480
73349,2010,26292
73349,2011,26081
73349,2012,25870
73349,2013,25649
73349,2014,25456
73349,2015,25281
73349,2016,25060
73349,2017,24925
73349,2018,24684
73349,2019,24729
73349,2020,24795
73349,2021,24867
73349,2022,24900
73349,2023,24915
73349,2024,24953
73349,2025,24969
73349,2026,24973
73349,2027,24958
73349,2028,24937
73349,2029,24914
73349,2030,24891
73349,2031,24854
73349,2032,24829
73349,2033,24781
73349,2034,24749
73349,2035,24692
73349,2036,24623
73349,2037,24558
73349,2038,24456
73349,2039,24380
73349,2040,24290
73349,2041,24151
73349,2042,24036
73352,2005,11797
73352,2006,11741
73352,2007,11748
73352,2008,11722
73352,2009,11701
73352,2010,11708
73352,2011,11744
73352,2012,11759
73352,2013,11796
73352,2014,11784
73352,2015,11745
73352,2016,11764
73352,2017,11852
73352,2018,11892
73352,2019,12024
73352,2020,12172
73352,2021,12238
73352,2022,12295
73352,2023,12361
73352,2024,12415
73352,2025,12460
73352,2026,12523
73352,2027,12558
73352,2028,12589
73352,2029,12601
73352,2030,12616
73352,2031,12602
73352,2032,12611
73352,2033,12573
73352,2034,12531
73352,2035,12524
73352,2036,12473
73352,2037,12423
73352,2038,12365
73352,2039,12311
73352,2040,12235
73352,2041,12146
73352,2042,12075
73408,2005,17614
73408,2006,17684
73408,2007,17751
73408,2008,17864
73408,2009,17886
73408,2010,17986
73408,2011,18056
73408,2012,18154
73408,2013,18193
73408,2014,18254
73408,2015,18353
73408,2016,18407
73408,2017,18510
73408,2018,18592
73408,2019,18603
73408,2020,18632
73408,2021,18641
73408,2022,18605
73408,2023,18555
73408,2024,18514
73408,2025,18483
73408,2026,18411
73408,2027,18356
73408,2028,18282
73408,2029,18199
73408,2030,18104
73408,2031,18010
73408,2032,17892
73408,2033,17798
73408,2034,17665
73408,2035,17563
73408,2036,17410
73408,2037,17276
73408,2038,17135
73408,2039,16985
73408,2040,16825
73408,2041,16669
73408,2042,16505
73411,2005,40825
73411,2006,40496
73411,2007,40159
73411,2008,39830
73411,2009,39458
73411,2010,39162
73411,2011,38882
73411,2012,38481
73411,2013,38169
73411,2014,37925
73411,2015,37604
73411,2016,37293
73411,2017,37023
73411,2018,36793
73411,2019,36968
73411,2020,37168
73411,2021,37306
73411,2022,37378
73411,2023,37413
73411,2024,37508
73411,2025,37588
73411,2026,37626
73411,2027,37649
73411,2028,37643
73411,2029,37643
73411,2030,37610
73411,2031,37564
73411,2032,37543
73411,2033,37434
73411,2034,37340
73411,2035,37243
73411,2036,37103
73411,2037,36960
73411,2038,36808
73411,2039,36613
73411,2040,36408
73411,2041,36221
73411,2042,35995
73443,2005,34829
73443,2006,35085
73443,2007,35318
73443,2008,35566
73443,2009,35765
73443,2010,35978
73443,2011,36204
73443,2012,36433
73443,2013,36624
73443,2014,36826
73443,2015,37005
73443,2016,37257
73443,2017,37532
73443,2018,37766
73443,2019,38252
73443,2020,38758
73443,2021,39181
73443,2022,39506
73443,2023,39801
73443,2024,40114
73443,2025,40392
73443,2026,40644
73443,2027,40845
73443,2028,41015
73443,2029,41194
73443,2030,41327
73443,2031,41425
73443,2032,41506
73443,2033,41578
73443,2034,41611
73443,2035,41619
73443,2036,41602
73443,2037,41554
73443,2038,41505
73443,2039,41410
73443,2040,41287
73443,2041,41154
73443,2042,41001
73449,2005,31102
73449,2006,31552
73449,2007,31972
73449,2008,32391
73449,2009,32815
73449,2010,33242
73449,2011,33664
73449,2012,34057
73449,2013,34462
73449,2014,34837
73449,2015,35314
73449,2016,35741
73449,2017,36193
73449,2018,36544
73449,2019,37013
73449,2020,37494
73449,2021,37937
73449,2022,38343
73449,2023,38706
73449,2024,39096
73449,2025,39472
73449,2026,39791
73449,2027,40121
73449,2028,40423
73449,2029,40713
73449,2030,41020
73449,2031,41294
73449,2032,41541
73449,2033,41790
73449,2034,42020
73449,2035,42241
73449,2036,42440
73449,2037,42627
73449,2038,42792
73449,2039,42931
73449,2040,43072
73449,2041,43184
73449,2042,43259
73461,2005,3804
73461,2006,3816
73461,2007,3852
73461,2008,3879
73461,2009,3899
73461,2010,3896
73461,2011,3918
73461,2012,3962
73461,2013,3986
73461,2014,4015
73461,2015,4044
73461,2016,4100
73461,2017,4127
73461,2018,4116
73461,2019,4201
73461,2020,4235
73461,2021,4250
73461,2022,4257
73461,2023,4248
73461,2024,4251
73461,2025,4232
73461,2026,4222
73461,2027,4202
73461,2028,4166
73461,2029,4174
73461,2030,4126
73461,2031,4119
73461,2032,4076
73461,2033,4052
73461,2034,4013
73461,2035,3981
73461,2036,3944
73461,2037,3890
73461,2038,3867
73461,2039,3818
73461,2040,3770
73461,2041,3737
73461,2042,3675
73483,2005,17524
73483,2006,17247
73483,2007,17021
73483,2008,16822
73483,2009,16582
73483,2010,16383
73483,2011,16165
73483,2012,15982
73483,2013,15753
73483,2014,15530
73483,2015,15391
73483,2016,15247
73483,2017,15067
73483,2018,14843
73483,2019,15007
73483,2020,15152
73483,2021,15301
73483,2022,15441
73483,2023,15596
73483,2024,15717
73483,2025,15879
73483,2026,15989
73483,2027,16128
73483,2028,16218
73483,2029,16340
73483,2030,16445
73483,2031,16525
73483,2032,16621
73483,2033,16697
73483,2034,16766
73483,2035,16833
73483,2036,16904
73483,2037,16938
73483,2038,16991
73483,2039,17025
73483,2040,17068
73483,2041,17085
73483,2042,17111
73504,2005,34408
73504,2006,34332
73504,2007,34315
73504,2008,34248
73504,2009,34258
73504,2010,34266
73504,2011,34245
73504,2012,34235
73504,2013,34265
73504,2014,34274
73504,2015,34369
73504,2016,34451
73504,2017,34429
73504,2018,34606
73504,2019,35050
73504,2020,35516
73504,2021,35749
73504,2022,35925
73504,2023,36081
73504,2024,36303
73504,2025,36466
73504,2026,36604
73504,2027,36723
73504,2028,36828
73504,2029,36896
73504,2030,36931
73504,2031,36938
73504,2032,36900
73504,2033,36845
73504,2034,36773
73504,2035,36675
73504,2036,36527
73504,2037,36377
73504,2038,36213
73504,2039,35997
73504,2040,35777
73504,2041,35527
73504,2042,35289
73520,2005,12160
73520,2006,11937
73520,2007,11724
73520,2008,11506
73520,2009,11344
73520,2010,11132
73520,2011,10934
73520,2012,10775
73520,2013,10566
73520,2014,10418
73520,2015,10200
73520,2016,10017
73520,2017,9863
73520,2018,9728
73520,2019,9839
73520,2020,9940
73520,2021,10000
73520,2022,10051
73520,2023,10080
73520,2024,10120
73520,2025,10174
73520,2026,10212
73520,2027,10218
73520,2028,10241
73520,2029,10237
73520,2030,10229
73520,2031,10232
73520,2032,10206
73520,2033,10198
73520,2034,10182
73520,2035,10130
73520,2036,10113
73520,2037,10047
73520,2038,10001
73520,2039,9944
73520,2040,9879
73520,2041,9795
73520,2042,9746
73547,2005,6404
73547,2006,6403
73547,2007,6439
73547,2008,6420
73547,2009,6488
73547,2010,6542
73547,2011,6532
73547,2012,6572
73547,2013,6571
73547,2014,6598
73547,2015,6621
73547,2016,6647
73547,2017,6681
73547,2018,6698
73547,2019,6845
73547,2020,7010
73547,2021,7121
73547,2022,7221
73547,2023,7297
73547,2024,7393
73547,2025,7477
73547,2026,7565
73547,2027,7620
73547,2028,7672
73547,2029,7734
73547,2030,7771
73547,2031,7816
73547,2032,7829
73547,2033,7867
73547,2034,7900
73547,2035,7899
73547,2036,7891
73547,2037,7888
73547,2038,7884
73547,2039,7864
73547,2040,7829
73547,2041,7812
73547,2042,7776
73555,2005,25360
73555,2006,25364
73555,2007,25366
73555,2008,25360
73555,2009,25379
73555,2010,25388
73555,2011,25387
73555,2012,25428
73555,2013,25452
73555,2014,25500
73555,2015,25525
73555,2016,25623
73555,2017,25672
73555,2018,25767
73555,2019,26013
73555,2020,26243
73555,2021,26472
73555,2022,26682
73555,2023,26845
73555,2024,27075
73555,2025,27270
73555,2026,27457
73555,2027,27615
73555,2028,27763
73555,2029,27916
73555,2030,28041
73555,2031,28166
73555,2032,28276
73555,2033,28374
73555,2034,28476
73555,2035,28563
73555,2036,28620
73555,2037,28684
73555,2038,28737
73555,2039,28769
73555,2040,28804
73555,2041,28831
73555,2042,28835
73563,2005,9244
73563,2006,9151
73563,2007,9094
73563,2008,9030
73563,2009,8952
73563,2010,8919
73563,2011,8860
73563,2012,8839
73563,2013,8807
73563,2014,8768
73563,2015,8726
73563,2016,8605
73563,2017,8492
73563,2018,8491
73563,2019,8558
73563,2020,8603
73563,2021,8637
73563,2022,8624
73563,2023,8630
73563,2024,8623
73563,2025,8634
73563,2026,8625
73563,2027,8599
73563,2028,8586
73563,2029,8580
73563,2030,8539
73563,2031,8524
73563,2032,8462
73563,2033,8420
73563,2034,8377
73563,2035,8334
73563,2036,8258
73563,2037,8206
73563,2038,8132
73563,2039,8079
73563,2040,7993
73563,2041,7914
73563,2042,7842
73585,2005,24436
73585,2006,24369
73585,2007,24287
73585,2008,24199
73585,2009,24113
73585,2010,24074
73585,2011,23955
73585,2012,23892
73585,2013,23795
73585,2014,23716
73585,2015,23647
73585,2016,23601
73585,2017,23593
73585,2018,23521
73585,2019,23682
73585,2020,23840
73585,2021,23892
73585,2022,23947
73585,2023,23997
73585,2024,24074
73585,2025,24120
73585,2026,24149
73585,2027,24160
73585,2028,24166
73585,2029,24180
73585,2030,24156
73585,2031,24146
73585,2032,24105
73585,2033,24039
73585,2034,23983
73585,2035,23908
73585,2036,23812
73585,2037,23725
73585,2038,23613
73585,2039,23480
73585,2040,23378
73585,2041,23220
73585,2042,23058
73616,2005,24060
73616,2006,23951
73616,2007,23806
73616,2008,23663
73616,2009,23522
73616,2010,23413
73616,2011,23310
73616,2012,23179
73616,2013,23119
73616,2014,23022
73616,2015,22954
73616,2016,22829
73616,2017,22746
73616,2018,22775
73616,2019,22954
73616,2020,23163
73616,2021,23358
73616,2022,23530
73616,2023,23669
73616,2024,23853
73616,2025,24014
73616,2026,24152
73616,2027,24280
73616,2028,24420
73616,2029,24521
73616,2030,24633
73616,2031,24725
73616,2032,24803
73616,2033,24888
73616,2034,24964
73616,2035,25025
73616,2036,25076
73616,2037,25111
73616,2038,25160
73616,2039,25190
73616,2040,25206
73616,2041,25207
73616,2042,25214
73622,2005,5924
73622,2006,5885
73622,2007,5856
73622,2008,5808
73622,2009,5758
73622,2010,5731
73622,2011,5661
73622,2012,5645
73622,2013,5609
73622,2014,5546
73622,2015,5511
73622,2016,5485
73622,2017,5466
73622,2018,5470
73622,2019,5495
73622,2020,5549
73622,2021,5580
73622,2022,5600
73622,2023,5607
73622,2024,5609
73622,2025,5642
73622,2026,5652
73622,2027,5660
73622,2028,5671
73622,2029,5666
73622,2030,5661
73622,2031,5653
73622,2032,5649
73622,2033,5639
73622,2034,5609
73622,2035,5590
73622,2036,5574
73622,2037,5543
73622,2038,5514
73622,2039,5472
73622,2040,5445
73622,2041,5416
73622,2042,5372
73624,2005,23000
73624,2006,22917
73624,2007,22773
73624,2008,22669
73624,2009,22543
73624,2010,22442
73624,2011,22337
73624,2012,22229
73624,2013,22109
73624,2014,21989
73624,2015,21897
73624,2016,21808
73624,2017,21800
73624,2018,21673
73624,2019,21848
73624,2020,22023
73624,2021,22138
73624,2022,22190
73624,2023,22250
73624,2024,22305
73624,2025,22356
73624,2026,22391
73624,2027,22430
73624,2028,22404
73624,2029,22406
73624,2030,22381
73624,2031,22342
73624,2032,22311
73624,2033,22217
73624,2034,22163
73624,2035,22063
73624,2036,21988
73624,2037,21866
73624,2038,21733
73624,2039,21609
73624,2040,21465
73624,2041,21299
73624,2042,21165
73671,2005,14646
73671,2006,14615
73671,2007,14574
73671,2008,14533
73671,2009,14516
73671,2010,14474
73671,2011,14523
73671,2012,14477
73671,2013,14456
73671,2014,14403
73671,2015,14412
73671,2016,14513
73671,2017,14446
73671,2018,14436
73671,2019,14532
73671,2020,14609
73671,2021,14674
73671,2022,14717
73671,2023,14733
73671,2024,14768
73671,2025,14797
73671,2026,14826
73671,2027,14818
73671,2028,14839
73671,2029,14813
73671,2030,14831
73671,2031,14814
73671,2032,14776
73671,2033,14748
73671,2034,14717
73671,2035,14660
73671,2036,14612
73671,2037,14541
73671,2038,14486
73671,2039,14395
73671,2040,14322
73671,2041,14246
73671,2042,14160
73675,2005,15391
73675,2006,15163
73675,2007,14952
73675,2008,14721
73675,2009,14509
73675,2010,14304
73675,2011,14107
73675,2012,13918
73675,2013,13750
73675,2014,13582
73675,2015,13378
73675,2016,13165
73675,2017,13016
73675,2018,12901
73675,2019,13003
73675,2020,13122
73675,2021,13179
73675,2022,13213
73675,2023,13228
73675,2024,13284
73675,2025,13336
73675,2026,13351
73675,2027,13379
73675,2028,13376
73675,2029,13388
73675,2030,13390
73675,2031,13364
73675,2032,13347
73675,2033,13328
73675,2034,13283
73675,2035,13230
73675,2036,13173
73675,2037,13121
73675,2038,13052
73675,2039,12960
73675,2040,12873
73675,2041,12781
73675,2042,12677
73678,2005,14181
73678,2006,14084
73678,2007,14003
73678,2008,13941
73678,2009,13911
73678,2010,13872
73678,2011,13826
73678,2012,13777
73678,2013,13747
73678,2014,13710
73678,2015,13619
73678,2016,13576
73678,2017,13550
73678,2018,13558
73678,2019,13678
73678,2020,13805
73678,2021,13860
73678,2022,13893
73678,2023,13922
73678,2024,13979
73678,2025,14022
73678,2026,14054
73678,2027,14068
73678,2028,14081
73678,2029,14095
73678,2030,14121
73678,2031,14083
73678,2032,14074
73678,2033,14032
73678,2034,13996
73678,2035,13938
73678,2036,13889
73678,2037,13803
73678,2038,13739
73678,2039,13636
73678,2040,13543
73678,2041,13453
73678,2042,13353
73686,2005,6538
73686,2006,6470
73686,2007,6391
73686,2008,6341
73686,2009,6242
73686,2010,6151
73686,2011,6121
73686,2012,6059
73686,2013,5992
73686,2014,5946
73686,2015,5857
73686,2016,5802
73686,2017,5782
73686,2018,5779
73686,2019,5821
73686,2020,5873
73686,2021,5900
73686,2022,5904
73686,2023,5925
73686,2024,5933
73686,2025,5940
73686,2026,5976
73686,2027,5982
73686,2028,5990
73686,2029,5983
73686,2030,5974
73686,2031,5976
73686,2032,5958
73686,2033,5953
73686,2034,5925
73686,2035,5925
73686,2036,5886
73686,2037,5851
73686,2038,5830
73686,2039,5795
73686,2040,5742
73686,2041,5699
73686,2042,5666
73770,2005,4189
73770,2006,4223
73770,2007,4164
73770,2008,4136
73770,2009,4056
73770,2010,3979
73770,2011,3926
73770,2012,3924
73770,2013,3900
73770,2014,3890
73770,2015,3858
73770,2016,3834
73770,2017,3817
73770,2018,3821
73770,2019,3839
73770,2020,3855
73770,2021,3886
73770,2022,3904
73770,2023,3890
73770,2024,3916
73770,2025,3924
73770,2026,3926
73770,2027,3951
73770,2028,3929
73770,2029,3935
73770,2030,3944
73770,2031,3933
73770,2032,3929
73770,2033,3926
73770,2034,3907
73770,2035,3893
73770,2036,3897
73770,2037,3870
73770,2038,3834
73770,2039,3826
73770,2040,3806
73770,2041,3773
73770,2042,3743
73854,2005,5617
73854,2006,5612
73854,2007,5587
73854,2008,5539
73854,2009,5582
73854,2010,5566
73854,2011,5512
73854,2012,5448
73854,2013,5390
73854,2014,5392
73854,2015,5390
73854,2016,5377
73854,2017,5354
73854,2018,5337
73854,2019,5375
73854,2020,5438
73854,2021,5466
73854,2022,5464
73854,2023,5467
73854,2024,5503
73854,2025,5511
73854,2026,5515
73854,2027,5523
73854,2028,5531
73854,2029,5525
73854,2030,5529
73854,2031,5533
73854,2032,5517
73854,2033,5521
73854,2034,5498
73854,2035,5479
73854,2036,5450
73854,2037,5405
73854,2038,5395
73854,2039,5353
73854,2040,5330
73854,2041,5292
73854,2042,5254
73861,2005,14215
73861,2006,14078
73861,2007,13968
73861,2008,13880
73861,2009,13782
73861,2010,13656
73861,2011,13486
73861,2012,13422
73861,2013,13319
73861,2014,13252
73861,2015,13102
73861,2016,13020
73861,2017,12917
73861,2018,12814
73861,2019,12868
73861,2020,12944
73861,2021,12961
73861,2022,12993
73861,2023,13023
73861,2024,13031
73861,2025,13072
73861,2026,13092
73861,2027,13101
73861,2028,13076
73861,2029,13094
73861,2030,13087
73861,2031,13061
73861,2032,13031
73861,2033,13025
73861,2034,12996
73861,2035,12946
73861,2036,12908
73861,2037,12855
73861,2038,12810
73861,2039,12756
73861,2040,12666
73861,2041,12605
73861,2042,12544
73870,2005,10953
73870,2006,10787
73870,2007,10656
73870,2008,10487
73870,2009,10308
73870,2010,10199
73870,2011,10081
73870,2012,9964
73870,2013,9873
73870,2014,9744
73870,2015,9561
73870,2016,9474
73870,2017,9395
73870,2018,9285
73870,2019,9347
73870,2020,9440
73870,2021,9473
73870,2022,9506
73870,2023,9521
73870,2024,9556
73870,2025,9587
73870,2026,9603
73870,2027,9618
73870,2028,9618
73870,2029,9627
73870,2030,9617
73870,2031,9613
73870,2032,9604
73870,2033,9583
73870,2034,9553
73870,2035,9505
73870,2036,9468
73870,2037,9424
73870,2038,9368
73870,2039,9298
73870,2040,9255
73870,2041,9217
73870,2042,9124
73873,2005,6773
73873,2006,6635
73873,2007,6513
73873,2008,6409
73873,2009,6281
73873,2010,6175
73873,2011,6044
73873,2012,5922
73873,2013,5762
73873,2014,5581
73873,2015,5421
73873,2016,5315
73873,2017,5197
73873,2018,5123
73873,2019,5164
73873,2020,5207
73873,2021,5231
73873,2022,5242
73873,2023,5251
73873,2024,5280
73873,2025,5301
73873,2026,5290
73873,2027,5303
73873,2028,5309
73873,2029,5310
73873,2030,5307
73873,2031,5287
73873,2032,5300
73873,2033,5288
73873,2034,5276
73873,2035,5236
73873,2036,5224
73873,2037,5205
73873,2038,5180
73873,2039,5161
73873,2040,5124
73873,2041,5082
73873,2042,5044
76001,2005,2084896
76001,2006,2100705
76001,2007,2114530
76001,2008,2125561
76001,2009,2135980
76001,2010,2146535
76001,2011,2156926
76001,2012,2165625
76001,2013,2172204
76001,2014,2178842
76001,2015,2186576
76001,2016,2195915
76001,2017,2205615
76001,2018,2227649
76001,2019,2248066
76001,2020,2272432
76001,2021,2282418
76001,2022,2283342
76001,2023,2280485
76001,2024,2280171
76001,2025,2277296
76001,2026,2269983
76001,2027,2261787
76001,2028,2252899
76001,2029,2243456
76001,2030,2233593
76001,2031,2223303
76001,2032,2212511
76001,2033,2201282
76001,2034,2189573
76001,2035,2177352
76001,2036,2164629
76001,2037,2151363
76001,2038,2137545
76001,2039,2123177
76001,2040,2108246
76001,2041,2092738
76001,2042,2076657
76020,2005,14795
76020,2006,14772
76020,2007,14736
76020,2008,14688
76020,2009,14629
76020,2010,14585
76020,2011,14495
76020,2012,14405
76020,2013,14360
76020,2014,14261
76020,2015,14179
76020,2016,14161
76020,2017,14079
76020,2018,14067
76020,2019,14195
76020,2020,14308
76020,2021,14354
76020,2022,14380
76020,2023,14352
76020,2024,14381
76020,2025,14359
76020,2026,14335
76020,2027,14317
76020,2028,14256
76020,2029,14204
76020,2030,14177
76020,2031,14125
76020,2032,14052
76020,2033,13987
76020,2034,13919
76020,2035,13835
76020,2036,13750
76020,2037,13666
76020,2038,13571
76020,2039,13471
76020,2040,13348
76020,2041,13250
76020,2042,13105
76036,2005,21762
76036,2006,21875
76036,2007,21950
76036,2008,21997
76036,2009,22012
76036,2010,22134
76036,2011,22133
76036,2012,22185
76036,2013,22194
76036,2014,22200
76036,2015,22254
76036,2016,22294
76036,2017,22302
76036,2018,22448
76036,2019,22899
76036,2020,23361
76036,2021,23735
76036,2022,24038
76036,2023,24302
76036,2024,24590
76036,2025,24857
76036,2026,25109
76036,2027,25329
76036,2028,25524
76036,2029,25728
76036,2030,25912
76036,2031,26085
76036,2032,26267
76036,2033,26415
76036,2034,26558
76036,2035,26710
76036,2036,26825
76036,2037,26942
76036,2038,27061
76036,2039,27155
76036,2040,27215
76036,2041,27292
76036,2042,27350
76041,2005,19195
76041,2006,19080
76041,2007,18976
76041,2008,18825
76041,2009,18696
76041,2010,18544
76041,2011,18431
76041,2012,18287
76041,2013,18145
76041,2014,17945
76041,2015,17801
76041,2016,17662
76041,2017,17543
76041,2018,17442
76041,2019,17644
76041,2020,17850
76041,2021,17923
76041,2022,17915
76041,2023,17884
76041,2024,17894
76041,2025,17879
76041,2026,17825
76041,2027,17765
76041,2028,17718
76041,2029,17648
76041,2030,17578
76041,2031,17469
76041,2032,17387
76041,2033,17296
76041,2034,17197
76041,2035,17078
76041,2036,16933
76041,2037,16820
76041,2038,16645
76041,2039,16518
76041,2040,16359
76041,2041,16197
76041,2042,16044
76054,2005,7080
76054,2006,6913
76054,2007,6761
76054,2008,6642
76054,2009,6534
76054,2010,6437
76054,2011,6324
76054,2012,6155
76054,2013,5999
76054,2014,5864
76054,2015,5688
76054,2016,5564
76054,2017,5484
76054,2018,5391
76054,2019,5459
76054,2020,5523
76054,2021,5567
76054,2022,5539
76054,2023,5537
76054,2024,5543
76054,2025,5524
76054,2026,5538
76054,2027,5498
76054,2028,5464
76054,2029,5456
76054,2030,5417
76054,2031,5398
76054,2032,5365
76054,2033,5338
76054,2034,5299
76054,2035,5258
76054,2036,5209
76054,2037,5171
76054,2038,5127
76054,2039,5076
76054,2040,5017
76054,2041,4966
76054,2042,4926
76100,2005,17486
76100,2006,17403
76100,2007,17314
76100,2008,17221
76100,2009,17054
76100,2010,16940
76100,2011,16814
76100,2012,16694
76100,2013,16551
76100,2014,16441
76100,2015,16207
76100,2016,16117
76100,2017,16000
76100,2018,16003
76100,2019,16052
76100,2020,16107
76100,2021,16144
76100,2022,16130
76100,2023,16087
76100,2024,16071
76100,2025,16013
76100,2026,15958
76100,2027,15882
76100,2028,15805
76100,2029,15730
76100,2030,15637
76100,2031,15535
76100,2032,15441
76100,2033,15332
76100,2034,15220
76100,2035,15102
76100,2036,14980
76100,2037,14833
76100,2038,14694
76100,2039,14576
76100,2040,14416
76100,2041,14269
76100,2042,14101
76109,2005,287378
76109,2006,289561
76109,2007,291494
76109,2008,293067
76109,2009,294554
76109,2010,296080
76109,2011,297593
76109,2012,298906
76109,2013,299904
76109,2014,300895
76109,2015,302099
76109,2016,303516
76109,2017,305003
76109,2018,308193
76109,2019,311801
76109,2020,315455
76109,2021,318820
76109,2022,322036
76109,2023,325233
76109,2024,328686
76109,2025,332054
76109,2026,335217
76109,2027,338222
76109,2028,341102
76109,2029,343812
76109,2030,346349
76109,2031,348699
76109,2032,350880
76109,2033,352905
76109,2034,354772
76109,2035,356486
76109,2036,358047
76109,2037,359517
76109,2038,360871
76109,2039,362131
76109,2040,363308
76109,2041,364421
76109,2042,365429
76111,2005,125642
76111,2006,126037
76111,2007,126314
76111,2008,126455
76111,2009,126563
76111,2010,126669
76111,2011,126742
76111,2012,126800
76111,2013,126678
76111,2014,126557
76111,2015,126493
76111,2016,126591
76111,2017,126669
76111,2018,127542
76111,2019,128980
76111,2020,130429
76111,2021,131232
76111,2022,131647
76111,2023,131814
76111,2024,132138
76111,2025,132303
76111,2026,132250
76111,2027,132134
76111,2028,131949
76111,2029,131698
76111,2030,131389
76111,2031,131028
76111,2032,130596
76111,2033,130129
76111,2034,129594
76111,2035,128994
76111,2036,128350
76111,2037,127669
76111,2038,126932
76111,2039,126146
76111,2040,125316
76111,2041,124443
76111,2042,123529
76113,2005,25231
76113,2006,25229
76113,2007,25156
76113,2008,25087
76113,2009,24998
76113,2010,24920
76113,2011,24842
76113,2012,24755
76113,2013,24628
76113,2014,24514
76113,2015,24448
76113,2016,24352
76113,2017,24147
76113,2018,24332
76113,2019,24559
76113,2020,24843
76113,2021,25037
76113,2022,25179
76113,2023,25273
76113,2024,25391
76113,2025,25476
76113,2026,25527
76113,2027,25561
76113,2028,25590
76113,2029,25599
76113,2030,25604
76113,2031,25580
76113,2032,25580
76113,2033,25535
76113,2034,25501
76113,2035,25444
76113,2036,25385
76113,2037,25312
76113,2038,25215
76113,2039,25134
76113,2040,25024
76113,2041,24912
76113,2042,24773
76122,2005,32405
76122,2006,32116
76122,2007,31917
76122,2008,31619
76122,2009,31332
76122,2010,31046
76122,2011,30766
76122,2012,30469
76122,2013,30147
76122,2014,29816
76122,2015,29528
76122,2016,29227
76122,2017,28956
76122,2018,28825
76122,2019,29157
76122,2020,29526
76122,2021,29738
76122,2022,29873
76122,2023,29956
76122,2024,30115
76122,2025,30193
76122,2026,30248
76122,2027,30313
76122,2028,30335
76122,2029,30361
76122,2030,30380
76122,2031,30349
76122,2032,30333
76122,2033,30304
76122,2034,30281
76122,2035,30228
76122,2036,30151
76122,2037,30066
76122,2038,29971
76122,2039,29860
76122,2040,29749
76122,2041,29609
76122,2042,29467
76126,2005,16162
76126,2006,16354
76126,2007,16526
76126,2008,16645
76126,2009,16823
76126,2010,16979
76126,2011,17096
76126,2012,17230
76126,2013,17350
76126,2014,17504
76126,2015,17623
76126,2016,17767
76126,2017,17858
76126,2018,18051
76126,2019,18297
76126,2020,18595
76126,2021,18786
76126,2022,18946
76126,2023,19054
76126,2024,19194
76126,2025,19313
76126,2026,19402
76126,2027,19489
76126,2028,19571
76126,2029,19626
76126,2030,19668
76126,2031,19722
76126,2032,19752
76126,2033,19769
76126,2034,19805
76126,2035,19816
76126,2036,19821
76126,2037,19792
76126,2038,19797
76126,2039,19769
76126,2040,19742
76126,2041,19695
76126,2042,19663
76130,2005,76846
76130,2006,78188
76130,2007,79392
76130,2008,80603
76130,2009,81717
76130,2010,82881
76130,2011,83964
76130,2012,85024
76130,2013,86012
76130,2014,86968
76130,2015,88018
76130,2016,89130
76130,2017,90123
76130,2018,91829
76130,2019,95612
76130,2020,99661
76130,2021,102604
76130,2022,105279
76130,2023,107848
76130,2024,110619
76130,2025,113360
76130,2026,115933
76130,2027,118505
76130,2028,121085
76130,2029,123704
76130,2030,126304
76130,2031,128901
76130,2032,131490
76130,2033,134071
76130,2034,136669
76130,2035,139209
76130,2036,141772
76130,2037,144297
76130,2038,146804
76130,2039,149268
76130,2040,151706
76130,2041,154092
76130,2042,156459
76147,2005,133450
76147,2006,133899
76147,2007,134223
76147,2008,134394
76147,2009,134524
76147,2010,134635
76147,2011,134788
76147,2012,134829
76147,2013,134754
76147,2014,134684
76147,2015,134645
76147,2016,134759
76147,2017,134923
76147,2018,135733
76147,2019,137048
76147,2020,138481
76147,2021,140005
76147,2022,141074
76147,2023,141786
76147,2024,142792
76147,2025,143613
76147,2026,144206
76147,2027,144729
76147,2028,145193
76147,2029,145598
76147,2030,145983
76147,2031,146283
76147,2032,146542
76147,2033,146757
76147,2034,146885
76147,2035,146969
76147,2036,146990
76147,2037,146923
76147,2038,146796
76147,2039,146608
76147,2040,146343
76147,2041,145998
76147,2042,145554
76233,2005,43670
76233,2006,44121
76233,2007,44547
76233,2008,44899
76233,2009,45234
76233,2010,45589
76233,2011,45937
76233,2012,46315
76233,2013,46622
76233,2014,46833
76233,2015,47017
76233,2016,47427
76233,2017,47777
76233,2018,48448
76233,2019,50402
76233,2020,52496
76233,2021,53984
76233,2022,55263
76233,2023,56463
76233,2024,57738
76233,2025,58952
76233,2026,60038
76233,2027,61094
76233,2028,62130
76233,2029,63104
76233,2030,64081
76233,2031,65003
76233,2032,65897
76233,2033,66760
76233,2034,67554
76233,2035,68336
76233,2036,69068
76233,2037,69740
76233,2038,70368
76233,2039,70963
76233,2040,71510
76233,2041,72006
76233,2042,72454
76243,2005,10967
76243,2006,10821
76243,2007,10657
76243,2008,10537
76243,2009,10381
76243,2010,10232
76243,2011,10091
76243,2012,9897
76243,2013,9678
76243,2014,9477
76243,2015,9294
76243,2016,9177
76243,2017,9029
76243,2018,8905
76243,2019,9064
76243,2020,9244
76243,2021,9250
76243,2022,9251
76243,2023,9223
76243,2024,9210
76243,2025,9208
76243,2026,9164
76243,2027,9107
76243,2028,9061
76243,2029,9016
76243,2030,8939
76243,2031,8879
76243,2032,8813
76243,2033,8727
76243,2034,8672
76243,2035,8551
76243,2036,8481
76243,2037,8376
76243,2038,8286
76243,2039,8183
76243,2040,8075
76243,2041,7974
76243,2042,7854
76246,2005,9326
76246,2006,9157
76246,2007,8953
76246,2008,8782
76246,2009,8576
76246,2010,8389
76246,2011,8172
76246,2012,7991
76246,2013,7821
76246,2014,7604
76246,2015,7392
76246,2016,7149
76246,2017,6997
76246,2018,6849
76246,2019,6943
76246,2020,7044
76246,2021,7055
76246,2022,7054
76246,2023,7032
76246,2024,7034
76246,2025,7026
76246,2026,7010
76246,2027,6972
76246,2028,6952
76246,2029,6908
76246,2030,6891
76246,2031,6847
76246,2032,6798
76246,2033,6756
76246,2034,6696
76246,2035,6654
76246,2036,6594
76246,2037,6540
76246,2038,6481
76246,2039,6411
76246,2040,6344
76246,2041,6272
76246,2042,6205
76248,2005,54410
76248,2006,54697
76248,2007,54915
76248,2008,55075
76248,2009,55189
76248,2010,55344
76248,2011,55481
76248,2012,55575
76248,2013,55629
76248,2014,55656
76248,2015,55725
76248,2016,55876
76248,2017,55879
76248,2018,56459
76248,2019,56746
76248,2020,57072
76248,2021,57160
76248,2022,57090
76248,2023,56919
76248,2024,56819
76248,2025,56653
76248,2026,56397
76248,2027,56114
76248,2028,55794
76248,2029,55476
76248,2030,55106
76248,2031,54728
76248,2032,54326
76248,2033,53913
76248,2034,53465
76248,2035,53026
76248,2036,52534
76248,2037,52036
76248,2038,51525
76248,2039,50994
76248,2040,50443
76248,2041,49882
76248,2042,49317
76250,2005,11167
76250,2006,11032
76250,2007,10859
76250,2008,10663
76250,2009,10468
76250,2010,10334
76250,2011,10175
76250,2012,9982
76250,2013,9752
76250,2014,9589
76250,2015,9364
76250,2016,9154
76250,2017,8999
76250,2018,8892
76250,2019,8969
76250,2020,9062
76250,2021,9120
76250,2022,9185
76250,2023,9192
76250,2024,9256
76250,2025,9279
76250,2026,9312
76250,2027,9311
76250,2028,9319
76250,2029,9326
76250,2030,9328
76250,2031,9315
76250,2032,9313
76250,2033,9302
76250,2034,9294
76250,2035,9275
76250,2036,9244
76250,2037,9224
76250,2038,9200
76250,2039,9169
76250,2040,9135
76250,2041,9083
76250,2042,9055
76275,2005,55051
76275,2006,55333
76275,2007,55583
76275,2008,55743
76275,2009,55905
76275,2010,56056
76275,2011,56210
76275,2012,56328
76275,2013,56382
76275,2014,56435
76275,2015,56530
76275,2016,56713
76275,2017,56879
76275,2018,57382
76275,2019,57629
76275,2020,57951
76275,2021,58013
76275,2022,57906
76275,2023,57700
76275,2024,57543
76275,2025,57327
76275,2026,57017
76275,2027,56705
76275,2028,56344
76275,2029,55958
76275,2030,55582
76275,2031,55150
76275,2032,54700
76275,2033,54234
76275,2034,53758
76275,2035,53252
76275,2036,52742
76275,2037,52191
76275,2038,51637
76275,2039,51080
76275,2040,50473
76275,2041,49886
76275,2042,49278
76306,2005,20692
76306,2006,20884
76306,2007,21084
76306,2008,21259
76306,2009,21438
76306,2010,21556
76306,2011,21709
76306,2012,21841
76306,2013,21963
76306,2014,22083
76306,2015,22189
76306,2016,22381
76306,2017,22385
76306,2018,22736
76306,2019,23058
76306,2020,23382
76306,2021,23667
76306,2022,23870
76306,2023,24033
76306,2024,24240
76306,2025,24396
76306,2026,24545
76306,2027,24664
76306,2028,24782
76306,2029,24877
76306,2030,24980
76306,2031,25054
76306,2032,25135
76306,2033,25198
76306,2034,25247
76306,2035,25286
76306,2036,25319
76306,2037,25331
76306,2038,25340
76306,2039,25344
76306,2040,25316
76306,2041,25288
76306,2042,25254
76318,2005,32207
76318,2006,32359
76318,2007,32478
76318,2008,32550
76318,2009,32619
76318,2010,32704
76318,2011,32753
76318,2012,32745
76318,2013,32771
76318,2014,32797
76318,2015,32808
76318,2016,32838
76318,2017,32910
76318,2018,33184
76318,2019,33516
76318,2020,33896
76318,2021,34131
76318,2022,34306
76318,2023,34412
76318,2024,34561
76318,2025,34676
76318,2026,34739
76318,2027,34777
76318,2028,34820
76318,2029,34829
76318,2030,34837
76318,2031,34842
76318,2032,34810
76318,2033,34787
76318,2034,34722
76318,2035,34645
76318,2036,34563
76318,2037,34488
76318,2038,34378
76318,2039,34257
76318,2040,34107
76318,2041,33976
76318,2042,33802
76364,2005,121430
76364,2006,124817
76364,2007,128074
76364,2008,131142
76364,2009,134125
76364,2010,137115
76364,2011,140066
76364,2012,142873
76364,2013,145527
76364,2014,148122
76364,2015,150777
76364,2016,153525
76364,2017,156313
76364,2018,159871
76364,2019,166031
76364,2020,172511
76364,2021,177600
76364,2022,181924
76364,2023,185865
76364,2024,189878
76364,2025,193630
76364,2026,196875
76364,2027,199900
76364,2028,202769
76364,2029,205424
76364,2030,207888
76364,2031,210179
76364,2032,212287
76364,2033,214199
76364,2034,215933
76364,2035,217466
76364,2036,218817
76364,2037,219978
76364,2038,220967
76364,2039,221790
76364,2040,222431
76364,2041,222906
76364,2042,223188
76377,2005,14863
76377,2006,14968
76377,2007,15107
76377,2008,15231
76377,2009,15255
76377,2010,15412
76377,2011,15523
76377,2012,15653
76377,2013,15720
76377,2014,15721
76377,2015,15837
76377,2016,15957
76377,2017,16085
76377,2018,16322
76377,2019,16689
76377,2020,17046
76377,2021,17422
76377,2022,17732
76377,2023,17995
76377,2024,18290
76377,2025,18546
76377,2026,18765
76377,2027,18988
76377,2028,19181
76377,2029,19340
76377,2030,19520
76377,2031,19658
76377,2032,19807
76377,2033,19927
76377,2034,20015
76377,2035,20098
76377,2036,20145
76377,2037,20222
76377,2038,20270
76377,2039,20280
76377,2040,20293
76377,2041,20297
76377,2042,20279
76400,2005,31251
76400,2006,31559
76400,2007,31800
76400,2008,32023
76400,2009,32223
76400,2010,32439
76400,2011,32649
76400,2012,32790
76400,2013,32972
76400,2014,33107
76400,2015,33245
76400,2016,33412
76400,2017,33548
76400,2018,33964
76400,2019,34249
76400,2020,34568
76400,2021,34723
76400,2022,34782
76400,2023,34763
76400,2024,34777
76400,2025,34778
76400,2026,34699
76400,2027,34608
76400,2028,34512
76400,2029,34363
76400,2030,34238
76400,2031,34112
76400,2032,33946
76400,2033,33730
76400,2034,33552
76400,2035,33340
76400,2036,33145
76400,2037,32909
76400,2038,32654
76400,2039,32401
76400,2040,32124
76400,2041,31859
76400,2042,31566
76403,2005,14406
76403,2006,14235
76403,2007,14093
76403,2008,13927
76403,2009,13712
76403,2010,13601
76403,2011,13386
76403,2012,13194
76403,2013,12956
76403,2014,12776
76403,2015,12687
76403,2016,12408
76403,2017,12294
76403,2018,12165
76403,2019,12308
76403,2020,12441
76403,2021,12540
76403,2022,12599
76403,2023,12632
76403,2024,12681
76403,2025,12723
76403,2026,12765
76403,2027,12781
76403,2028,12788
76403,2029,12814
76403,2030,12805
76403,2031,12787
76403,2032,12811
76403,2033,12791
76403,2034,12770
76403,2035,12741
76403,2036,12715
76403,2037,12685
76403,2038,12640
76403,2039,12613
76403,2040,12546
76403,2041,12509
76403,2042,12429
76497,2005,14331
76497,2006,14232
76497,2007,14053
76497,2008,13909
76497,2009,13756
76497,2010,13600
76497,2011,13429
76497,2012,13254
76497,2013,13072
76497,2014,12920
76497,2015,12785
76497,2016,12560
76497,2017,12394
76497,2018,12311
76497,2019,12407
76497,2020,12517
76497,2021,12572
76497,2022,12592
76497,2023,12583
76497,2024,12572
76497,2025,12595
76497,2026,12558
76497,2027,12528
76497,2028,12502
76497,2029,12460
76497,2030,12418
76497,2031,12358
76497,2032,12324
76497,2033,12257
76497,2034,12181
76497,2035,12134
76497,2036,12064
76497,2037,11976
76497,2038,11896
76497,2039,11819
76497,2040,11716
76497,2041,11613
76497,2042,11503
76520,2005,323868
76520,2006,326564
76520,2007,328949
76520,2008,330898
76520,2009,332743
76520,2010,334667
76520,2011,336520
76520,2012,338121
76520,2013,339398
76520,2014,340670
76520,2015,342079
76520,2016,343835
76520,2017,345649
76520,2018,349295
76520,2019,356492
76520,2020,364382
76520,2021,369308
76520,2022,372698
76520,2023,375394
76520,2024,378446
76520,2025,380980
76520,2026,382703
76520,2027,384171
76520,2028,385430
76520,2029,386487
76520,2030,387361
76520,2031,388047
76520,2032,388566
76520,2033,388891
76520,2034,389026
76520,2035,389005
76520,2036,388774
76520,2037,388372
76520,2038,387794
76520,2039,387027
76520,2040,386098
76520,2041,384994
76520,2042,383743
76563,2005,46073
76563,2006,46294
76563,2007,46460
76563,2008,46578
76563,2009,46685
76563,2010,46805
76563,2011,46914
76563,2012,46976
76563,2013,47047
76563,2014,47062
76563,2015,47105
76563,2016,47181
76563,2017,47261
76563,2018,47599
76563,2019,48198
76563,2020,48804
76563,2021,49152
76563,2022,49403
76563,2023,49549
76563,2024,49776
76563,2025,49973
76563,2026,50067
76563,2027,50137
76563,2028,50198
76563,2029,50211
76563,2030,50203
76563,2031,50220
76563,2032,50177
76563,2033,50134
76563,2034,50052
76563,2035,49962
76563,2036,49846
76563,2037,49715
76563,2038,49562
76563,2039,49367
76563,2040,49197
76563,2041,48983
76563,2042,48745
76606,2005,15198
76606,2006,15190
76606,2007,15277
76606,2008,15302
76606,2009,15325
76606,2010,15258
76606,2011,15329
76606,2012,15287
76606,2013,15264
76606,2014,15266
76606,2015,15248
76606,2016,15286
76606,2017,15230
76606,2018,15308
76606,2019,15464
76606,2020,15627
76606,2021,15744
76606,2022,15826
76606,2023,15868
76606,2024,15926
76606,2025,15994
76606,2026,16021
76606,2027,16040
76606,2028,16057
76606,2029,16083
76606,2030,16072
76606,2031,16076
76606,2032,16066
76606,2033,16044
76606,2034,16026
76606,2035,15990
76606,2036,15960
76606,2037,15926
76606,2038,15851
76606,2039,15807
76606,2040,15757
76606,2041,15674
76606,2042,15600
76616,2005,16436
76616,2006,16391
76616,2007,16351
76616,2008,16307
76616,2009,16182
76616,2010,16189
76616,2011,16082
76616,2012,16008
76616,2013,15930
76616,2014,15814
76616,2015,15734
76616,2016,15614
76616,2017,15588
76616,2018,15557
76616,2019,15689
76616,2020,15828
76616,2021,15950
76616,2022,16013
76616,2023,16061
76616,2024,16128
76616,2025,16173
76616,2026,16207
76616,2027,16225
76616,2028,16233
76616,2029,16258
76616,2030,16261
76616,2031,16261
76616,2032,16245
76616,2033,16232
76616,2034,16215
76616,2035,16179
76616,2036,16151
76616,2037,16102
76616,2038,16050
76616,2039,15986
76616,2040,15959
76616,2041,15866
76616,2042,15813
76622,2005,37287
76622,2006,37333
76622,2007,37366
76622,2008,37316
76622,2009,37262
76622,2010,37223
76622,2011,37176
76622,2012,37101
76622,2013,36984
76622,2014,36890
76622,2015,36789
76622,2016,36746
76622,2017,36674
76622,2018,36793
76622,2019,37222
76622,2020,37686
76622,2021,37958
76622,2022,38135
76622,2023,38255
76622,2024,38443
76622,2025,38577
76622,2026,38639
76622,2027,38704
76622,2028,38734
76622,2029,38729
76622,2030,38761
76622,2031,38741
76622,2032,38717
76622,2033,38683
76622,2034,38602
76622,2035,38545
76622,2036,38455
76622,2037,38333
76622,2038,38229
76622,2039,38098
76622,2040,37941
76622,2041,37779
76622,2042,37598
76670,2005,15721
76670,2006,15845
76670,2007,15991
76670,2008,16062
76670,2009,16159
76670,2010,16252
76670,2011,16331
76670,2012,16425
76670,2013,16537
76670,2014,16540
76670,2015,16705
76670,2016,16637
76670,2017,16781
76670,2018,16948
76670,2019,17047
76670,2020,17184
76670,2021,17235
76670,2022,17256
76670,2023,17280
76670,2024,17270
76670,2025,17275
76670,2026,17244
76670,2027,17207
76670,2028,17155
76670,2029,17100
76670,2030,17052
76670,2031,16997
76670,2032,16912
76670,2033,16823
76670,2034,16745
76670,2035,16665
76670,2036,16541
76670,2037,16431
76670,2038,16331
76670,2039,16201
76670,2040,16058
76670,2041,15946
76670,2042,15798
76736,2005,50218
76736,2006,49657
76736,2007,49081
76736,2008,48449
76736,2009,47784
76736,2010,47107
76736,2011,46456
76736,2012,45801
76736,2013,45091
76736,2014,44408
76736,2015,43753
76736,2016,43119
76736,2017,42466
76736,2018,42141
76736,2019,42583
76736,2020,43059
76736,2021,43389
76736,2022,43608
76736,2023,43721
76736,2024,43923
76736,2025,44068
76736,2026,44172
76736,2027,44232
76736,2028,44287
76736,2029,44320
76736,2030,44318
76736,2031,44311
76736,2032,44297
76736,2033,44263
76736,2034,44177
76736,2035,44110
76736,2036,44017
76736,2037,43882
76736,2038,43741
76736,2039,43595
76736,2040,43424
76736,2041,43236
76736,2042,43027
76823,2005,15985
76823,2006,15932
76823,2007,15851
76823,2008,15748
76823,2009,15675
76823,2010,15565
76823,2011,15389
76823,2012,15317
76823,2013,15151
76823,2014,14991
76823,2015,14871
76823,2016,14751
76823,2017,14606
76823,2018,14613
76823,2019,14743
76823,2020,14902
76823,2021,14978
76823,2022,14975
76823,2023,14958
76823,2024,14973
76823,2025,14964
76823,2026,14922
76823,2027,14877
76823,2028,14851
76823,2029,14799
76823,2030,14717
76823,2031,14670
76823,2032,14594
76823,2033,14525
76823,2034,14434
76823,2035,14361
76823,2036,14253
76823,2037,14169
76823,2038,14056
76823,2039,13935
76823,2040,13817
76823,2041,13694
76823,2042,13549
76828,2005,20596
76828,2006,20536
76828,2007,20446
76828,2008,20355
76828,2009,20214
76828,2010,20110
76828,2011,19960
76828,2012,19821
76828,2013,19671
76828,2014,19531
76828,2015,19430
76828,2016,19264
76828,2017,19190
76828,2018,19220
76828,2019,19406
76828,2020,19569
76828,2021,19722
76828,2022,19818
76828,2023,19871
76828,2024,19948
76828,2025,20019
76828,2026,20058
76828,2027,20092
76828,2028,20102
76828,2029,20103
76828,2030,20119
76828,2031,20100
76828,2032,20102
76828,2033,20081
76828,2034,20060
76828,2035,20019
76828,2036,19971
76828,2037,19915
76828,2038,19862
76828,2039,19773
76828,2040,19694
76828,2041,19607
76828,2042,19510
76834,2005,193485
76834,2006,195411
76834,2007,197178
76834,2008,198680
76834,2009,200099
76834,2010,201504
76834,2011,202988
76834,2012,204279
76834,2013,205344
76834,2014,206352
76834,2015,207485
76834,2016,208855
76834,2017,210205
76834,2018,212677
76834,2019,215629
76834,2020,218685
76834,2021,220693
76834,2022,222086
76834,2023,223026
76834,2024,224250
76834,2025,225236
76834,2026,225868
76834,2027,226365
76834,2028,226752
76834,2029,227004
76834,2030,227178
76834,2031,227246
76834,2032,227212
76834,2033,227077
76834,2034,226859
76834,2035,226538
76834,2036,226126
76834,2037,225604
76834,2038,224995
76834,2039,224298
76834,2040,223507
76834,2041,222625
76834,2042,221662
76845,2005,5945
76845,2006,5873
76845,2007,5799
76845,2008,5816
76845,2009,5784
76845,2010,5766
76845,2011,5746
76845,2012,5706
76845,2013,5623
76845,2014,5555
76845,2015,5548
76845,2016,5525
76845,2017,5433
76845,2018,5471
76845,2019,5554
76845,2020,5619
76845,2021,5642
76845,2022,5647
76845,2023,5629
76845,2024,5636
76845,2025,5620
76845,2026,5601
76845,2027,5593
76845,2028,5563
76845,2029,5540
76845,2030,5513
76845,2031,5458
76845,2032,5424
76845,2033,5392
76845,2034,5365
76845,2035,5296
76845,2036,5260
76845,2037,5219
76845,2038,5169
76845,2039,5104
76845,2040,5058
76845,2041,4974
76845,2042,4915
76863,2005,9475
76863,2006,9325
76863,2007,9165
76863,2008,9000
76863,2009,8832
76863,2010,8656
76863,2011,8494
76863,2012,8299
76863,2013,8156
76863,2014,7967
76863,2015,7709
76863,2016,7521
76863,2017,7374
76863,2018,7260
76863,2019,7348
76863,2020,7438
76863,2021,7448
76863,2022,7451
76863,2023,7457
76863,2024,7457
76863,2025,7441
76863,2026,7441
76863,2027,7401
76863,2028,7379
76863,2029,7339
76863,2030,7310
76863,2031,7271
76863,2032,7241
76863,2033,7186
76863,2034,7142
76863,2035,7086
76863,2036,7048
76863,2037,6984
76863,2038,6931
76863,2039,6876
76863,2040,6810
76863,2041,6754
76863,2042,6665
76869,2005,11777
76869,2006,11825
76869,2007,11946
76869,2008,12062
76869,2009,12096
76869,2010,12171
76869,2011,12263
76869,2012,12306
76869,2013,12360
76869,2014,12430
76869,2015,12519
76869,2016,12526
76869,2017,12587
76869,2018,12736
76869,2019,12964
76869,2020,13216
76869,2021,13441
76869,2022,13599
76869,2023,13729
76869,2024,13893
76869,2025,14022
76869,2026,14126
76869,2027,14226
76869,2028,14311
76869,2029,14399
76869,2030,14452
76869,2031,14529
76869,2032,14551
76869,2033,14615
76869,2034,14622
76869,2035,14654
76869,2036,14665
76869,2037,14656
76869,2038,14675
76869,2039,14637
76869,2040,14623
76869,2041,14603
76869,2042,14570
76890,2005,15542
76890,2006,15624
76890,2007,15684
76890,2008,15737
76890,2009,15756
76890,2010,15787
76890,2011,15859
76890,2012,15828
76890,2013,15831
76890,2014,15844
76890,2015,15947
76890,2016,15871
76890,2017,15940
76890,2018,16016
76890,2019,16213
76890,2020,16372
76890,2021,16529
76890,2022,16627
76890,2023,16679
76890,2024,16743
76890,2025,16822
76890,2026,16843
76890,2027,16885
76890,2028,16928
76890,2029,16915
76890,2030,16928
76890,2031,16927
76890,2032,16919
76890,2033,16905
76890,2034,16873
76890,2035,16847
76890,2036,16813
76890,2037,16774
76890,2038,16713
76890,2039,16659
76890,2040,16584
76890,2041,16529
76890,2042,16438
76892,2005,92914
76892,2006,94272
76892,2007,95561
76892,2008,96682
76892,2009,97800
76892,2010,98874
76892,2011,99964
76892,2012,100971
76892,2013,101828
76892,2014,102729
76892,2015,103665
76892,2016,104677
76892,2017,105749
76892,2018,107323
76892,2019,109197
76892,2020,111258
76892,2021,112505
76892,2022,113304
76892,2023,113917
76892,2024,114676
76892,2025,115267
76892,2026,115667
76892,2027,116004
76892,2028,116267
76892,2029,116520
76892,2030,116735
76892,2031,116906
76892,2032,117067
76892,2033,117179
76892,2034,117248
76892,2035,117294
76892,2036,117274
76892,2037,117252
76892,2038,117176
76892,2039,117053
76892,2040,116877
76892,2041,116689
76892,2042,116450
76895,2005,40332
76895,2006,40549
76895,2007,40730
76895,2008,40839
76895,2009,40946
76895,2010,41061
76895,2011,41165
76895,2012,41240
76895,2013,41298
76895,2014,41358
76895,2015,41398
76895,2016,41529
76895,2017,41625
76895,2018,41923
76895,2019,42402
76895,2020,42888
76895,2021,43207
76895,2022,43433
76895,2023,43578
76895,2024,43760
76895,2025,43933
76895,2026,43993
76895,2027,44052
76895,2028,44100
76895,2029,44126
76895,2030,44132
76895,2031,44121
76895,2032,44096
76895,2033,44046
76895,2034,43973
76895,2035,43886
76895,2036,43781
76895,2037,43689
76895,2038,43563
76895,2039,43371
76895,2040,43220
76895,2041,43037
76895,2042,42826
81001,2005,72717
81001,2006,73053
81001,2007,73475
81001,2008,73928
81001,2009,74441
81001,2010,74997
81001,2011,75564
81001,2012,76116
81001,2013,76798
81001,2014,77560
81001,2015,78436
81001,2016,79833
81001,2017,81824
81001,2018,85590
81001,2019,86867
81001,2020,88336
81001,2021,89163
81001,2022,89702
81001,2023,90162
81001,2024,90619
81001,2025,91017
81001,2026,91253
81001,2027,91415
81001,2028,91532
81001,2029,91619
81001,2030,91667
81001,2031,91660
81001,2032,91599
81001,2033,91518
81001,2034,91388
81001,2035,91216
81001,2036,91007
81001,2037,90761
81001,2038,90455
81001,2039,90140
81001,2040,89772
81001,2041,89382
81001,2042,88947
81065,2005,39617
81065,2006,40050
81065,2007,40511
81065,2008,41001
81065,2009,41507
81065,2010,42027
81065,2011,42544
81065,2012,43090
81065,2013,43706
81065,2014,44350
81065,2015,45049
81065,2016,46085
81065,2017,47442
81065,2018,49843
81065,2019,50689
81065,2020,51644
81065,2021,52223
81065,2022,52628
81065,2023,52947
81065,2024,53319
81065,2025,53636
81065,2026,53850
81065,2027,54033
81065,2028,54176
81065,2029,54301
81065,2030,54412
81065,2031,54476
81065,2032,54501
81065,2033,54530
81065,2034,54541
81065,2035,54509
81065,2036,54465
81065,2037,54409
81065,2038,54320
81065,2039,54199
81065,2040,54084
81065,2041,53938
81065,2042,53783
81220,2005,4591
81220,2006,4519
81220,2007,4417
81220,2008,4315
81220,2009,4220
81220,2010,4163
81220,2011,4089
81220,2012,4060
81220,2013,4006
81220,2014,3907
81220,2015,3855
81220,2016,3843
81220,2017,3899
81220,2018,3922
81220,2019,3968
81220,2020,4047
81220,2021,4089
81220,2022,4108
81220,2023,4130
81220,2024,4135
81220,2025,4162
81220,2026,4178
81220,2027,4203
81220,2028,4204
81220,2029,4206
81220,2030,4218
81220,2031,4196
81220,2032,4209
81220,2033,4207
81220,2034,4196
81220,2035,4203
81220,2036,4190
81220,2037,4187
81220,2038,4180
81220,2039,4178
81220,2040,4137
81220,2041,4136
81220,2042,4102
81300,2005,13467
81300,2006,13771
81300,2007,14094
81300,2008,14428
81300,2009,14753
81300,2010,15054
81300,2011,15383
81300,2012,15736
81300,2013,16074
81300,2014,16432
81300,2015,16818
81300,2016,17303
81300,2017,17916
81300,2018,18935
81300,2019,19205
81300,2020,19537
81300,2021,19726
81300,2022,19834
81300,2023,19934
81300,2024,20073
81300,2025,20164
81300,2026,20225
81300,2027,20273
81300,2028,20326
81300,2029,20364
81300,2030,20373
81300,2031,20377
81300,2032,20397
81300,2033,20393
81300,2034,20369
81300,2035,20383
81300,2036,20316
81300,2037,20272
81300,2038,20223
81300,2039,20171
81300,2040,20122
81300,2041,20047
81300,2042,19978
81591,2005,3966
81591,2006,3979
81591,2007,3980
81591,2008,4004
81591,2009,4041
81591,2010,4014
81591,2011,4050
81591,2012,4085
81591,2013,4084
81591,2014,4043
81591,2015,4065
81591,2016,4101
81591,2017,4203
81591,2018,4386
81591,2019,4465
81591,2020,4543
81591,2021,4586
81591,2022,4615
81591,2023,4635
81591,2024,4673
81591,2025,4692
81591,2026,4709
81591,2027,4716
81591,2028,4709
81591,2029,4724
81591,2030,4735
81591,2031,4732
81591,2032,4725
81591,2033,4729
81591,2034,4712
81591,2035,4708
81591,2036,4712
81591,2037,4704
81591,2038,4680
81591,2039,4659
81591,2040,4644
81591,2041,4636
81591,2042,4617
81736,2005,50241
81736,2006,50185
81736,2007,50192
81736,2008,50206
81736,2009,50290
81736,2010,50419
81736,2011,50532
81736,2012,50670
81736,2013,50884
81736,2014,51172
81736,2015,51538
81736,2016,52248
81736,2017,53309
81736,2018,55562
81736,2019,56423
81736,2020,57422
81736,2021,58012
81736,2022,58353
81736,2023,58651
81736,2024,58996
81736,2025,59249
81736,2026,59390
81736,2027,59526
81736,2028,59613
81736,2029,59656
81736,2030,59683
81736,2031,59698
81736,2032,59666
81736,2033,59609
81736,2034,59527
81736,2035,59430
81736,2036,59308
81736,2037,59158
81736,2038,58973
81736,2039,58774
81736,2040,58570
81736,2041,58324
81736,2042,58069
81794,2005,36253
81794,2006,36506
81794,2007,36784
81794,2008,37114
81794,2009,37453
81794,2010,37839
81794,2011,38187
81794,2012,38559
81794,2013,38977
81794,2014,39467
81794,2015,40011
81794,2016,40793
81794,2017,41909
81794,2018,43939
81794,2019,44414
81794,2020,44966
81794,2021,45338
81794,2022,45566
81794,2023,45781
81794,2024,46068
81794,2025,46271
81794,2026,46417
81794,2027,46548
81794,2028,46645
81794,2029,46702
81794,2030,46751
81794,2031,46775
81794,2032,46803
81794,2033,46775
81794,2034,46762
81794,2035,46703
81794,2036,46624
81794,2037,46533
81794,2038,46423
81794,2039,46286
81794,2040,46158
81794,2041,45980
81794,2042,45812
85001,2005,124523
85001,2006,128065
85001,2007,131507
85001,2008,134889
85001,2009,138244
85001,2010,141548
85001,2011,144801
85001,2012,148007
85001,2013,151210
85001,2014,154298
85001,2015,157417
85001,2016,160747
85001,2017,164295
85001,2018,168427
85001,2019,173316
85001,2020,178549
85001,2021,182573
85001,2022,185962
85001,2023,189187
85001,2024,192468
85001,2025,195600
85001,2026,198423
85001,2027,201121
85001,2028,203735
85001,2029,206261
85001,2030,208720
85001,2031,211074
85001,2032,213365
85001,2033,215570
85001,2034,217690
85001,2035,219725
85001,2036,221664
85001,2037,223515
85001,2038,225266
85001,2039,226957
85001,2040,228528
85001,2041,230038
85001,2042,231432
85010,2005,29479
85010,2006,30063
85010,2007,30670
85010,2008,31212
85010,2009,31796
85010,2010,32335
85010,2011,32901
85010,2012,33434
85010,2013,33961
85010,2014,34482
85010,2015,34991
85010,2016,35532
85010,2017,36210
85010,2018,36916
85010,2019,37507
85010,2020,38174
85010,2021,38537
85010,2022,38790
85010,2023,38978
85010,2024,39218
85010,2025,39364
85010,2026,39480
85010,2027,39544
85010,2028,39599
85010,2029,39640
85010,2030,39667
85010,2031,39662
85010,2032,39636
85010,2033,39604
85010,2034,39560
85010,2035,39477
85010,2036,39402
85010,2037,39295
85010,2038,39171
85010,2039,39024
85010,2040,38865
85010,2041,38699
85010,2042,38528
85015,2005,2306
85015,2006,2319
85015,2007,2379
85015,2008,2395
85015,2009,2413
85015,2010,2429
85015,2011,2392
85015,2012,2445
85015,2013,2472
85015,2014,2466
85015,2015,2445
85015,2016,2533
85015,2017,2484
85015,2018,2499
85015,2019,2549
85015,2020,2603
85015,2021,2628
85015,2022,2653
85015,2023,2669
85015,2024,2691
85015,2025,2695
85015,2026,2700
85015,2027,2716
85015,2028,2738
85015,2029,2742
85015,2030,2728
85015,2031,2738
85015,2032,2751
85015,2033,2753
85015,2034,2761
85015,2035,2745
85015,2036,2755
85015,2037,2743
85015,2038,2744
85015,2039,2729
85015,2040,2740
85015,2041,2729
85015,2042,2707
85125,2005,10542
85125,2006,10690
85125,2007,10837
85125,2008,10968
85125,2009,11110
85125,2010,11240
85125,2011,11383
85125,2012,11505
85125,2013,11624
85125,2014,11742
85125,2015,11866
85125,2016,12025
85125,2017,12149
85125,2018,12322
85125,2019,12503
85125,2020,12719
85125,2021,12877
85125,2022,12943
85125,2023,13017
85125,2024,13104
85125,2025,13153
85125,2026,13180
85125,2027,13226
85125,2028,13246
85125,2029,13279
85125,2030,13295
85125,2031,13287
85125,2032,13297
85125,2033,13281
85125,2034,13305
85125,2035,13267
85125,2036,13249
85125,2037,13214
85125,2038,13203
85125,2039,13151
85125,2040,13092
85125,2041,13064
85125,2042,13016
85136,2005,1311
85136,2006,1316
85136,2007,1290
85136,2008,1365
85136,2009,1336
85136,2010,1313
85136,2011,1343
85136,2012,1343
85136,2013,1389
85136,2014,1422
85136,2015,1410
85136,2016,1408
85136,2017,1379
85136,2018,1415
85136,2019,1426
85136,2020,1460
85136,2021,1470
85136,2022,1488
85136,2023,1485
85136,2024,1518
85136,2025,1521
85136,2026,1519
85136,2027,1512
85136,2028,1509
85136,2029,1513
85136,2030,1531
85136,2031,1535
85136,2032,1537
85136,2033,1532
85136,2034,1529
85136,2035,1545
85136,2036,1534
85136,2037,1518
85136,2038,1525
85136,2039,1532
85136,2040,1511
85136,2041,1506
85136,2042,1503
85139,2005,14030
85139,2006,14312
85139,2007,14527
85139,2008,14775
85139,2009,15032
85139,2010,15253
85139,2011,15492
85139,2012,15743
85139,2013,15943
85139,2014,16202
85139,2015,16379
85139,2016,16679
85139,2017,16827
85139,2018,17209
85139,2019,17666
85139,2020,18191
85139,2021,18573
85139,2022,18892
85139,2023,19182
85139,2024,19474
85139,2025,19764
85139,2026,20030
85139,2027,20268
85139,2028,20515
85139,2029,20766
85139,2030,20964
85139,2031,21179
85139,2032,21379
85139,2033,21575
85139,2034,21770
85139,2035,21959
85139,2036,22122
85139,2037,22279
85139,2038,22431
85139,2039,22574
85139,2040,22719
85139,2041,22847
85139,2042,22980
85162,2005,13818
85162,2006,14094
85162,2007,14385
85162,2008,14663
85162,2009,14941
85162,2010,15213
85162,2011,15518
85162,2012,15766
85162,2013,16040
85162,2014,16311
85162,2015,16604
85162,2016,16867
85162,2017,17093
85162,2018,17521
85162,2019,17858
85162,2020,18215
85162,2021,18428
85162,2022,18576
85162,2023,18706
85162,2024,18836
85162,2025,18955
85162,2026,19042
85162,2027,19099
85162,2028,19161
85162,2029,19205
85162,2030,19231
85162,2031,19259
85162,2032,19287
85162,2033,19289
85162,2034,19290
85162,2035,19275
85162,2036,19271
85162,2037,19231
85162,2038,19206
85162,2039,19155
85162,2040,19094
85162,2041,19035
85162,2042,18961
85225,2005,7291
85225,2006,7419
85225,2007,7495
85225,2008,7657
85225,2009,7782
85225,2010,7904
85225,2011,8020
85225,2012,8126
85225,2013,8258
85225,2014,8311
85225,2015,8394
85225,2016,8556
85225,2017,8663
85225,2018,8831
85225,2019,8960
85225,2020,9113
85225,2021,9204
85225,2022,9260
85225,2023,9311
85225,2024,9365
85225,2025,9398
85225,2026,9434
85225,2027,9477
85225,2028,9508
85225,2029,9516
85225,2030,9536
85225,2031,9553
85225,2032,9559
85225,2033,9550
85225,2034,9542
85225,2035,9558
85225,2036,9537
85225,2037,9516
85225,2038,9514
85225,2039,9509
85225,2040,9480
85225,2041,9459
85225,2042,9406
85230,2005,8809
85230,2006,9080
85230,2007,9368
85230,2008,9626
85230,2009,9892
85230,2010,10131
85230,2011,10392
85230,2012,10671
85230,2013,10911
85230,2014,11184
85230,2015,11459
85230,2016,11714
85230,2017,12029
85230,2018,12341
85230,2019,12717
85230,2020,13112
85230,2021,13430
85230,2022,13695
85230,2023,13947
85230,2024,14229
85230,2025,14484
85230,2026,14722
85230,2027,14955
85230,2028,15186
85230,2029,15402
85230,2030,15612
85230,2031,15825
85230,2032,16028
85230,2033,16243
85230,2034,16438
85230,2035,16622
85230,2036,16812
85230,2037,16996
85230,2038,17168
85230,2039,17350
85230,2040,17514
85230,2041,17667
85230,2042,17840
85250,2005,28391
85250,2006,28989
85250,2007,29579
85250,2008,30170
85250,2009,30767
85250,2010,31359
85250,2011,31940
85250,2012,32512
85250,2013,33080
85250,2014,33685
85250,2015,34214
85250,2016,34790
85250,2017,35482
85250,2018,36274
85250,2019,36850
85250,2020,37502
85250,2021,37869
85250,2022,38079
85250,2023,38285
85250,2024,38468
85250,2025,38638
85250,2026,38709
85250,2027,38739
85250,2028,38783
85250,2029,38795
85250,2030,38779
85250,2031,38756
85250,2032,38692
85250,2033,38626
85250,2034,38536
85250,2035,38421
85250,2036,38321
85250,2037,38168
85250,2038,38013
85250,2039,37854
85250,2040,37667
85250,2041,37483
85250,2042,37269
85263,2005,9747
85263,2006,9929
85263,2007,10093
85263,2008,10253
85263,2009,10427
85263,2010,10597
85263,2011,10762
85263,2012,10915
85263,2013,11104
85263,2014,11255
85263,2015,11420
85263,2016,11563
85263,2017,11736
85263,2018,11972
85263,2019,12272
85263,2020,12592
85263,2021,12847
85263,2022,13023
85263,2023,13212
85263,2024,13407
85263,2025,13575
85263,2026,13714
85263,2027,13872
85263,2028,14007
85263,2029,14134
85263,2030,14259
85263,2031,14398
85263,2032,14501
85263,2033,14608
85263,2034,14702
85263,2035,14796
85263,2036,14896
85263,2037,14978
85263,2038,15058
85263,2039,15132
85263,2040,15198
85263,2041,15252
85263,2042,15297
85279,2005,1768
85279,2006,1756
85279,2007,1780
85279,2008,1739
85279,2009,1697
85279,2010,1759
85279,2011,1732
85279,2012,1729
85279,2013,1638
85279,2014,1673
85279,2015,1716
85279,2016,1713
85279,2017,1677
85279,2018,1657
85279,2019,1667
85279,2020,1700
85279,2021,1710
85279,2022,1716
85279,2023,1708
85279,2024,1728
85279,2025,1738
85279,2026,1747
85279,2027,1744
85279,2028,1747
85279,2029,1763
85279,2030,1768
85279,2031,1760
85279,2032,1770
85279,2033,1767
85279,2034,1775
85279,2035,1782
85279,2036,1762
85279,2037,1764
85279,2038,1758
85279,2039,1761
85279,2040,1751
85279,2041,1741
85279,2042,1741
85300,2005,3306
85300,2006,3268
85300,2007,3354
85300,2008,3378
85300,2009,3373
85300,2010,3418
85300,2011,3457
85300,2012,3467
85300,2013,3464
85300,2014,3492
85300,2015,3505
85300,2016,3529
85300,2017,3566
85300,2018,3634
85300,2019,3678
85300,2020,3735
85300,2021,3786
85300,2022,3783
85300,2023,3811
85300,2024,3836
85300,2025,3855
85300,2026,3882
85300,2027,3883
85300,2028,3888
85300,2029,3899
85300,2030,3907
85300,2031,3917
85300,2032,3894
85300,2033,3899
85300,2034,3900
85300,2035,3902
85300,2036,3888
85300,2037,3874
85300,2038,3872
85300,2039,3866
85300,2040,3847
85300,2041,3833
85300,2042,3820
85315,2005,1614
85315,2006,1651
85315,2007,1683
85315,2008,1728
85315,2009,1777
85315,2010,1806
85315,2011,1849
85315,2012,1855
85315,2013,1868
85315,2014,1889
85315,2015,1992
85315,2016,2020
85315,2017,2050
85315,2018,2107
85315,2019,2112
85315,2020,2133
85315,2021,2129
85315,2022,2114
85315,2023,2113
85315,2024,2125
85315,2025,2122
85315,2026,2112
85315,2027,2101
85315,2028,2072
85315,2029,2076
85315,2030,2063
85315,2031,2037
85315,2032,2031
85315,2033,2018
85315,2034,2012
85315,2035,1996
85315,2036,1970
85315,2037,1951
85315,2038,1930
85315,2039,1898
85315,2040,1897
85315,2041,1852
85315,2042,1833
85325,2005,7140
85325,2006,7251
85325,2007,7303
85325,2008,7436
85325,2009,7561
85325,2010,7668
85325,2011,7773
85325,2012,7877
85325,2013,7965
85325,2014,8069
85325,2015,8138
85325,2016,8196
85325,2017,8320
85325,2018,8462
85325,2019,8596
85325,2020,8745
85325,2021,8844
85325,2022,8883
85325,2023,8927
85325,2024,8976
85325,2025,9035
85325,2026,9062
85325,2027,9073
85325,2028,9115
85325,2029,9115
85325,2030,9131
85325,2031,9142
85325,2032,9150
85325,2033,9136
85325,2034,9139
85325,2035,9126
85325,2036,9129
85325,2037,9104
85325,2038,9096
85325,2039,9075
85325,2040,9039
85325,2041,9025
85325,2042,8975
85400,2005,6620
85400,2006,6652
85400,2007,6669
85400,2008,6693
85400,2009,6722
85400,2010,6737
85400,2011,6750
85400,2012,6774
85400,2013,6796
85400,2014,6761
85400,2015,6819
85400,2016,6790
85400,2017,6868
85400,2018,6861
85400,2019,6972
85400,2020,7083
85400,2021,7164
85400,2022,7210
85400,2023,7255
85400,2024,7293
85400,2025,7331
85400,2026,7353
85400,2027,7385
85400,2028,7401
85400,2029,7418
85400,2030,7413
85400,2031,7437
85400,2032,7446
85400,2033,7460
85400,2034,7447
85400,2035,7436
85400,2036,7426
85400,2037,7429
85400,2038,7404
85400,2039,7389
85400,2040,7376
85400,2041,7343
85400,2042,7315
85410,2005,17204
85410,2006,17703
85410,2007,18197
85410,2008,18676
85410,2009,19174
85410,2010,19647
85410,2011,20105
85410,2012,20577
85410,2013,21060
85410,2014,21493
85410,2015,21937
85410,2016,22402
85410,2017,22946
85410,2018,23525
85410,2019,24050
85410,2020,24635
85410,2021,25009
85410,2022,25334
85410,2023,25625
85410,2024,25904
85410,2025,26170
85410,2026,26371
85410,2027,26602
85410,2028,26767
85410,2029,26957
85410,2030,27118
85410,2031,27253
85410,2032,27407
85410,2033,27513
85410,2034,27634
85410,2035,27730
85410,2036,27817
85410,2037,27913
85410,2038,27971
85410,2039,28013
85410,2040,28053
85410,2041,28078
85410,2042,28096
85430,2005,10431
85430,2006,10646
85430,2007,10877
85430,2008,11074
85430,2009,11285
85430,2010,11518
85430,2011,11726
85430,2012,11916
85430,2013,12122
85430,2014,12326
85430,2015,12518
85430,2016,12779
85430,2017,12968
85430,2018,13225
85430,2019,13434
85430,2020,13670
85430,2021,13779
85430,2022,13892
85430,2023,13954
85430,2024,14036
85430,2025,14109
85430,2026,14149
85430,2027,14175
85430,2028,14193
85430,2029,14226
85430,2030,14237
85430,2031,14257
85430,2032,14248
85430,2033,14236
85430,2034,14219
85430,2035,14213
85430,2036,14184
85430,2037,14146
85430,2038,14117
85430,2039,14081
85430,2040,14022
85430,2041,13983
85430,2042,13932
85440,2005,26731
85440,2006,27378
85440,2007,28035
85440,2008,28665
85440,2009,29292
85440,2010,29949
85440,2011,30576
85440,2012,31210
85440,2013,31830
85440,2014,32450
85440,2015,33096
85440,2016,33711
85440,2017,34513
85440,2018,35313
85440,2019,36416
85440,2020,37579
85440,2021,38521
85440,2022,39322
85440,2023,40090
85440,2024,40889
85440,2025,41658
85440,2026,42337
85440,2027,43042
85440,2028,43683
85440,2029,44352
85440,2030,44973
85440,2031,45600
85440,2032,46195
85440,2033,46805
85440,2034,47370
85440,2035,47947
85440,2036,48480
85440,2037,49018
85440,2038,49548
85440,2039,50028
85440,2040,50511
85440,2041,50990
85440,2042,51442
86001,2005,38656
86001,2006,40069
86001,2007,41428
86001,2008,42800
86001,2009,44164
86001,2010,45538
86001,2011,46891
86001,2012,48194
86001,2013,49499
86001,2014,50761
86001,2015,52078
86001,2016,53461
86001,2017,54898
86001,2018,56390
86001,2019,58127
86001,2020,59862
86001,2021,61451
86001,2022,62945
86001,2023,64386
86001,2024,65766
86001,2025,67093
86001,2026,68328
86001,2027,69481
86001,2028,70579
86001,2029,71610
86001,2030,72569
86001,2031,73473
86001,2032,74283
86001,2033,75013
86001,2034,75697
86001,2035,76321
86001,2036,76852
86001,2037,77322
86001,2038,77726
86001,2039,78088
86001,2040,78351
86001,2041,78572
86001,2042,78715
86219,2005,4406
86219,2006,4474
86219,2007,4550
86219,2008,4550
86219,2009,4671
86219,2010,4726
86219,2011,4837
86219,2012,4905
86219,2013,4965
86219,2014,5038
86219,2015,5136
86219,2016,5217
86219,2017,5304
86219,2018,5412
86219,2019,5472
86219,2020,5528
86219,2021,5584
86219,2022,5654
86219,2023,5721
86219,2024,5762
86219,2025,5827
86219,2026,5906
86219,2027,5984
86219,2028,6032
86219,2029,6105
86219,2030,6168
86219,2031,6241
86219,2032,6321
86219,2033,6391
86219,2034,6445
86219,2035,6519
86219,2036,6582
86219,2037,6634
86219,2038,6694
86219,2039,6755
86219,2040,6810
86219,2041,6845
86219,2042,6893
86320,2005,28729
86320,2006,29381
86320,2007,30074
86320,2008,30770
86320,2009,31475
86320,2010,32155
86320,2011,32839
86320,2012,33538
86320,2013,34204
86320,2014,34847
86320,2015,35524
86320,2016,36224
86320,2017,36979
86320,2018,37744
86320,2019,38000
86320,2020,38297
86320,2021,38509
86320,2022,38675
86320,2023,38815
86320,2024,38938
86320,2025,39069
86320,2026,39136
86320,2027,39198
86320,2028,39252
86320,2029,39263
86320,2030,39251
86320,2031,39230
86320,2032,39181
86320,2033,39152
86320,2034,39082
86320,2035,39009
86320,2036,38917
86320,2037,38819
86320,2038,38715
86320,2039,38604
86320,2040,38484
86320,2041,38345
86320,2042,38222
86568,2005,49577
86568,2006,50769
86568,2007,51942
86568,2008,53120
86568,2009,54281
86568,2010,55466
86568,2011,56632
86568,2012,57765
86568,2013,58869
86568,2014,59952
86568,2015,61084
86568,2016,62285
86568,2017,63570
86568,2018,64884
86568,2019,66054
86568,2020,67293
86568,2021,68448
86568,2022,69518
86568,2023,70548
86568,2024,71540
86568,2025,72516
86568,2026,73436
86568,2027,74307
86568,2028,75143
86568,2029,75935
86568,2030,76724
86568,2031,77457
86568,2032,78169
86568,2033,78860
86568,2034,79526
86568,2035,80166
86568,2036,80782
86568,2037,81393
86568,2038,81978
86568,2039,82551
86568,2040,83087
86568,2041,83644
86568,2042,84172
86569,2005,13231
86569,2006,13447
86569,2007,13657
86569,2008,13865
86569,2009,14086
86569,2010,14297
86569,2011,14567
86569,2012,14821
86569,2013,15024
86569,2014,15232
86569,2015,15418
86569,2016,15596
86569,2017,15824
86569,2018,16086
86569,2019,16386
86569,2020,16630
86569,2021,16823
86569,2022,17031
86569,2023,17175
86569,2024,17329
86569,2025,17484
86569,2026,17610
86569,2027,17718
86569,2028,17806
86569,2029,17907
86569,2030,17993
86569,2031,18049
86569,2032,18128
86569,2033,18171
86569,2034,18236
86569,2035,18276
86569,2036,18305
86569,2037,18331
86569,2038,18368
86569,2039,18376
86569,2040,18397
86569,2041,18405
86569,2042,18419
86571,2005,25786
86571,2006,26454
86571,2007,27165
86571,2008,27882
86571,2009,28607
86571,2010,29320
86571,2011,30091
86571,2012,30795
86571,2013,31517
86571,2014,32186
86571,2015,32915
86571,2016,33666
86571,2017,34487
86571,2018,35393
86571,2019,36397
86571,2020,37426
86571,2021,38411
86571,2022,39348
86571,2023,40257
86571,2024,41134
86571,2025,42038
86571,2026,42856
86571,2027,43682
86571,2028,44466
86571,2029,45235
86571,2030,45976
86571,2031,46675
86571,2032,47372
86571,2033,48043
86571,2034,48684
86571,2035,49299
86571,2036,49876
86571,2037,50429
86571,2038,50956
86571,2039,51456
86571,2040,51903
86571,2041,52364
86571,2042,52751
86573,2005,21020
86573,2006,21586
86573,2007,22146
86573,2008,22696
86573,2009,23281
86573,2010,23863
86573,2011,24407
86573,2012,24961
86573,2013,25524
86573,2014,26037
86573,2015,26602
86573,2016,27169
86573,2017,27711
86573,2018,28460
86573,2019,29828
86573,2020,31248
86573,2021,32535
86573,2022,33779
86573,2023,34982
86573,2024,36170
86573,2025,37304
86573,2026,38367
86573,2027,39371
86573,2028,40324
86573,2029,41230
86573,2030,42070
86573,2031,42820
86573,2032,43527
86573,2033,44188
86573,2034,44783
86573,2035,45309
86573,2036,45808
86573,2037,46252
86573,2038,46640
86573,2039,46962
86573,2040,47263
86573,2041,47535
86573,2042,47762
86749,2005,11782
86749,2006,12025
86749,2007,12289
86749,2008,12521
86749,2009,12762
86749,2010,13015
86749,2011,13255
86749,2012,13504
86749,2013,13706
86749,2014,13950
86749,2015,14246
86749,2016,14384
86749,2017,14642
86749,2018,14940
86749,2019,15153
86749,2020,15344
86749,2021,15514
86749,2022,15701
86749,2023,15868
86749,2024,16037
86749,2025,16194
86749,2026,16354
86749,2027,16505
86749,2028,16646
86749,2029,16807
86749,2030,16937
86749,2031,17079
86749,2032,17188
86749,2033,17320
86749,2034,17439
86749,2035,17578
86749,2036,17668
86749,2037,17794
86749,2038,17893
86749,2039,18000
86749,2040,18090
86749,2041,18189
86749,2042,18277
86755,2005,4944
86755,2006,5034
86755,2007,5065
86755,2008,5133
86755,2009,5164
86755,2010,5291
86755,2011,5300
86755,2012,5333
86755,2013,5346
86755,2014,5407
86755,2015,5455
86755,2016,5503
86755,2017,5561
86755,2018,5643
86755,2019,5653
86755,2020,5657
86755,2021,5659
86755,2022,5668
86755,2023,5668
86755,2024,5670
86755,2025,5660
86755,2026,5664
86755,2027,5634
86755,2028,5634
86755,2029,5625
86755,2030,5619
86755,2031,5589
86755,2032,5593
86755,2033,5578
86755,2034,5558
86755,2035,5539
86755,2036,5508
86755,2037,5492
86755,2038,5473
86755,2039,5459
86755,2040,5429
86755,2041,5409
86755,2042,5374
86757,2005,14473
86757,2006,14804
86757,2007,15124
86757,2008,15454
86757,2009,15754
86757,2010,16097
86757,2011,16422
86757,2012,16713
86757,2013,17060
86757,2014,17437
86757,2015,17700
86757,2016,18041
86757,2017,18355
86757,2018,18770
86757,2019,18993
86757,2020,19185
86757,2021,19300
86757,2022,19381
86757,2023,19475
86757,2024,19566
86757,2025,19661
86757,2026,19725
86757,2027,19790
86757,2028,19833
86757,2029,19897
86757,2030,19930
86757,2031,19960
86757,2032,20016
86757,2033,20039
86757,2034,20052
86757,2035,20103
86757,2036,20110
86757,2037,20128
86757,2038,20164
86757,2039,20167
86757,2040,20195
86757,2041,20209
86757,2042,20202
86760,2005,5705
86760,2006,5827
86760,2007,5913
86760,2008,6028
86760,2009,6170
86760,2010,6315
86760,2011,6440
86760,2012,6554
86760,2013,6670
86760,2014,6777
86760,2015,6870
86760,2016,6989
86760,2017,7160
86760,2018,7293
86760,2019,7300
86760,2020,7311
86760,2021,7305
86760,2022,7331
86760,2023,7292
86760,2024,7308
86760,2025,7298
86760,2026,7281
86760,2027,7284
86760,2028,7261
86760,2029,7253
86760,2030,7260
86760,2031,7236
86760,2032,7202
86760,2033,7185
86760,2034,7168
86760,2035,7136
86760,2036,7120
86760,2037,7068
86760,2038,7053
86760,2039,7017
86760,2040,6993
86760,2041,6945
86760,2042,6913
86865,2005,28939
86865,2006,29284
86865,2007,29610
86865,2008,29987
86865,2009,30307
86865,2010,30657
86865,2011,31051
86865,2012,31345
86865,2013,31666
86865,2014,31962
86865,2015,32266
86865,2016,32658
86865,2017,32991
86865,2018,33455
86865,2019,33714
86865,2020,33990
86865,2021,34177
86865,2022,34330
86865,2023,34464
86865,2024,34604
86865,2025,34728
86865,2026,34803
86865,2027,34893
86865,2028,34933
86865,2029,34977
86865,2030,35003
86865,2031,35037
86865,2032,35038
86865,2033,35034
86865,2034,35025
86865,2035,34994
86865,2036,34969
86865,2037,34912
86865,2038,34881
86865,2039,34824
86865,2040,34777
86865,2041,34694
86865,2042,34648
86885,2005,19026
86885,2006,19370
86885,2007,19774
86885,2008,20111
86885,2009,20477
86885,2010,20860
86885,2011,21197
86885,2012,21599
86885,2013,21891
86885,2014,22264
86885,2015,22562
86885,2016,22959
86885,2017,23268
86885,2018,23697
86885,2019,24040
86885,2020,24391
86885,2021,24707
86885,2022,24999
86885,2023,25270
86885,2024,25576
86885,2025,25870
86885,2026,26124
86885,2027,26394
86885,2028,26643
86885,2029,26899
86885,2030,27133
86885,2031,27405
86885,2032,27624
86885,2033,27851
86885,2034,28078
86885,2035,28296
86885,2036,28501
86885,2037,28715
86885,2038,28898
86885,2039,29088
86885,2040,29284
86885,2041,29464
86885,2042,29631
88001,2005,56086
88001,2006,56026
88001,2007,56010
88001,2008,55937
88001,2009,55878
88001,2010,55761
88001,2011,55663
88001,2012,55595
88001,2013,55541
88001,2014,55508
88001,2015,55407
88001,2016,55283
88001,2017,55449
88001,2018,55286
88001,2019,55644
88001,2020,56055
88001,2021,56422
88001,2022,56608
88001,2023,56768
88001,2024,56965
88001,2025,57118
88001,2026,57185
88001,2027,57227
88001,2028,57261
88001,2029,57269
88001,2030,57294
88001,2031,57315
88001,2032,57320
88001,2033,57302
88001,2034,57323
88001,2035,57299
88001,2036,57277
88001,2037,57273
88001,2038,57259
88001,2039,57235
88001,2040,57219
88001,2041,57194
88001,2042,57141
88564,2005,6034
88564,2006,6060
88564,2007,6030
88564,2008,6034
88564,2009,5997
88564,2010,6026
88564,2011,6048
88564,2012,6038
88564,2013,6002
88564,2014,5955
88564,2015,5999
88564,2016,6075
88564,2017,5860
88564,2018,5998
88564,2019,6035
88564,2020,6072
88564,2021,6151
88564,2022,6193
88564,2023,6239
88564,2024,6285
88564,2025,6320
88564,2026,6342
88564,2027,6358
88564,2028,6381
88564,2029,6401
88564,2030,6427
88564,2031,6452
88564,2032,6466
88564,2033,6469
88564,2034,6487
88564,2035,6488
88564,2036,6501
88564,2037,6514
88564,2038,6521
88564,2039,6522
88564,2040,6537
88564,2041,6538
88564,2042,6546
91001,2005,36854
91001,2006,37597
91001,2007,38403
91001,2008,39242
91001,2009,40099
91001,2010,41009
91001,2011,41918
91001,2012,42806
91001,2013,43683
91001,2014,44557
91001,2015,45414
91001,2016,46301
91001,2017,47204
91001,2018,48182
91001,2019,49058
91001,2020,49965
91001,2021,50872
91001,2022,51645
91001,2023,52369
91001,2024,53059
91001,2025,53670
91001,2026,54208
91001,2027,54693
91001,2028,55118
91001,2029,55491
91001,2030,55816
91001,2031,56077
91001,2032,56299
91001,2033,56471
91001,2034,56590
91001,2035,56699
91001,2036,56744
91001,2037,56750
91001,2038,56731
91001,2039,56679
91001,2040,56637
91001,2041,56517
91001,2042,56388
91263,2005,2879
91263,2006,2815
91263,2007,2761
91263,2008,2683
91263,2009,2637
91263,2010,2582
91263,2011,2523
91263,2012,2464
91263,2013,2396
91263,2014,2308
91263,2015,2259
91263,2016,2201
91263,2017,2136
91263,2018,2094
91263,2019,2134
91263,2020,2154
91263,2021,2174
91263,2022,2178
91263,2023,2185
91263,2024,2211
91263,2025,2225
91263,2026,2233
91263,2027,2249
91263,2028,2265
91263,2029,2266
91263,2030,2276
91263,2031,2284
91263,2032,2300
91263,2033,2303
91263,2034,2321
91263,2035,2318
91263,2036,2331
91263,2037,2344
91263,2038,2360
91263,2039,2366
91263,2040,2362
91263,2041,2382
91263,2042,2387
91405,2005,2532
91405,2006,2571
91405,2007,2613
91405,2008,2651
91405,2009,2684
91405,2010,2706
91405,2011,2737
91405,2012,2767
91405,2013,2803
91405,2014,2834
91405,2015,2837
91405,2016,2882
91405,2017,2910
91405,2018,2956
91405,2019,3010
91405,2020,3054
91405,2021,3068
91405,2022,3094
91405,2023,3107
91405,2024,3127
91405,2025,3156
91405,2026,3166
91405,2027,3167
91405,2028,3177
91405,2029,3200
91405,2030,3220
91405,2031,3225
91405,2032,3240
91405,2033,3259
91405,2034,3278
91405,2035,3284
91405,2036,3300
91405,2037,3304
91405,2038,3330
91405,2039,3345
91405,2040,3349
91405,2041,3373
91405,2042,3380
91407,2005,2506
91407,2006,2632
91407,2007,2722
91407,2008,2843
91407,2009,2934
91407,2010,3037
91407,2011,3148
91407,2012,3225
91407,2013,3324
91407,2014,3413
91407,2015,3516
91407,2016,3590
91407,2017,3709
91407,2018,3806
91407,2019,3888
91407,2020,3954
91407,2021,3980
91407,2022,4003
91407,2023,4049
91407,2024,4073
91407,2025,4097
91407,2026,4132
91407,2027,4160
91407,2028,4175
91407,2029,4197
91407,2030,4223
91407,2031,4249
91407,2032,4271
91407,2033,4296
91407,2034,4318
91407,2035,4338
91407,2036,4365
91407,2037,4392
91407,2038,4404
91407,2039,4430
91407,2040,4452
91407,2041,4486
91407,2042,4511
91430,2005,772
91430,2006,748
91430,2007,748
91430,2008,750
91430,2009,730
91430,2010,739
91430,2011,712
91430,2012,680
91430,2013,673
91430,2014,657
91430,2015,647
91430,2016,645
91430,2017,641
91430,2018,640
91430,2019,652
91430,2020,663
91430,2021,661
91430,2022,669
91430,2023,678
91430,2024,681
91430,2025,682
91430,2026,691
91430,2027,696
91430,2028,691
91430,2029,697
91430,2030,692
91430,2031,703
91430,2032,702
91430,2033,707
91430,2034,710
91430,2035,711
91430,2036,712
91430,2037,715
91430,2038,719
91430,2039,726
91430,2040,731
91430,2041,729
91430,2042,744
91460,2005,1693
91460,2006,1695
91460,2007,1701
91460,2008,1702
91460,2009,1714
91460,2010,1719
91460,2011,1740
91460,2012,1760
91460,2013,1771
91460,2014,1787
91460,2015,1800
91460,2016,1795
91460,2017,1821
91460,2018,1847
91460,2019,1893
91460,2020,1946
91460,2021,1972
91460,2022,2003
91460,2023,2028
91460,2024,2043
91460,2025,2084
91460,2026,2120
91460,2027,2143
91460,2028,2159
91460,2029,2201
91460,2030,2215
91460,2031,2255
91460,2032,2286
91460,2033,2308
91460,2034,2333
91460,2035,2366
91460,2036,2400
91460,2037,2422
91460,2038,2444
91460,2039,2483
91460,2040,2515
91460,2041,2549
91460,2042,2564
91530,2005,885
91530,2006,870
91530,2007,870
91530,2008,853
91530,2009,839
91530,2010,839
91530,2011,834
91530,2012,824
91530,2013,799
91530,2014,769
91530,2015,758
91530,2016,748
91530,2017,735
91530,2018,742
91530,2019,764
91530,2020,769
91530,2021,775
91530,2022,779
91530,2023,787
91530,2024,793
91530,2025,795
91530,2026,807
91530,2027,823
91530,2028,804
91530,2029,809
91530,2030,805
91530,2031,815
91530,2032,817
91530,2033,825
91530,2034,826
91530,2035,826
91530,2036,834
91530,2037,840
91530,2038,846
91530,2039,848
91530,2040,853
91530,2041,845
91530,2042,849
91536,2005,1065
91536,2006,1060
91536,2007,1051
91536,2008,1052
91536,2009,1043
91536,2010,1042
91536,2011,1048
91536,2012,1035
91536,2013,1023
91536,2014,1007
91536,2015,1002
91536,2016,1003
91536,2017,1004
91536,2018,1016
91536,2019,1026
91536,2020,1043
91536,2021,1037
91536,2022,1048
91536,2023,1067
91536,2024,1067
91536,2025,1080
91536,2026,1073
91536,2027,1080
91536,2028,1090
91536,2029,1092
91536,2030,1095
91536,2031,1110
91536,2032,1103
91536,2033,1114
91536,2034,1124
91536,2035,1125
91536,2036,1128
91536,2037,1128
91536,2038,1141
91536,2039,1142
91536,2040,1146
91536,2041,1149
91536,2042,1164
91540,2005,6527
91540,2006,6775
91540,2007,7024
91540,2008,7236
91540,2009,7493
91540,2010,7761
91540,2011,8014
91540,2012,8295
91540,2013,8553
91540,2014,8838
91540,2015,9089
91540,2016,9313
91540,2017,9523
91540,2018,9735
91540,2019,10018
91540,2020,10319
91540,2021,10559
91540,2022,10770
91540,2023,10986
91540,2024,11184
91540,2025,11375
91540,2026,11556
91540,2027,11725
91540,2028,11871
91540,2029,12003
91540,2030,12141
91540,2031,12264
91540,2032,12385
91540,2033,12470
91540,2034,12587
91540,2035,12660
91540,2036,12772
91540,2037,12834
91540,2038,12898
91540,2039,12965
91540,2040,13014
91540,2041,13068
91540,2042,13127
91669,2005,1250
91669,2006,1319
91669,2007,1342
91669,2008,1381
91669,2009,1428
91669,2010,1453
91669,2011,1494
91669,2012,1534
91669,2013,1567
91669,2014,1589
91669,2015,1628
91669,2016,1669
91669,2017,1700
91669,2018,1757
91669,2019,1773
91669,2020,1804
91669,2021,1817
91669,2022,1827
91669,2023,1843
91669,2024,1853
91669,2025,1860
91669,2026,1863
91669,2027,1874
91669,2028,1896
91669,2029,1895
91669,2030,1906
91669,2031,1923
91669,2032,1921
91669,2033,1934
91669,2034,1941
91669,2035,1953
91669,2036,1961
91669,2037,1947
91669,2038,1964
91669,2039,1981
91669,2040,1979
91669,2041,1987
91669,2042,2007
91798,2005,2617
91798,2006,2702
91798,2007,2793
91798,2008,2898
91798,2009,3015
91798,2010,3104
91798,2011,3193
91798,2012,3291
91798,2013,3361
91798,2014,3456
91798,2015,3535
91798,2016,3643
91798,2017,3721
91798,2018,3798
91798,2019,3849
91798,2020,3912
91798,2021,3950
91798,2022,3980
91798,2023,3988
91798,2024,4018
91798,2025,4033
91798,2026,4047
91798,2027,4070
91798,2028,4091
91798,2029,4100
91798,2030,4116
91798,2031,4139
91798,2032,4151
91798,2033,4173
91798,2034,4183
91798,2035,4201
91798,2036,4196
91798,2037,4229
91798,2038,4235
91798,2039,4266
91798,2040,4268
91798,2041,4282
91798,2042,4303
94001,2005,20192
94001,2006,20931
94001,2007,21708
94001,2008,22496
94001,2009,23308
94001,2010,24130
94001,2011,24960
94001,2012,25783
94001,2013,26633
94001,2014,27494
94001,2015,28364
94001,2016,29287
94001,2017,30289
94001,2018,31533
94001,2019,32779
94001,2020,34028
94001,2021,35282
94001,2022,36465
94001,2023,37593
94001,2024,38710
94001,2025,39735
94001,2026,40729
94001,2027,41662
94001,2028,42507
94001,2029,43334
94001,2030,44087
94001,2031,44808
94001,2032,45446
94001,2033,46032
94001,2034,46571
94001,2035,47041
94001,2036,47489
94001,2037,47851
94001,2038,48201
94001,2039,48509
94001,2040,48760
94001,2041,48959
94001,2042,49137
94343,2005,4435
94343,2006,4647
94343,2007,4918
94343,2008,5159
94343,2009,5438
94343,2010,5721
94343,2011,5990
94343,2012,6261
94343,2013,6542
94343,2014,6806
94343,2015,7082
94343,2016,7385
94343,2017,7708
94343,2018,8076
94343,2019,8514
94343,2020,9960
94343,2021,10321
94343,2022,10679
94343,2023,11030
94343,2024,11359
94343,2025,11709
94343,2026,12020
94343,2027,12324
94343,2028,12645
94343,2029,12929
94343,2030,13202
94343,2031,13486
94343,2032,13755
94343,2033,13987
94343,2034,14242
94343,2035,14474
94343,2036,14719
94343,2037,14931
94343,2038,15138
94343,2039,15331
94343,2040,15528
94343,2041,15717
94343,2042,15897
94883,2005,1078
94883,2006,1120
94883,2007,1129
94883,2008,1169
94883,2009,1219
94883,2010,1252
94883,2011,1292
94883,2012,1335
94883,2013,1392
94883,2014,1443
94883,2015,1481
94883,2016,1538
94883,2017,1602
94883,2018,1662
94883,2019,1723
94883,2020,1778
94883,2021,1818
94883,2022,1851
94883,2023,1886
94883,2024,1926
94883,2025,1968
94883,2026,2003
94883,2027,2050
94883,2028,2079
94883,2029,2121
94883,2030,2174
94883,2031,2211
94883,2032,2246
94883,2033,2283
94883,2034,2326
94883,2035,2380
94883,2036,2425
94883,2037,2461
94883,2038,2499
94883,2039,2558
94883,2040,2611
94883,2041,2641
94883,2042,2710
94884,2005,1282
94884,2006,1311
94884,2007,1354
94884,2008,1396
94884,2009,1444
94884,2010,1491
94884,2011,1512
94884,2012,1552
94884,2013,1598
94884,2014,1647
94884,2015,1696
94884,2016,1745
94884,2017,1789
94884,2018,1864
94884,2019,1901
94884,2020,1923
94884,2021,1934
94884,2022,1948
94884,2023,1955
94884,2024,1971
94884,2025,1983
94884,2026,1980
94884,2027,1995
94884,2028,2008
94884,2029,2021
94884,2030,2027
94884,2031,2035
94884,2032,2048
94884,2033,2054
94884,2034,2063
94884,2035,2078
94884,2036,2083
94884,2037,2095
94884,2038,2104
94884,2039,2110
94884,2040,2125
94884,2041,2128
94884,2042,2138
94885,2005,209
94885,2006,210
94885,2007,213
94885,2008,241
94885,2009,241
94885,2010,242
94885,2011,240
94885,2012,254
94885,2013,254
94885,2014,257
94885,2015,264
94885,2016,262
94885,2017,265
94885,2018,270
94885,2019,284
94885,2020,289
94885,2021,298
94885,2022,307
94885,2023,313
94885,2024,319
94885,2025,319
94885,2026,319
94885,2027,333
94885,2028,339
94885,2029,347
94885,2030,364
94885,2031,378
94885,2032,386
94885,2033,401
94885,2034,406
94885,2035,415
94885,2036,421
94885,2037,413
94885,2038,424
94885,2039,430
94885,2040,447
94885,2041,462
94885,2042,468
94886,2005,613
94886,2006,634
94886,2007,662
94886,2008,706
94886,2009,714
94886,2010,699
94886,2011,736
94886,2012,763
94886,2013,769
94886,2014,776
94886,2015,787
94886,2016,814
94886,2017,837
94886,2018,849
94886,2019,874
94886,2020,878
94886,2021,881
94886,2022,896
94886,2023,908
94886,2024,902
94886,2025,914
94886,2026,907
94886,2027,915
94886,2028,935
94886,2029,941
94886,2030,945
94886,2031,937
94886,2032,936
94886,2033,945
94886,2034,951
94886,2035,961
94886,2036,954
94886,2037,972
94886,2038,970
94886,2039,970
94886,2040,982
94886,2041,983
94886,2042,981
94887,2005,1243
94887,2006,1327
94887,2007,1354
94887,2008,1396
94887,2009,1435
94887,2010,1485
94887,2011,1546
94887,2012,1589
94887,2013,1624
94887,2014,1669
94887,2015,1724
94887,2016,1778
94887,2017,1844
94887,2018,1896
94887,2019,1911
94887,2020,1949
94887,2021,1962
94887,2022,1981
94887,2023,1990
94887,2024,2001
94887,2025,2011
94887,2026,2016
94887,2027,2029
94887,2028,2040
94887,2029,2044
94887,2030,2053
94887,2031,2061
94887,2032,2070
94887,2033,2083
94887,2034,2098
94887,2035,2099
94887,2036,2105
94887,2037,2130
94887,2038,2129
94887,2039,2132
94887,2040,2142
94887,2041,2158
94887,2042,2164
94888,2005,616
94888,2006,627
94888,2007,662
94888,2008,676
94888,2009,701
94888,2010,718
94888,2011,749
94888,2012,775
94888,2013,796
94888,2014,836
94888,2015,855
94888,2016,862
94888,2017,884
94888,2018,906
94888,2019,930
94888,2020,967
94888,2021,989
94888,2022,1002
94888,2023,1022
94888,2024,1052
94888,2025,1067
94888,2026,1091
94888,2027,1104
94888,2028,1129
94888,2029,1135
94888,2030,1161
94888,2031,1179
94888,2032,1207
94888,2033,1229
94888,2034,1261
94888,2035,1271
94888,2036,1290
94888,2037,1316
94888,2038,1338
94888,2039,1366
94888,2040,1392
94888,2041,1409
94888,2042,1428
95001,2005,49191
95001,2006,48779
95001,2007,48478
95001,2008,48236
95001,2009,48095
95001,2010,48085
95001,2011,48211
95001,2012,48428
95001,2013,48767
95001,2014,49268
95001,2015,49835
95001,2016,50608
95001,2017,51509
95001,2018,52849
95001,2019,53107
95001,2020,53432
95001,2021,53740
95001,2022,53944
95001,2023,54140
95001,2024,54315
95001,2025,54434
95001,2026,54519
95001,2027,54558
95001,2028,54569
95001,2029,54548
95001,2030,54522
95001,2031,54452
95001,2032,54351
95001,2033,54222
95001,2034,54093
95001,2035,53938
95001,2036,53768
95001,2037,53601
95001,2038,53387
95001,2039,53171
95001,2040,52963
95001,2041,52750
95001,2042,52506
95015,2005,7691
95015,2006,7704
95015,2007,7766
95015,2008,7826
95015,2009,7897
95015,2010,7986
95015,2011,8124
95015,2012,8240
95015,2013,8421
95015,2014,8580
95015,2015,8747
95015,2016,8976
95015,2017,9264
95015,2018,9527
95015,2019,9603
95015,2020,9689
95015,2021,9739
95015,2022,9780
95015,2023,9819
95015,2024,9862
95015,2025,9885
95015,2026,9914
95015,2027,9942
95015,2028,9962
95015,2029,9984
95015,2030,9998
95015,2031,9993
95015,2032,10000
95015,2033,10010
95015,2034,10010
95015,2035,10007
95015,2036,10003
95015,2037,9980
95015,2038,9986
95015,2039,9976
95015,2040,9970
95015,2041,9964
95015,2042,9934
95025,2005,10162
95025,2006,10313
95025,2007,10442
95025,2008,10594
95025,2009,10773
95025,2010,10996
95025,2011,11189
95025,2012,11463
95025,2013,11708
95025,2014,11978
95025,2015,12382
95025,2016,12748
95025,2017,13131
95025,2018,13632
95025,2019,13591
95025,2020,13543
95025,2021,13448
95025,2022,13386
95025,2023,13339
95025,2024,13324
95025,2025,13292
95025,2026,13293
95025,2027,13275
95025,2028,13290
95025,2029,13271
95025,2030,13299
95025,2031,13313
95025,2032,13300
95025,2033,13328
95025,2034,13342
95025,2035,13353
95025,2036,13366
95025,2037,13390
95025,2038,13413
95025,2039,13408
95025,2040,13426
95025,2041,13444
95025,2042,13464
95200,2005,6252
95200,2006,6205
95200,2007,6143
95200,2008,6130
95200,2009,6135
95200,2010,6127
95200,2011,6128
95200,2012,6150
95200,2013,6196
95200,2014,6275
95200,2015,6364
95200,2016,6464
95200,2017,6603
95200,2018,6760
95200,2019,6837
95200,2020,6910
95200,2021,6958
95200,2022,6997
95200,2023,7020
95200,2024,7049
95200,2025,7085
95200,2026,7107
95200,2027,7122
95200,2028,7149
95200,2029,7180
95200,2030,7198
95200,2031,7205
95200,2032,7227
95200,2033,7235
95200,2034,7241
95200,2035,7266
95200,2036,7279
95200,2037,7292
95200,2038,7305
95200,2039,7318
95200,2040,7329
95200,2041,7335
95200,2042,7344
97001,2005,18560
97001,2006,19411
97001,2007,20273
97001,2008,21200
97001,2009,22179
97001,2010,23121
97001,2011,24035
97001,2012,24936
97001,2013,25763
97001,2014,26642
97001,2015,27463
97001,2016,28325
97001,2017,29067
97001,2018,29831
97001,2019,30265
97001,2020,30726
97001,2021,31042
97001,2022,31298
97001,2023,31550
97001,2024,31810
97001,2025,32040
97001,2026,32260
97001,2027,32454
97001,2028,32656
97001,2029,32842
97001,2030,33023
97001,2031,33190
97001,2032,33373
97001,2033,33539
97001,2034,33707
97001,2035,33864
97001,2036,34001
97001,2037,34159
97001,2038,34315
97001,2039,34465
97001,2040,34606
97001,2041,34755
97001,2042,34884
97161,2005,1938
97161,2006,2016
97161,2007,2053
97161,2008,2135
97161,2009,2236
97161,2010,2309
97161,2011,2406
97161,2012,2467
97161,2013,2586
97161,2014,2652
97161,2015,2710
97161,2016,2768
97161,2017,2871
97161,2018,2923
97161,2019,2930
97161,2020,2959
97161,2021,2995
97161,2022,3000
97161,2023,3006
97161,2024,3025
97161,2025,3030
97161,2026,3046
97161,2027,3052
97161,2028,3048
97161,2029,3063
97161,2030,3052
97161,2031,3062
97161,2032,3082
97161,2033,3076
97161,2034,3060
97161,2035,3067
97161,2036,3076
97161,2037,3061
97161,2038,3061
97161,2039,3057
97161,2040,3064
97161,2041,3064
97161,2042,3063
97511,2005,2503
97511,2006,2635
97511,2007,2741
97511,2008,2858
97511,2009,2993
97511,2010,3122
97511,2011,3239
97511,2012,3353
97511,2013,3473
97511,2014,3609
97511,2015,3724
97511,2016,3827
97511,2017,3953
97511,2018,4036
97511,2019,4109
97511,2020,4159
97511,2021,4184
97511,2022,4212
97511,2023,4234
97511,2024,4255
97511,2025,4279
97511,2026,4312
97511,2027,4330
97511,2028,4350
97511,2029,4363
97511,2030,4378
97511,2031,4396
97511,2032,4407
97511,2033,4441
97511,2034,4448
97511,2035,4471
97511,2036,4511
97511,2037,4525
97511,2038,4536
97511,2039,4542
97511,2040,4584
97511,2041,4588
97511,2042,4619
97666,2005,1321
97666,2006,1400
97666,2007,1511
97666,2008,1564
97666,2009,1613
97666,2010,1703
97666,2011,1786
97666,2012,1869
97666,2013,1917
97666,2014,1962
97666,2015,2049
97666,2016,2084
97666,2017,2163
97666,2018,2205
97666,2019,2335
97666,2020,2456
97666,2021,2555
97666,2022,2637
97666,2023,2743
97666,2024,2831
97666,2025,2918
97666,2026,2988
97666,2027,3059
97666,2028,3128
97666,2029,3180
97666,2030,3215
97666,2031,3263
97666,2032,3304
97666,2033,3350
97666,2034,3378
97666,2035,3376
97666,2036,3408
97666,2037,3425
97666,2038,3459
97666,2039,3483
97666,2040,3482
97666,2041,3500
97666,2042,3508
97777,2005,474
97777,2006,458
97777,2007,549
97777,2008,564
97777,2009,569
97777,2010,589
97777,2011,588
97777,2012,632
97777,2013,671
97777,2014,667
97777,2015,699
97777,2016,715
97777,2017,726
97777,2018,738
97777,2019,743
97777,2020,749
97777,2021,762
97777,2022,759
97777,2023,759
97777,2024,768
97777,2025,763
97777,2026,768
97777,2027,779
97777,2028,777
97777,2029,782
97777,2030,785
97777,2031,789
97777,2032,800
97777,2033,796
97777,2034,785
97777,2035,802
97777,2036,811
97777,2037,821
97777,2038,812
97777,2039,818
97777,2040,816
97777,2041,826
97777,2042,837
97889,2005,665
97889,2006,738
97889,2007,754
97889,2008,802
97889,2009,804
97889,2010,833
97889,2011,886
97889,2012,908
97889,2013,943
97889,2014,977
97889,2015,993
97889,2016,1018
97889,2017,1031
97889,2018,1041
97889,2019,1066
97889,2020,1086
97889,2021,1103
97889,2022,1103
97889,2023,1091
97889,2024,1086
97889,2025,1112
97889,2026,1116
97889,2027,1108
97889,2028,1132
97889,2029,1127
97889,2030,1147
97889,2031,1133
97889,2032,1145
97889,2033,1146
97889,2034,1147
97889,2035,1158
97889,2036,1157
97889,2037,1178
97889,2038,1175
97889,2039,1193
97889,2040,1182
97889,2041,1191
97889,2042,1190
99001,2005,18606
99001,2006,18847
99001,2007,19091
99001,2008,19307
99001,2009,19529
99001,2010,19727
99001,2011,19914
99001,2012,20047
99001,2013,20136
99001,2014,20287
99001,2015,20399
99001,2016,20553
99001,2017,20646
99001,2018,20946
99001,2019,21558
99001,2020,22205
99001,2021,22705
99001,2022,23131
99001,2023,23536
99001,2024,23959
99001,2025,24341
99001,2026,24697
99001,2027,25045
99001,2028,25383
99001,2029,25695
99001,2030,26035
99001,2031,26329
99001,2032,26634
99001,2033,26928
99001,2034,27188
99001,2035,27468
99001,2036,27724
99001,2037,27972
99001,2038,28214
99001,2039,28451
99001,2040,28664
99001,2041,28885
99001,2042,29084
99524,2005,8435
99524,2006,8583
99524,2007,8735
99524,2008,8902
99524,2009,9025
99524,2010,9154
99524,2011,9303
99524,2012,9426
99524,2013,9584
99524,2014,9667
99524,2015,9755
99524,2016,9863
99524,2017,10046
99524,2018,10126
99524,2019,10234
99524,2020,10365
99524,2021,10437
99524,2022,10503
99524,2023,10549
99524,2024,10603
99524,2025,10672
99524,2026,10694
99524,2027,10720
99524,2028,10744
99524,2029,10760
99524,2030,10750
99524,2031,10766
99524,2032,10781
99524,2033,10790
99524,2034,10763
99524,2035,10742
99524,2036,10730
99524,2037,10706
99524,2038,10681
99524,2039,10643
99524,2040,10614
99524,2041,10581
99524,2042,10527
99624,2005,3192
99624,2006,3342
99624,2007,3402
99624,2008,3479
99624,2009,3538
99624,2010,3612
99624,2011,3657
99624,2012,3713
99624,2013,3766
99624,2014,3836
99624,2015,3916
99624,2016,3942
99624,2017,4028
99624,2018,4067
99624,2019,4110
99624,2020,4143
99624,2021,4168
99624,2022,4177
99624,2023,4187
99624,2024,4170
99624,2025,4170
99624,2026,4149
99624,2027,4151
99624,2028,4136
99624,2029,4099
99624,2030,4092
99624,2031,4068
99624,2032,4036
99624,2033,3998
99624,2034,3970
99624,2035,3930
99624,2036,3910
99624,2037,3879
99624,2038,3844
99624,2039,3809
99624,2040,3781
99624,2041,3739
99624,2042,3716
99773,2005,47411
99773,2006,49206
99773,2007,51087
99773,2008,52965
99773,2009,54899
99773,2010,56821
99773,2011,58728
99773,2012,60663
99773,2013,62571
99773,2014,64438
99773,2015,66322
99773,2016,68305
99773,2017,70339
99773,2018,72563
99773,2019,78147
99773,2020,83751
99773,2021,88904
99773,2022,94013
99773,2023,99157
99773,2024,104385
99773,2025,109555
99773,2026,114650
99773,2027,119708
99773,2028,124682
99773,2029,129556
99773,2030,134333
99773,2031,138978
99773,2032,143512
99773,2033,147906
99773,2034,152134
99773,2035,156224
99773,2036,160168
99773,2037,163971
99773,2038,167595
99773,2039,171093
99773,2040,174410
99773,2041,177582
99773,2042,180609
